baseline_component_ms,baseline_wall_ms,cascade_correct,cascade_predicted,cascade_status,cascade_wall_ms,caseId,chosen_status,cohort,expected,fallback_component_ms,fallback_probability,gemini_baseline_accept,gemini_correct,gemini_predicted,gemini_probability,gemini_status,jev_accept,jev_component_ms,jev_correct,jev_predicted,jev_status,local_correct,local_predicted,local_status,native_confidence,route,safety_accept,safety_human_defer
4133.849340999965,4241.0188029999845,,terminate_account,ok,3375.3798199999146,clinc-test-1003,ok,oos,,2921.068063999992,0.02,False,,terminate_account,0.01,ok,False,363.5823719999753,,terminate_account,ok,,,,0.09,gemini,False,True
2436.3693719999865,2444.823522000108,,exchange_via_app,ok,2248.799125000136,clinc-test-1006,ok,oos,,1750.0341839999892,0.02,False,,card_not_working,0.02,ok,False,480.50705200014636,,verify_my_identity,ok,,,,0.11,gemini,False,True
1915.8431619999465,1927.3966709999368,,exchange_via_app,ok,1935.0231899998616,clinc-test-1009,ok,oos,,1429.1077890000306,0.01,False,,card_not_working,0.01,ok,False,482.52344299992546,,verify_my_identity,ok,,,,0.16,gemini,False,True
1569.4974199999124,1580.2107090000063,,card_arrival,ok,2809.117554999888,clinc-test-1011,ok,oos,,2439.4970029999968,0.23,False,,card_not_working,0.05,ok,False,349.59556299983524,,card_arrival,ok,,,,0.08,gemini,False,True
4505.04610399995,4515.071241999976,,cancel_transfer,ok,1644.9858029996976,clinc-test-1013,ok,oos,,1241.381813999731,0.05,False,,card_delivery_estimate,0.15,ok,False,381.9495009998791,,cancel_transfer,ok,,,,0.25,gemini,False,True
1835.4273980001453,1852.2275870000012,,card_not_working,ok,1841.2845749999397,clinc-test-1018,ok,oos,,1456.6692540000658,0.01,False,,apple_pay_or_google_pay,0.05,ok,False,361.8111420001369,,verify_my_identity,ok,,,,0.15,gemini,False,True
1528.7571509999689,1538.2855299999937,,supported_cards_and_currencies,ok,2791.50615299982,clinc-test-1652,ok,oos,,2415.689781999914,0.01,False,,supported_cards_and_currencies,0.01,ok,False,357.04377300012857,,verify_my_identity,ok,,,,0.09,gemini,False,True
1545.4816519999877,1554.912881999975,,supported_cards_and_currencies,ok,2581.017932999879,clinc-test-1655,ok,oos,,2267.625247000018,0.01,False,,supported_cards_and_currencies,0.01,ok,False,295.7822979998309,,verify_my_identity,ok,,,,0.11,gemini,False,True
1831.4139380000997,1843.0668170000426,,card_acceptance,ok,2352.2032059999183,clinc-test-1657,ok,oos,,2006.3240639998112,0.01,False,,card_acceptance,0.01,ok,False,325.03532400005497,,card_acceptance,ok,,,,0.06,gemini,False,True
2125.8164360001683,2138.7088349997066,,card_acceptance,ok,2920.873265999835,clinc-test-1658,ok,oos,,2453.6597910001874,0.01,False,,supported_cards_and_currencies,0.01,ok,False,442.26703600026667,,,error,,,,,gemini,False,True
1399.622931000078,1411.0954599999823,,supported_cards_and_currencies,ok,1990.1363049999345,clinc-test-1662,ok,oos,,1600.0139950001612,0.01,False,,supported_cards_and_currencies,0.01,ok,False,364.42805200000294,,card_arrival,ok,,,,0.07,gemini,False,True
2074.8448910000734,2085.7823199999984,,supported_cards_and_currencies,ok,2331.2424210000318,clinc-test-1668,ok,oos,,2023.7011239998974,0.01,False,,supported_cards_and_currencies,0.01,ok,False,286.10344800003804,,card_arrival,ok,,,,0.09,gemini,False,True
1567.9153289999813,1578.3852579998784,,supported_cards_and_currencies,ok,3366.168051000219,clinc-test-1669,ok,oos,,3005.084017999936,0.01,False,,supported_cards_and_currencies,0.01,ok,False,340.24520399980247,,verify_my_identity,ok,,,,0.08,gemini,False,True
2412.9330720000435,2422.6491320000496,,supported_cards_and_currencies,ok,3967.355992999859,clinc-test-1670,ok,oos,,3639.536248000106,0.01,False,,supported_cards_and_currencies,0.01,ok,False,306.3476260001771,,verify_my_identity,ok,,,,0.11,gemini,False,True
2116.6291749998927,2126.2478350000456,,extra_charge_on_statement,ok,2381.2721840001177,clinc-test-1671,ok,oos,,2037.789650999941,0.01,False,,extra_charge_on_statement,0.01,ok,False,322.0185449998826,,verify_my_identity,ok,,,,0.07,gemini,False,True
1742.5476949997246,1752.7817049999721,,supported_cards_and_currencies,ok,2463.049351000227,clinc-test-1676,ok,oos,,2068.699490000028,0.01,False,,extra_charge_on_statement,0.01,ok,False,376.20060099987313,,verify_my_identity,ok,,,,0.08,gemini,False,True
3232.138780000154,3243.1660300004296,,card_delivery_estimate,ok,2296.969312999863,clinc-test-2041,ok,oos,,1866.7999060000293,0.05,False,,card_delivery_estimate,0.05,ok,False,411.8232279997319,,transfer_timing,ok,,,,0.45,gemini,False,True
2816.690713999793,2828.663092999952,,transfer_timing,ok,3075.5736129998695,clinc-test-2044,ok,oos,,2735.4247500000056,0.01,False,,transfer_timing,0.01,ok,False,322.75389400008135,,transfer_timing,ok,,,,0.18,gemini,False,True
1634.9817929998972,1647.3633429999463,,transfer_timing,ok,6056.3851629998535,clinc-test-2045,ok,oos,,5661.56727299979,0.01,False,,transfer_timing,0.01,ok,False,366.3011219999753,,transfer_timing,ok,,,,0.36,gemini,False,True
3429.592476000078,3441.230446000118,,transfer_timing,ok,3447.553704000078,clinc-test-2048,ok,oos,,3097.3574210000224,0.68,False,,transfer_timing,0.2,ok,False,326.62609399994835,,transfer_timing,ok,,,,0.81,gemini,False,True
1700.2692680000328,1710.785416000057,,card_not_working,ok,2836.5483109999914,clinc-test-2050,ok,oos,,2393.5358940002043,0.01,False,,transfer_timing,0.01,ok,False,420.88412700011395,,transfer_timing,ok,,,,0.1,gemini,False,True
2722.1354600000195,2733.3360500000417,,card_not_working,ok,1898.8239930002019,clinc-test-2060,ok,oos,,1547.4759209998883,0.01,False,,transfer_timing,0.01,ok,False,333.9746739999391,,verify_my_identity,ok,,,,0.07,gemini,False,True
1966.284447999904,1977.5427859998308,,transfer_timing,ok,2120.0987850001547,clinc-test-2061,ok,oos,,1598.7834250000305,0.01,False,,transfer_timing,0.01,ok,False,497.9314510000404,,verify_my_identity,ok,,,,0.09,gemini,False,True
1687.5288299999665,1699.629098000005,,transfer_timing,ok,1889.8139129998162,clinc-test-2063,ok,oos,,1566.2932370000053,0.01,False,,transfer_timing,0.01,ok,False,300.8263960001059,,transfer_timing,ok,,,,0.2,gemini,False,True
1603.5872949999757,1622.8641940001398,,card_not_working,ok,2205.153539000079,clinc-test-2064,ok,oos,,1753.7621230001096,0.01,False,,card_not_working,0.01,ok,False,426.71192699996755,,verify_my_identity,ok,,,,0.09,gemini,False,True
2366.6743769999593,2375.5601670001633,,transfer_timing,ok,2791.0486550000496,clinc-test-2065,ok,oos,,2489.347187999636,0.01,False,,card_arrival,0.01,ok,False,283.98489800002426,,verify_my_identity,ok,,,,0.09,gemini,False,True
2579.5644310000353,2591.513269999996,,apple_pay_or_google_pay,ok,1905.0304829999804,clinc-test-2132,ok,oos,,1585.2188879998866,0.01,False,,apple_pay_or_google_pay,0.01,ok,False,297.7112770001404,,card_arrival,ok,,,,0.08,gemini,False,True
1560.22057900019,1572.406057999935,,supported_cards_and_currencies,ok,1922.9350319998339,clinc-test-2136,ok,oos,,1577.1869879998267,0.01,False,,supported_cards_and_currencies,0.01,ok,False,325.9570240001194,,supported_cards_and_currencies,ok,,,,0.1,gemini,False,True
2220.76277999999,2230.7710580001585,,supported_cards_and_currencies,ok,2230.6634780000895,clinc-test-2137,ok,oos,,1852.1323669999838,0.01,False,,supported_cards_and_currencies,0.01,ok,False,352.5464419997297,,verify_my_identity,ok,,,,0.1,gemini,False,True
1736.8108160002157,1748.8742649997585,,supported_cards_and_currencies,ok,2519.1347050000913,clinc-test-2143,ok,oos,,2185.1814509998076,0.01,False,,supported_cards_and_currencies,0.01,ok,False,314.5317860003561,,verify_my_identity,ok,,,,0.07,gemini,False,True
2322.635319999885,2334.0503000002354,,supported_cards_and_currencies,ok,1883.3330930001102,clinc-test-2144,ok,oos,,1512.5422920002602,0.01,False,,supported_cards_and_currencies,0.01,ok,False,344.46065300004557,,supported_cards_and_currencies,ok,,,,0.09,gemini,False,True
2646.161174000008,2658.173512000125,,supported_cards_and_currencies,ok,1902.6699019998778,clinc-test-2146,ok,oos,,1580.3044069998432,0.01,False,,card_acceptance,0.01,ok,False,300.7229969999753,,,error,,,,,gemini,False,True
1873.3630760000087,1884.716994999908,,country_support,ok,2198.0580199998803,clinc-test-2147,ok,oos,,1799.2120020003058,0.05,False,,supported_cards_and_currencies,0.01,ok,False,375.82246099971235,,declined_card_payment,ok,,,,0.09,gemini,False,True
1996.1771649997681,2007.1467539998703,,apple_pay_or_google_pay,ok,3209.3264120002277,clinc-test-2149,ok,oos,,2828.933071000036,0.01,False,,apple_pay_or_google_pay,0.01,ok,False,356.29586199996993,,verify_my_identity,ok,,,,0.09,gemini,False,True
2946.3628190001473,2966.093108000001,,apple_pay_or_google_pay,ok,2500.0716359999496,clinc-test-2150,ok,oos,,2127.246765000047,0.02,False,,apple_pay_or_google_pay,0.01,ok,False,346.96654300019145,,verify_my_identity,ok,,,,0.07,gemini,False,True
3297.376874000067,3311.6008230000734,,edit_personal_details,ok,3441.3357320001815,clinc-test-2159,ok,oos,,3046.1735629998147,0.01,False,,request_refund,0.01,ok,False,370.6295809999574,,edit_personal_details,ok,,,,0.17,gemini,False,True
3496.0121570001356,3508.508056000108,,card_payment_not_recognised,ok,2889.5653959999327,clinc-test-2940,ok,oos,,2507.557276000036,0.01,False,,card_payment_not_recognised,0.01,ok,False,359.50703199999407,,card_payment_not_recognised,ok,,,,0.3,gemini,False,True
2842.892611000221,2852.9468999998644,,card_payment_not_recognised,ok,3213.9926609997638,clinc-test-2946,ok,oos,,2862.661248999648,0.01,False,,card_payment_not_recognised,0.02,ok,False,329.7114349999465,,card_payment_not_recognised,ok,,,,0.22,gemini,False,True
1493.0100940000266,1503.7401829999872,,card_not_working,ok,2752.5569959999993,clinc-test-2950,ok,oos,,2397.152773999842,0.01,False,,exchange_via_app,0.01,ok,False,336.0852639998775,,verify_my_identity,ok,,,,0.1,gemini,False,True
1343.4837059997953,1354.0900159999728,,verify_my_identity,ok,1869.8647959996015,clinc-test-2952,ok,oos,,1479.6954749999568,0.01,False,,card_payment_not_recognised,0.01,ok,False,368.23931100033224,,card_payment_not_recognised,ok,,,,0.25,gemini,False,True
2457.9806619999,2468.6516010002233,,apple_pay_or_google_pay,ok,1661.8378010001034,clinc-test-2956,ok,oos,,1350.2119840001687,0.01,False,,verify_my_identity,0.01,ok,False,293.0070869999472,,card_payment_not_recognised,ok,,,,0.2,gemini,False,True
1823.3953089998104,1834.691197999753,,apple_pay_or_google_pay,ok,1998.5545950001106,clinc-test-2957,ok,oos,,1665.2056110003032,0.01,False,,card_not_working,0.01,ok,False,306.6095969998278,,card_payment_not_recognised,ok,,,,0.19,gemini,False,True
1576.9559969999827,1586.399926000042,,card_not_working,ok,2140.8535629999824,clinc-test-2958,ok,oos,,1839.5967459999956,0.01,False,,card_not_working,0.01,ok,False,283.379597999854,,card_payment_not_recognised,ok,,,,0.2,gemini,False,True
2012.6112350001931,2024.7018940001726,,exchange_via_app,ok,3073.375592999626,clinc-test-2960,ok,oos,,2601.963728999719,0.01,False,,apple_pay_or_google_pay,0.01,ok,False,452.4405559999868,,verify_my_identity,ok,,,,0.09,gemini,False,True
1546.3106599999592,1556.763898999896,,apple_pay_or_google_pay,ok,4066.6408940001857,clinc-test-2963,ok,oos,,3652.771125999978,0.02,False,,apple_pay_or_google_pay,0.05,ok,False,394.1228300000075,,verify_my_identity,ok,,,,0.11,gemini,False,True
1426.420609000139,1436.7002979998942,,card_not_working,ok,2903.141364000039,clinc-test-2965,ok,oos,,2563.326090000104,0.01,False,,apple_pay_or_google_pay,0.05,ok,False,321.26289499993436,,verify_my_identity,ok,,,,0.14,gemini,False,True
1473.4620970000979,1482.2571870000102,,card_not_working,ok,7379.715423000045,clinc-test-3150,ok,oos,,7085.8468149998225,0.01,False,,card_not_working,0.01,ok,False,274.935378999915,,verify_my_identity,ok,,,,0.11,gemini,False,True
1504.7160150001291,1513.8972430001013,,activate_my_card,ok,3297.197205999866,clinc-test-3156,ok,oos,,2942.7661840000656,0.15,False,,card_not_working,0.05,ok,False,334.2976249998901,,activate_my_card,ok,,,,0.17,gemini,False,True
2785.299703999888,2796.711323000025,,card_not_working,ok,1808.1744589998852,clinc-test-3159,ok,oos,,1475.2179750001524,0.05,False,,card_not_working,0.05,ok,False,311.66871499991976,,activate_my_card,ok,,,,0.13,gemini,False,True
3404.668556999881,3418.543556000106,,fiat_currency_support,ok,1829.1367579996586,clinc-test-3166,ok,oos,,1461.76301600039,0.05,False,,country_support,0.05,ok,False,345.09756299993023,,atm_support,ok,,,,0.57,gemini,False,True
10148.249150000047,10158.862748999847,,activate_my_card,ok,2365.065045000054,clinc-test-3168,ok,oos,,1996.298703999957,0.01,False,,activate_my_card,0.01,ok,False,334.6005339999683,,verify_my_identity,ok,,,,0.1,gemini,False,True
1457.9840979999863,1468.0558670000173,,card_not_working,ok,2070.320779999718,clinc-test-3170,ok,oos,,1563.2949589998461,0.01,False,,card_not_working,0.05,ok,False,489.2399720000103,,verify_my_identity,ok,,,,0.1,gemini,False,True
1832.8954469999298,1843.5258359999862,,edit_personal_details,ok,1862.1091940000188,clinc-test-3173,ok,oos,,1486.5346840000711,0.05,False,,edit_personal_details,0.05,ok,False,356.202872000169,,edit_personal_details,ok,,,,0.07,gemini,False,True
1869.6279060002416,1887.6486039999872,,card_not_working,ok,3724.6289730002172,clinc-test-3175,ok,oos,,3333.4391339998692,0.01,False,,card_not_working,0.01,ok,False,371.0343410000205,,verify_my_identity,ok,,,,0.11,gemini,False,True
1561.4431989998557,1571.7167179998942,,card_not_working,ok,3311.5313939996995,clinc-test-3178,ok,oos,,2936.231713999994,0.01,False,,card_not_working,0.01,ok,False,355.5886429999955,,edit_personal_details,ok,,,,0.1,gemini,False,True
2206.3184990000445,2217.479177000001,,card_not_working,ok,3335.203469999833,clinc-test-3179,ok,oos,,2959.054238999961,0.01,False,,card_not_working,0.01,ok,False,352.44871299993247,,verify_my_identity,ok,,,,0.1,gemini,False,True
1629.4840339999646,1639.691724000033,,country_support,ok,2590.6057880003937,clinc-test-3240,ok,oos,,2175.752239999827,0.01,False,,card_not_working,0.01,ok,False,393.1286290003918,,exchange_rate,ok,,,,0.29,gemini,False,True
1775.3178119999357,1788.668740999885,,country_support,ok,2029.074743000092,clinc-test-3246,ok,oos,,1648.9103919998743,0.02,False,,exchange_via_app,0.01,ok,False,356.0667620000895,,exchange_rate,ok,,,,0.22,gemini,False,True
1522.9464130001143,1536.033671000041,,country_support,ok,2037.627113000024,clinc-test-3247,ok,oos,,1707.423928000033,0.01,False,,country_support,0.01,ok,False,305.8849670002237,,country_support,ok,,,,0.21,gemini,False,True
2886.0168829998,2896.9832410002127,,country_support,ok,3603.334191000089,clinc-test-3249,ok,oos,,3290.718365000095,0.01,False,,country_support,0.01,ok,False,291.35872799996287,,country_support,ok,,,,0.23,gemini,False,True
1631.2310620001517,1642.1788820000365,,country_support,ok,2041.257803000044,clinc-test-3251,ok,oos,,1587.5531970001757,0.05,False,,country_support,0.05,ok,False,433.80728599987924,,country_support,ok,,,,0.22,gemini,False,True
1656.7717820000835,1666.7236320001539,,country_support,ok,2849.4610920001287,clinc-test-3253,ok,oos,,2439.934401999926,0.01,False,,country_support,0.05,ok,False,389.46888000005856,,exchange_rate,ok,,,,0.19,gemini,False,True
3190.776893999893,3203.46489199996,,fiat_currency_support,ok,1877.8513739998452,clinc-test-3255,ok,oos,,1545.3259000000544,0.01,False,,country_support,0.01,ok,False,312.6934360000305,,exchange_rate,ok,,,,0.17,gemini,False,True
2867.115459000226,2876.2768489997834,,country_support,ok,2930.930833999999,clinc-test-3265,ok,oos,,2582.6430709999986,0.01,False,,country_support,0.01,ok,False,328.9001149996184,,exchange_rate,ok,,,,0.36,gemini,False,True
1762.8119839997962,1774.1750620002858,,country_support,ok,2066.997339999769,clinc-test-3268,ok,oos,,1726.46706599975,0.05,False,,country_support,0.01,ok,False,317.895814999938,,exchange_rate,ok,,,,0.24,gemini,False,True
1603.297096000053,1615.4227849999443,,country_support,ok,2297.2013520000037,clinc-test-3269,ok,oos,,1939.8764190000948,0.01,False,,country_support,0.01,ok,False,338.9586030000355,,exchange_rate,ok,,,,0.23,gemini,False,True
1610.2196959999856,1623.2788250001613,,card_not_working,ok,1968.864857000066,clinc-test-3930,ok,oos,,1567.9671780001372,0.01,False,,card_not_working,0.01,ok,False,378.31821999978274,,card_arrival,ok,,,,0.09,gemini,False,True
2009.2175850002095,2020.7427429999225,,apple_pay_or_google_pay,ok,1815.5376410000026,clinc-test-3931,ok,oos,,1410.3367409999482,0.05,False,,apple_pay_or_google_pay,0.01,ok,False,382.40704099973664,,verify_my_identity,ok,,,,0.1,gemini,False,True
2844.260021999944,2853.7525910001714,,apple_pay_or_google_pay,ok,2653.5349249998108,clinc-test-3932,ok,oos,,2297.411153000081,0.01,False,,apple_pay_or_google_pay,0.01,ok,False,332.3890450000763,,verify_my_identity,ok,,,,0.12,gemini,False,True
2344.365839000093,2355.8129179999232,,exchange_via_app,ok,3240.429670999991,clinc-test-3937,ok,oos,,2928.4310540000442,0.01,False,,exchange_via_app,0.01,ok,False,292.9847380002029,,transfer_timing,ok,,,,0.45,gemini,False,True
3853.42799999984,3871.23029899993,,apple_pay_or_google_pay,ok,3998.3636999998707,clinc-test-3940,ok,oos,,3627.746828999836,0.01,False,,apple_pay_or_google_pay,0.01,ok,False,352.1113529999275,,verify_my_identity,ok,,,,0.11,gemini,False,True
1418.4295899998397,1427.1828489999752,,card_not_working,ok,2117.3039659999777,clinc-test-3941,ok,oos,,1631.95223299996,0.01,False,,card_not_working,0.05,ok,False,467.0281730000861,,verify_my_identity,ok,,,,0.11,gemini,False,True
1490.4132659998722,1498.2986349998973,,card_not_working,ok,3356.070801000111,clinc-test-3947,ok,oos,,3006.370968000032,0.01,False,,card_not_working,0.01,ok,False,328.6601149998605,,activate_my_card,ok,,,,0.22,gemini,False,True
1572.737778000068,1581.7143280000892,,card_not_working,ok,2066.5628909999505,clinc-test-3951,ok,oos,,1629.526344000129,0.01,False,,apple_pay_or_google_pay,0.01,ok,False,404.0611290000379,,verify_my_identity,ok,,,,0.11,gemini,False,True
1515.3269120000768,1524.820882000029,,card_not_working,ok,1742.7289449998643,clinc-test-3955,ok,oos,,1414.7461399999447,0.01,False,,card_not_working,0.01,ok,False,307.07867600000463,,activate_my_card,ok,,,,0.24,gemini,False,True
1732.3805549999233,1744.6727229999378,,card_linking,ok,2511.6269249999896,clinc-test-3959,ok,oos,,2125.169285000069,0.05,False,,apple_pay_or_google_pay,0.01,ok,False,366.0225410000421,,verify_my_identity,ok,,,,0.11,gemini,False,True
2265.4625340001658,2274.527502999874,,why_verify_identity,ok,2779.0916039999574,clinc-test-4140,ok,oos,,2435.87864000001,0.01,False,,edit_personal_details,0.01,ok,False,321.9695049999282,,verify_my_identity,ok,,,,0.1,gemini,False,True
1468.3137680001091,1478.3994370000437,,age_limit,ok,2231.3951659998856,clinc-test-4142,ok,oos,,1835.6548070001882,0.01,False,,exchange_via_app,0.01,ok,False,374.31277099996805,,verify_my_identity,ok,,,,0.08,gemini,False,True
1715.8533169999719,1729.2251270001289,,exchange_via_app,ok,2075.79424800002,clinc-test-4148,ok,oos,,1654.2409600000829,0.01,False,,exchange_via_app,0.01,ok,False,401.63564899982885,,verify_my_identity,ok,,,,0.1,gemini,False,True
1868.349976000376,1878.292074999772,,fiat_currency_support,ok,2491.4964569997974,clinc-test-4150,ok,oos,,2097.497028000187,0.01,False,,country_support,0.01,ok,False,372.23420100007206,,verify_my_identity,ok,,,,0.08,gemini,False,True
3609.4116499996744,3621.4242200003937,,age_limit,ok,1995.0511060003191,clinc-test-4154,ok,oos,,1594.3379959999584,0.01,False,,card_acceptance,0.01,ok,False,365.6814210000448,,verify_my_identity,ok,,,,0.1,gemini,False,True
2690.060260999948,2700.5251400000416,,why_verify_identity,ok,2901.7412350000814,clinc-test-4157,ok,oos,,2550.4451619999018,0.01,False,,passcode_forgotten,0.01,ok,False,313.12505599996075,,verify_my_identity,ok,,,,0.09,gemini,False,True
2232.9192179997917,2246.859845999861,,supported_cards_and_currencies,ok,2727.666019999888,clinc-test-4163,ok,oos,,2327.055712000001,0.01,False,,card_not_working,0.01,ok,False,380.00476999999955,,verify_my_identity,ok,,,,0.1,gemini,False,True
1510.269261999987,1524.0043719999958,,fiat_currency_support,ok,2981.276068000123,clinc-test-4164,ok,oos,,2563.3003610000014,0.01,False,,fiat_currency_support,0.01,ok,False,386.6677399999462,,verify_my_identity,ok,,,,0.12,gemini,False,True
2261.6954550000373,2271.5022829999216,,exchange_via_app,ok,1759.1190029999707,clinc-test-4166,ok,oos,,1403.7366220001131,0.02,False,,edit_personal_details,0.02,ok,False,337.97947399993427,,verify_my_identity,ok,,,,0.08,gemini,False,True
2722.20958899986,2731.281186999986,,edit_personal_details,ok,1890.656462999992,clinc-test-4167,ok,oos,,1501.8553629999515,0.01,False,,card_not_working,0.01,ok,False,369.74771200004034,,verify_my_identity,ok,,,,0.09,gemini,False,True
1641.6537740002386,1654.277952000033,,card_not_working,ok,2011.5126139996573,clinc-test-4321,ok,oos,,1688.5119090001099,0.01,False,,edit_personal_details,0.01,ok,False,301.4041160000488,,verify_my_identity,ok,,,,0.08,gemini,False,True
1521.7266929997131,1535.8431920004077,,exchange_via_app,ok,1961.55786800012,clinc-test-4326,ok,oos,,1617.5900849997997,0.01,False,,supported_cards_and_currencies,0.01,ok,False,323.6861140001565,,verify_my_identity,ok,,,,0.09,gemini,False,True
1708.4367269999348,1719.594976999797,,card_acceptance,ok,1887.1119729999918,clinc-test-4335,ok,oos,,1484.7206039999146,0.01,False,,card_acceptance,0.05,ok,False,378.2956209999975,,card_arrival,ok,,,,0.08,gemini,False,True
1492.4232340001035,1503.0677630000282,,supported_cards_and_currencies,ok,1953.4703089999966,clinc-test-4336,ok,oos,,1576.0278979998548,0.01,False,,supported_cards_and_currencies,0.01,ok,False,353.5012929998338,,card_arrival,ok,,,,0.09,gemini,False,True
1445.8475170000456,1457.0976259999443,,card_acceptance,ok,1759.2354129999876,clinc-test-4338,ok,oos,,1384.488001999911,0.01,False,,card_acceptance,0.01,ok,False,355.13675200007856,,card_arrival,ok,,,,0.1,gemini,False,True
2309.1891489999834,2318.8302790001035,,edit_personal_details,ok,3238.3362380000763,clinc-test-4340,ok,oos,,2786.278831999982,0.01,False,,card_not_working,0.01,ok,False,431.91304599982686,,card_arrival,ok,,,,0.08,gemini,False,True
3775.806647000136,3785.995886999881,,card_acceptance,ok,2749.184867999982,clinc-test-4345,ok,oos,,2413.066552999895,0.01,False,,card_not_working,0.01,ok,False,317.25448600016534,,card_arrival,ok,,,,0.07,gemini,False,True
6303.809489000123,6315.419938000152,,supported_cards_and_currencies,ok,4342.22162299999,clinc-test-4346,ok,oos,,3966.8628920000046,0.01,False,,card_not_working,0.01,ok,False,347.2783229998313,,card_arrival,ok,,,,0.1,gemini,False,True
1834.622086999938,1845.2322870001663,,card_acceptance,ok,2322.4833680000156,clinc-test-4347,ok,oos,,1895.189992000116,0.01,False,,supported_cards_and_currencies,0.01,ok,False,404.06890799989924,,card_arrival,ok,,,,0.07,gemini,False,True
2380.4760259999894,2394.2310949997045,,card_acceptance,ok,2806.182373000309,clinc-test-4349,ok,oos,,2453.4479809999466,0.01,False,,card_acceptance,0.01,ok,False,326.0013450002298,,verify_my_identity,ok,,,,0.1,gemini,False,True
3423.8064350001514,3435.909023999702,,card_not_working,ok,3443.896564000286,clinc-test-993,ok,oos,,3096.210702000186,0.05,False,,apple_pay_or_google_pay,0.01,ok,False,327.6078349999152,,verify_my_identity,ok,,,,0.1,gemini,False,True
2656.7936029999983,2665.637632000027,,exchange_via_app,ok,4357.515659000026,clinc-test-994,ok,oos,,4013.4607959999703,0.05,False,,apple_pay_or_google_pay,0.01,ok,False,320.8915150000248,,verify_my_identity,ok,,,,0.13,gemini,False,True
7372.988919999916,7667.224766999949,,card_not_working,ok,1743.2384160000365,clinc-test-998,ok,oos,,1371.4090340000112,0.05,False,,card_not_working,0.05,ok,False,343.41178299998865,,declined_card_payment,ok,,,,0.06,gemini,False,True
2302.7637189999223,2314.997788999928,,exchange_via_app,ok,2990.296098000137,clinc-test-999,ok,oos,,2603.5793070001528,0.01,False,,card_not_working,0.05,ok,False,365.3017220001202,,verify_my_identity,ok,,,,0.1,gemini,False,True
2715.938216999988,2729.0083250000607,True,card_arrival,ok,3005.9676050000126,test-0,ok,banking,card_arrival,2596.515466999961,0.8,False,True,card_arrival,0.8,ok,False,387.12707999988925,False,lost_or_stolen_card,ok,False,card_linking,ok,0.93,gemini,False,True
1434.6675689998083,1447.9445689998101,True,top_up_reverted,ok,1948.7339490000159,test-1007,ok,banking,top_up_reverted,1553.3497089999728,0.95,True,True,top_up_reverted,0.95,ok,False,376.32820999994874,True,top_up_reverted,ok,True,top_up_reverted,ok,0.93,gemini,True,False
6321.568437000038,6339.652915999992,True,top_up_reverted,ok,345.6341629999224,test-1009,ok,banking,top_up_reverted,,,True,True,top_up_reverted,0.99,ok,True,333.33230399992317,True,top_up_reverted,ok,True,top_up_reverted,ok,1,jev,True,False
1496.1991029998753,1509.5023219999857,False,top_up_failed,ok,1914.0925809999462,test-1010,ok,banking,top_up_reverted,1582.3390170000494,0.95,False,False,top_up_failed,0.92,ok,False,314.2543560001068,False,top_up_failed,ok,False,balance_not_updated_after_cheque_or_cash_deposit,ok,0.88,gemini,True,False
2064.429257999989,2077.0452569999034,True,top_up_reverted,ok,326.726234999951,test-1018,ok,banking,top_up_reverted,,,True,True,top_up_reverted,1,ok,True,316.39977500005625,True,top_up_reverted,ok,True,top_up_reverted,ok,1,jev,True,False
1572.9550680001266,1585.2295870000962,True,top_up_reverted,ok,383.89506000000983,test-1028,ok,banking,top_up_reverted,,,True,True,top_up_reverted,1,ok,True,372.8146209998522,True,top_up_reverted,ok,True,top_up_reverted,ok,1,jev,True,False
2848.9825960000016,2860.691816000006,True,top_up_reverted,ok,2498.5911840000044,test-1030,ok,banking,top_up_reverted,2118.916784000001,0.85,False,True,top_up_reverted,0.85,ok,False,345.12295299999823,True,top_up_reverted,ok,True,top_up_reverted,ok,0.68,gemini,False,True
1195.0941060000332,1207.6721950001083,True,balance_not_updated_after_cheque_or_cash_deposit,ok,2412.7284409999847,test-1040,ok,banking,balance_not_updated_after_cheque_or_cash_deposit,2056.9390889999922,0.98,True,True,balance_not_updated_after_cheque_or_cash_deposit,0.98,ok,False,338.3442229999928,True,balance_not_updated_after_cheque_or_cash_deposit,ok,True,balance_not_updated_after_cheque_or_cash_deposit,ok,0.99,gemini,True,False
1457.8678660000442,1469.9323149999836,True,balance_not_updated_after_cheque_or_cash_deposit,ok,1860.0878560000565,test-1047,ok,banking,balance_not_updated_after_cheque_or_cash_deposit,1489.9447249999503,0.95,True,True,balance_not_updated_after_cheque_or_cash_deposit,0.95,ok,False,349.8978430000134,True,balance_not_updated_after_cheque_or_cash_deposit,ok,True,balance_not_updated_after_cheque_or_cash_deposit,ok,0.85,gemini,True,False
1554.9886470000492,1565.5609969999641,True,balance_not_updated_after_cheque_or_cash_deposit,ok,335.9113339999458,test-1057,ok,banking,balance_not_updated_after_cheque_or_cash_deposit,,,True,True,balance_not_updated_after_cheque_or_cash_deposit,1,ok,True,326.3017439999385,True,balance_not_updated_after_cheque_or_cash_deposit,ok,True,balance_not_updated_after_cheque_or_cash_deposit,ok,1,jev,True,False
1746.0257139999885,1760.4031420000247,True,exchange_rate,ok,293.78118699998595,test-107,ok,banking,exchange_rate,,,True,True,exchange_rate,0.98,ok,True,280.90612800000235,True,exchange_rate,ok,True,exchange_rate,ok,1,jev,True,False
2652.21877100016,2661.9942290000618,True,balance_not_updated_after_cheque_or_cash_deposit,ok,3324.583849999821,test-1072,ok,banking,balance_not_updated_after_cheque_or_cash_deposit,2988.2179459999315,0.98,True,True,balance_not_updated_after_cheque_or_cash_deposit,0.98,ok,False,317.09930599993095,True,balance_not_updated_after_cheque_or_cash_deposit,ok,True,balance_not_updated_after_cheque_or_cash_deposit,ok,0.77,gemini,True,False
1609.835325,1622.6763340000034,True,balance_not_updated_after_cheque_or_cash_deposit,ok,2224.403636999996,test-1073,ok,banking,balance_not_updated_after_cheque_or_cash_deposit,1876.5747129999945,0.95,False,True,balance_not_updated_after_cheque_or_cash_deposit,0.85,ok,False,324.78285499999765,True,balance_not_updated_after_cheque_or_cash_deposit,ok,True,balance_not_updated_after_cheque_or_cash_deposit,ok,0.9,gemini,True,False
3588.5386500000022,3600.1727400000673,True,balance_not_updated_after_cheque_or_cash_deposit,ok,358.2772029999178,test-1077,ok,banking,balance_not_updated_after_cheque_or_cash_deposit,,,True,True,balance_not_updated_after_cheque_or_cash_deposit,1,ok,True,345.90404300007503,True,balance_not_updated_after_cheque_or_cash_deposit,ok,True,balance_not_updated_after_cheque_or_cash_deposit,ok,1,jev,True,False
2355.253719000146,2365.134367000079,False,compromised_card,ok,2835.5384680000134,test-1090,ok,banking,card_payment_not_recognised,2448.1293490000535,0.92,False,False,compromised_card,0.85,ok,False,366.36828999989666,True,card_payment_not_recognised,ok,True,card_payment_not_recognised,ok,0.77,gemini,False,True
1792.8901189999888,1803.0320979999378,False,compromised_card,ok,1783.410011,test-1092,ok,banking,card_payment_not_recognised,1433.7197790000355,0.85,False,True,card_payment_not_recognised,0.8,ok,False,322.60106399992947,False,compromised_card,ok,True,card_payment_not_recognised,ok,0.53,gemini,False,True
2277.186022000001,2290.305631,True,card_payment_not_recognised,ok,2128.2723619999997,test-1093,ok,banking,card_payment_not_recognised,1736.052143,0.95,True,True,card_payment_not_recognised,0.95,ok,False,363.728932,True,card_payment_not_recognised,ok,True,card_payment_not_recognised,ok,0.72,gemini,True,False
1840.8027180000208,1851.082435999997,True,card_payment_not_recognised,ok,404.7219190001488,test-1098,ok,banking,card_payment_not_recognised,,,True,True,card_payment_not_recognised,1,ok,True,395.88463900005445,True,card_payment_not_recognised,ok,True,card_payment_not_recognised,ok,1,jev,True,False
1808.4834290000144,1820.7419379998464,True,card_payment_not_recognised,ok,1710.826146000065,test-1109,ok,banking,card_payment_not_recognised,1400.689071000088,0.85,True,True,card_payment_not_recognised,0.95,ok,False,287.31401799991727,True,card_payment_not_recognised,ok,False,verify_source_of_funds,ok,0.83,gemini,False,True
1541.7073889999883,1553.6582389999821,True,card_payment_not_recognised,ok,2646.521172000008,test-1117,ok,banking,card_payment_not_recognised,2318.755508000002,0.9,True,True,card_payment_not_recognised,0.95,ok,False,307.0656960000051,True,card_payment_not_recognised,ok,False,extra_charge_on_statement,ok,0.89,gemini,False,True
1513.3202210000018,1526.239241000032,True,edit_personal_details,ok,297.9092570000794,test-1121,ok,banking,edit_personal_details,,,True,True,edit_personal_details,1,ok,True,284.5830480000004,True,edit_personal_details,ok,True,edit_personal_details,ok,1,jev,True,False
1549.0341790000093,1558.7314079999924,True,edit_personal_details,ok,327.3577649999934,test-1138,ok,banking,edit_personal_details,,,True,True,edit_personal_details,1,ok,True,318.4032349999761,True,edit_personal_details,ok,True,edit_personal_details,ok,1,jev,True,False
1780.9300000000512,1794.1550980000757,True,edit_personal_details,ok,374.82030099991243,test-1144,ok,banking,edit_personal_details,,,True,True,edit_personal_details,1,ok,True,364.3927210000111,True,edit_personal_details,ok,True,edit_personal_details,ok,1,jev,True,False
1474.9934059998486,1486.6888150000013,True,edit_personal_details,ok,325.8192440001294,test-1145,ok,banking,edit_personal_details,,,True,True,edit_personal_details,1,ok,True,314.93855599989183,True,edit_personal_details,ok,True,edit_personal_details,ok,1,jev,True,False
1471.6076050000265,1483.3739849999547,True,edit_personal_details,ok,345.5595229999162,test-1149,ok,banking,edit_personal_details,,,True,True,edit_personal_details,1,ok,True,336.42697299993597,True,edit_personal_details,ok,True,edit_personal_details,ok,1,jev,True,False
1601.9492359999567,1611.2653040001169,True,exchange_rate,ok,371.95776099991053,test-115,ok,banking,exchange_rate,,,True,True,exchange_rate,0.98,ok,True,364.113791000098,True,exchange_rate,ok,True,exchange_rate,ok,1,jev,True,False
1496.0245030000806,1505.7901130001992,True,edit_personal_details,ok,296.6984769999981,test-1154,ok,banking,edit_personal_details,,,True,True,edit_personal_details,1,ok,True,288.46060700016096,True,edit_personal_details,ok,True,edit_personal_details,ok,1,jev,True,False
1353.0137849999592,1363.8674040001351,True,edit_personal_details,ok,352.65336299990304,test-1159,ok,banking,edit_personal_details,,,True,True,edit_personal_details,1,ok,True,340.7837429998908,True,edit_personal_details,ok,True,edit_personal_details,ok,1,jev,True,False
1787.9125300000305,1797.7193500000285,True,why_verify_identity,ok,3964.4495899999747,test-1167,ok,banking,why_verify_identity,3671.5012330000172,0.95,True,True,why_verify_identity,0.95,ok,False,273.1382980000344,True,why_verify_identity,ok,True,why_verify_identity,ok,0.5,gemini,True,False
1488.973566000117,1500.2370539999101,True,why_verify_identity,ok,2585.5183289998677,test-1170,ok,banking,why_verify_identity,2209.5699780001305,0.93,True,True,why_verify_identity,0.95,ok,False,351.9865220000502,True,why_verify_identity,ok,True,why_verify_identity,ok,0.47,gemini,False,True
1478.1253939999733,1488.2326529999846,True,why_verify_identity,ok,2340.0971969999955,test-1174,ok,banking,why_verify_identity,1927.5257679999922,1,True,True,why_verify_identity,1,ok,False,388.67459999996936,True,why_verify_identity,ok,True,why_verify_identity,ok,0.99,gemini,True,False
2440.9037830000743,2450.5743019999936,True,why_verify_identity,ok,1998.9602350001223,test-1190,ok,banking,why_verify_identity,1628.8533739999402,1,True,True,why_verify_identity,1,ok,False,349.3887739998754,True,why_verify_identity,ok,True,why_verify_identity,ok,0.99,gemini,True,False
1664.2002199999988,1675.822068999987,True,why_verify_identity,ok,2332.6152689999435,test-1195,ok,banking,why_verify_identity,1996.1508060002234,0.8,False,True,why_verify_identity,0.85,ok,False,309.90925600007176,False,unable_to_verify_identity,ok,True,why_verify_identity,ok,0.68,gemini,False,True
1458.5715569998138,1472.035315999994,True,why_verify_identity,ok,2174.429410000099,test-1196,ok,banking,why_verify_identity,1691.8938680000138,1,True,True,why_verify_identity,1,ok,False,461.1552240001038,True,why_verify_identity,ok,True,why_verify_identity,ok,0.97,gemini,True,False
1687.2854090000037,1695.725148000056,True,why_verify_identity,ok,3056.4203319998924,test-1199,ok,banking,why_verify_identity,2713.1117400000803,1,True,True,why_verify_identity,1,ok,False,312.4255650001578,True,why_verify_identity,ok,True,why_verify_identity,ok,0.99,gemini,True,False
2722.808036000002,2734.189975999994,True,unable_to_verify_identity,ok,1915.5567000000738,test-1201,ok,banking,unable_to_verify_identity,1560.2543379999697,0.95,True,True,unable_to_verify_identity,0.95,ok,False,325.82169400004204,True,unable_to_verify_identity,ok,True,unable_to_verify_identity,ok,0.98,gemini,True,False
1607.295873999945,1620.3414740000153,True,unable_to_verify_identity,ok,2127.9459539999953,test-1210,ok,banking,unable_to_verify_identity,1772.3575309999287,0.98,True,True,unable_to_verify_identity,1,ok,False,334.0479139999952,True,unable_to_verify_identity,ok,True,unable_to_verify_identity,ok,0.98,gemini,True,False
1378.895341000054,1390.0528509999858,True,unable_to_verify_identity,ok,1773.465021000011,test-1212,ok,banking,unable_to_verify_identity,1461.6757539999671,0.98,True,True,unable_to_verify_identity,0.98,ok,False,283.9675869999919,True,unable_to_verify_identity,ok,True,unable_to_verify_identity,ok,0.97,gemini,True,False
1788.769440999953,1804.2306099999696,True,unable_to_verify_identity,ok,1756.1332050000783,test-1217,ok,banking,unable_to_verify_identity,1398.687802000204,0.98,True,True,unable_to_verify_identity,0.98,ok,False,335.0298540000804,True,unable_to_verify_identity,ok,True,unable_to_verify_identity,ok,0.96,gemini,True,False
1498.1832709999871,1507.8955599999754,True,unable_to_verify_identity,ok,3899.1960919999983,test-1221,ok,banking,unable_to_verify_identity,3460.269726999977,0.85,False,True,unable_to_verify_identity,0.88,ok,False,406.85259700001916,True,unable_to_verify_identity,ok,True,unable_to_verify_identity,ok,0.76,gemini,False,True
1453.5774979998823,1468.5455559999682,True,unable_to_verify_identity,ok,2890.1263459997717,test-1229,ok,banking,unable_to_verify_identity,2570.190871000057,0.98,True,True,unable_to_verify_identity,0.98,ok,False,296.7765069999732,True,unable_to_verify_identity,ok,True,unable_to_verify_identity,ok,0.91,gemini,True,False
1492.8816140000126,1502.3653840000043,True,card_payment_wrong_exchange_rate,ok,2106.7534149999847,test-123,ok,banking,card_payment_wrong_exchange_rate,1767.6535609999555,0.98,True,True,card_payment_wrong_exchange_rate,1,ok,False,317.83111500000814,True,card_payment_wrong_exchange_rate,ok,True,card_payment_wrong_exchange_rate,ok,0.97,gemini,True,False
1590.5589769999497,1603.2320950001013,True,unable_to_verify_identity,ok,1712.7849250000436,test-1239,ok,banking,unable_to_verify_identity,1363.2501139999367,0.98,True,True,unable_to_verify_identity,1,ok,False,327.3100829999894,True,unable_to_verify_identity,ok,True,unable_to_verify_identity,ok,0.91,gemini,True,False
1747.9542030000594,1759.0191430000123,False,card_arrival,ok,2284.185310999863,test-1243,ok,banking,get_physical_card,1939.570458999835,0.85,True,False,card_arrival,0.95,ok,False,328.88660499989055,False,card_arrival,ok,True,get_physical_card,ok,0.36,gemini,False,True
1596.2677150000818,1606.645693999948,False,change_pin,ok,1677.970627999981,test-1246,ok,banking,get_physical_card,1291.3775590000441,0.85,False,False,change_pin,0.8,ok,False,364.13939200004097,False,change_pin,ok,True,get_physical_card,ok,0.81,gemini,False,True
2561.2778780000226,2571.7279569999955,False,change_pin,ok,4530.45132599998,test-1258,ok,banking,get_physical_card,4145.876266000007,0.92,True,False,change_pin,0.95,ok,False,363.6255020000099,False,pin_blocked,ok,True,get_physical_card,ok,0.41,gemini,False,True
1422.1700989999808,1432.0008379998617,False,change_pin,ok,3865.2465719999745,test-1265,ok,banking,get_physical_card,3477.3345320001245,0.85,False,False,change_pin,0.85,ok,False,366.57686199992895,False,change_pin,ok,True,get_physical_card,ok,0.55,gemini,False,True
2007.8514349999605,2024.2516939999769,False,change_pin,ok,1998.997054999927,test-1267,ok,banking,get_physical_card,1579.5959180000937,0.55,False,False,change_pin,0.85,ok,False,395.5540490000276,False,change_pin,ok,True,get_physical_card,ok,0.83,gemini,False,True
1740.3670939999865,1756.6159730000072,False,change_pin,ok,1963.5909859999956,test-1272,ok,banking,get_physical_card,1645.2415810000093,0.8,False,False,change_pin,0.8,ok,False,294.93076700001257,False,change_pin,ok,True,get_physical_card,ok,0.7,gemini,False,True
1475.1328249999788,1488.565952999983,True,visa_or_mastercard,ok,356.6948730000295,test-1288,ok,banking,visa_or_mastercard,,,True,True,visa_or_mastercard,1,ok,True,338.2219739999855,True,visa_or_mastercard,ok,True,visa_or_mastercard,ok,1,jev,True,False
1303.9128200002015,1313.991388999857,True,visa_or_mastercard,ok,6014.615151999984,test-1299,ok,banking,visa_or_mastercard,5588.876114000101,0.85,False,True,visa_or_mastercard,0.85,ok,False,404.1806290000677,True,visa_or_mastercard,ok,False,card_not_working,ok,0.87,gemini,False,True
1447.054056999972,1457.8670459999703,True,visa_or_mastercard,ok,354.24275299999863,test-1307,ok,banking,visa_or_mastercard,,,True,True,visa_or_mastercard,1,ok,True,345.7006430000765,True,visa_or_mastercard,ok,True,visa_or_mastercard,ok,1,jev,True,False
1588.8283760000486,1597.982645999873,True,visa_or_mastercard,ok,2068.4132910000626,test-1308,ok,banking,visa_or_mastercard,1638.2158030001447,1,True,True,visa_or_mastercard,1,ok,False,410.207277999958,True,visa_or_mastercard,ok,True,visa_or_mastercard,ok,0.98,gemini,True,False
1389.4053009999916,1400.7453110001516,True,visa_or_mastercard,ok,4492.243368000025,test-1313,ok,banking,visa_or_mastercard,4158.207084999885,0.95,False,True,visa_or_mastercard,0.93,ok,False,314.5430659998674,True,visa_or_mastercard,ok,True,visa_or_mastercard,ok,0.97,gemini,True,False
1440.3853270000545,1454.4132860000245,True,visa_or_mastercard,ok,1787.9862300000386,test-1317,ok,banking,visa_or_mastercard,1452.9372160000494,0.98,True,True,visa_or_mastercard,0.98,ok,False,312.1728550000116,True,visa_or_mastercard,ok,True,visa_or_mastercard,ok,0.91,gemini,True,False
1426.2506780000404,1438.8434569999808,True,visa_or_mastercard,ok,2047.8976909999037,test-1318,ok,banking,visa_or_mastercard,1703.6796669999603,1,True,True,visa_or_mastercard,1,ok,False,322.21851500007324,True,visa_or_mastercard,ok,True,visa_or_mastercard,ok,0.97,gemini,True,False
1520.5405119999778,1530.226850999985,True,card_payment_wrong_exchange_rate,ok,2131.588094000006,test-133,ok,banking,card_payment_wrong_exchange_rate,1756.8067330000922,0.98,True,True,card_payment_wrong_exchange_rate,0.98,ok,False,353.89752299990505,True,card_payment_wrong_exchange_rate,ok,True,card_payment_wrong_exchange_rate,ok,0.98,gemini,True,False
2604.6271070002113,2624.275447000051,False,top_up_failed,ok,2209.149099000031,test-1330,ok,banking,topping_up_by_card,1500.2852329998277,0.65,True,False,top_up_failed,0.95,ok,False,681.9073469999712,False,failed_transfer,ok,True,topping_up_by_card,ok,0.75,gemini,False,True
1706.1662559999386,1719.8494250000222,True,topping_up_by_card,ok,2942.08429899998,test-1335,ok,banking,topping_up_by_card,2565.1143490000395,0.88,False,True,topping_up_by_card,0.85,ok,False,357.16943200002424,True,topping_up_by_card,ok,True,topping_up_by_card,ok,0.51,gemini,False,True
2027.8744319999823,2040.5407320000231,False,pending_top_up,ok,1941.8075999999419,test-1338,ok,banking,topping_up_by_card,1605.4006069999887,0.85,False,False,pending_top_up,0.8,ok,False,308.65515699994285,False,top_up_failed,ok,False,top_up_reverted,ok,0.5,gemini,False,True
1610.4719739999855,1628.613282000064,False,receiving_money,ok,3176.5426499999594,test-1346,ok,banking,topping_up_by_card,2800.36520999996,0.95,True,False,receiving_money,0.95,ok,False,351.83230200002436,False,receiving_money,ok,False,transfer_into_account,ok,0.61,gemini,True,False
1596.1939349999884,1603.6620249999687,False,receiving_money,ok,1990.6731950000394,test-1354,ok,banking,topping_up_by_card,1613.4806539999554,0.85,False,False,receiving_money,0.88,ok,False,355.46858200000133,True,topping_up_by_card,ok,False,top_up_limits,ok,0.27,gemini,False,True
1415.6549380000215,1426.3508579999907,False,pending_top_up,ok,1769.5542109999806,test-1358,ok,banking,topping_up_by_card,1460.569145000074,0.9,False,False,pending_top_up,0.93,ok,False,286.99610699992627,False,pending_top_up,ok,False,top_up_failed,ok,0.78,gemini,False,True
1912.263859000057,1927.205537000089,True,disposable_card_limits,ok,290.9109279999975,test-1368,ok,banking,disposable_card_limits,,,True,True,disposable_card_limits,0.98,ok,True,280.94977799989283,True,disposable_card_limits,ok,True,disposable_card_limits,ok,1,jev,True,False
1469.709674999991,1480.1581139999907,True,disposable_card_limits,ok,2408.193941000034,test-1379,ok,banking,disposable_card_limits,2037.1616100000101,0.98,True,True,disposable_card_limits,0.98,ok,False,347.28458300000057,False,get_disposable_virtual_card,ok,True,disposable_card_limits,ok,0.49,gemini,True,False
1545.2734589999309,1554.4937989999307,True,disposable_card_limits,ok,419.55953700002283,test-1384,ok,banking,disposable_card_limits,,,True,True,disposable_card_limits,1,ok,True,410.1328779999167,True,disposable_card_limits,ok,True,disposable_card_limits,ok,1,jev,True,False
1662.8679260000354,1674.2927749999799,True,disposable_card_limits,ok,2561.6577970000217,test-1387,ok,banking,disposable_card_limits,2264.460890000104,1,True,True,disposable_card_limits,1,ok,False,269.36301999993157,True,disposable_card_limits,ok,True,disposable_card_limits,ok,0.99,gemini,True,False
2088.614736999967,2102.356465000077,True,disposable_card_limits,ok,322.29308500001207,test-1392,ok,banking,disposable_card_limits,,,True,True,disposable_card_limits,1,ok,True,311.0820249998942,True,disposable_card_limits,ok,True,disposable_card_limits,ok,1,jev,True,False
2017.2136219999957,2032.0116299999936,True,disposable_card_limits,ok,359.55900200000906,test-1393,ok,banking,disposable_card_limits,,,True,True,disposable_card_limits,0.98,ok,True,339.3596530000068,True,disposable_card_limits,ok,True,disposable_card_limits,ok,1,jev,True,False
1403.3302619999995,1413.9979609999973,True,compromised_card,ok,1687.1608090000009,test-1402,ok,banking,compromised_card,1338.7443459999995,0.95,True,True,compromised_card,0.95,ok,False,325.8173749999987,True,compromised_card,ok,True,compromised_card,ok,0.82,gemini,True,False
1491.5477830000455,1505.7018310000421,True,compromised_card,ok,1825.0469969999976,test-1408,ok,banking,compromised_card,1464.1660660000052,0.95,True,True,compromised_card,0.95,ok,False,335.6717930000741,True,compromised_card,ok,True,compromised_card,ok,0.91,gemini,True,False
2313.3259689999977,2324.256747000036,True,card_payment_wrong_exchange_rate,ok,1896.3418919999385,test-141,ok,banking,card_payment_wrong_exchange_rate,1590.882184999995,0.95,True,True,card_payment_wrong_exchange_rate,0.95,ok,False,284.63739799999166,True,card_payment_wrong_exchange_rate,ok,True,card_payment_wrong_exchange_rate,ok,0.95,gemini,True,False
1691.393699000124,1703.966936999932,True,compromised_card,ok,2078.5303590002004,test-1420,ok,banking,compromised_card,1744.003274000017,0.95,True,True,compromised_card,0.95,ok,False,314.01093599991873,True,compromised_card,ok,True,compromised_card,ok,0.75,gemini,True,False
1509.6940119999927,1521.1270220000297,True,compromised_card,ok,2410.420483000111,test-1431,ok,banking,compromised_card,2049.0847610000055,0.95,True,True,compromised_card,0.95,ok,False,337.9749929999234,True,compromised_card,ok,False,card_about_to_expire,ok,0.99,gemini,True,False
1700.3116879998706,1712.1250770001207,False,card_payment_not_recognised,ok,2076.0532899999525,test-1434,ok,banking,compromised_card,1673.277760000201,0.8,False,True,compromised_card,0.85,ok,False,377.99689100007527,True,compromised_card,ok,True,compromised_card,ok,0.71,gemini,False,True
1563.827986999997,1575.0119450000057,True,compromised_card,ok,2159.6823009999935,test-1436,ok,banking,compromised_card,1760.1059129999776,0.95,True,True,compromised_card,0.98,ok,False,377.71215000000666,True,compromised_card,ok,True,compromised_card,ok,0.99,gemini,True,False
2292.9779019998387,2304.4151419999544,True,compromised_card,ok,2372.824648000067,test-1439,ok,banking,compromised_card,1996.403226000024,0.95,True,True,compromised_card,0.95,ok,False,356.69315299997106,True,compromised_card,ok,True,compromised_card,ok,0.96,gemini,True,False
1625.6929650001694,1637.9872630001046,True,atm_support,ok,2723.206228000112,test-1440,ok,banking,atm_support,2302.319500999991,0.95,True,True,atm_support,0.95,ok,False,396.4864079998806,True,atm_support,ok,True,atm_support,ok,0.84,gemini,True,False
1570.3041080000112,1579.80040800001,True,atm_support,ok,3276.2758059999906,test-1448,ok,banking,atm_support,2886.776896000025,1,True,True,atm_support,0.98,ok,False,370.4730709999567,True,atm_support,ok,True,atm_support,ok,0.97,gemini,True,False
1483.2496640000027,1495.9407939999364,True,atm_support,ok,2104.2507470001,test-1450,ok,banking,atm_support,1605.1815659999847,0.99,True,True,atm_support,0.99,ok,False,478.03852399997413,True,atm_support,ok,False,wrong_amount_of_cash_received,ok,0.99,gemini,True,False
1406.2880100000184,1417.236719999928,True,atm_support,ok,3056.0070309999865,test-1451,ok,banking,atm_support,2719.262938000029,1,True,True,atm_support,1,ok,False,313.3803060000064,True,atm_support,ok,True,atm_support,ok,0.99,gemini,True,False
1520.5321609999519,1541.949818000081,True,atm_support,ok,2036.7015400000382,test-1453,ok,banking,atm_support,1707.6279649999924,1,True,True,atm_support,1,ok,False,310.0031050000107,True,atm_support,ok,True,atm_support,ok,0.99,gemini,True,False
1359.4537230000133,1371.4003830000001,True,atm_support,ok,2137.7691929999855,test-1457,ok,banking,atm_support,1777.3082209999848,0.98,True,True,atm_support,0.98,ok,False,338.7966840000008,True,atm_support,ok,False,card_acceptance,ok,0.84,gemini,True,False
1632.0895819999278,1652.9461009999504,True,atm_support,ok,2295.819958999986,test-1459,ok,banking,atm_support,1879.8698529999238,0.98,True,True,atm_support,1,ok,False,388.12423900002614,True,atm_support,ok,True,atm_support,ok,0.98,gemini,True,False
1618.4808829999529,1626.7186129998881,False,card_payment_not_recognised,ok,2076.3195079998113,test-1484,ok,banking,direct_debit_payment_not_recognised,1631.6729030001443,0.55,False,False,card_payment_not_recognised,0.65,ok,False,426.059847000055,False,extra_charge_on_statement,ok,False,extra_charge_on_statement,ok,0.83,gemini,False,True
1387.73980199988,1399.8787409998477,False,card_payment_not_recognised,ok,1861.9757440001704,test-1492,ok,banking,direct_debit_payment_not_recognised,1561.2032980001532,0.95,False,False,card_payment_not_recognised,0.94,ok,False,281.0867379999254,False,card_payment_not_recognised,ok,True,direct_debit_payment_not_recognised,ok,0.94,gemini,True,False
1749.422084000078,1761.058143000002,True,direct_debit_payment_not_recognised,ok,3303.13802199997,test-1496,ok,banking,direct_debit_payment_not_recognised,2965.6829979999457,0.85,False,True,direct_debit_payment_not_recognised,0.8,ok,False,314.30313599994406,False,receiving_money,ok,True,direct_debit_payment_not_recognised,ok,0.48,gemini,False,True
2883.0329070000444,2892.2947549999226,False,card_payment_not_recognised,ok,2185.6742689998355,test-1498,ok,banking,direct_debit_payment_not_recognised,1735.4502639998682,0.95,True,False,card_payment_not_recognised,0.95,ok,False,429.3887069998309,False,card_payment_not_recognised,ok,True,direct_debit_payment_not_recognised,ok,0.97,gemini,True,False
1564.5030689999985,1576.8504779999785,True,card_arrival,ok,2300.5043000000005,test-15,ok,banking,card_arrival,1990.7761549999996,0.9,False,False,card_delivery_estimate,0.88,ok,False,278.17199800000526,False,card_delivery_estimate,ok,True,card_arrival,ok,0.85,gemini,False,True
1403.3909810000332,1413.2350909999805,True,direct_debit_payment_not_recognised,ok,311.74266500002705,test-1502,ok,banking,direct_debit_payment_not_recognised,,,True,True,direct_debit_payment_not_recognised,0.95,ok,True,300.89470699999947,True,direct_debit_payment_not_recognised,ok,True,direct_debit_payment_not_recognised,ok,1,jev,True,False
3299.076621999964,3311.043010000023,False,request_refund,ok,2054.4608879999723,test-1504,ok,banking,direct_debit_payment_not_recognised,1759.1703419999685,0.8,False,False,card_payment_not_recognised,0.65,ok,False,273.15517899999395,False,card_payment_not_recognised,ok,False,reverted_card_payment?,ok,0.67,gemini,False,True
1480.0176549999742,1494.4382230000338,False,compromised_card,ok,1880.8363329999847,test-1512,ok,banking,direct_debit_payment_not_recognised,1516.4474110000301,0.85,False,False,compromised_card,0.85,ok,False,342.1851730000926,False,compromised_card,ok,True,direct_debit_payment_not_recognised,ok,0.5,gemini,False,True
4087.841790000093,4099.702590000001,True,passcode_forgotten,ok,5009.220525000012,test-1525,ok,banking,passcode_forgotten,4674.825291999965,0.98,True,True,passcode_forgotten,0.98,ok,False,314.06421600002795,True,passcode_forgotten,ok,True,passcode_forgotten,ok,0.96,gemini,True,False
1640.6737519999733,1653.2271609999589,True,card_payment_wrong_exchange_rate,ok,1850.2676250000368,test-153,ok,banking,card_payment_wrong_exchange_rate,1526.017731000029,0.98,True,True,card_payment_wrong_exchange_rate,1,ok,False,286.86115700000664,True,card_payment_wrong_exchange_rate,ok,True,card_payment_wrong_exchange_rate,ok,0.99,gemini,True,False
2010.2096940001938,2019.2179320000578,True,passcode_forgotten,ok,343.4459519998636,test-1531,ok,banking,passcode_forgotten,,,True,True,passcode_forgotten,1,ok,True,332.9588629999198,True,passcode_forgotten,ok,True,passcode_forgotten,ok,1,jev,True,False
1641.7810109999991,1654.8628210000024,True,passcode_forgotten,ok,332.8439340000041,test-1532,ok,banking,passcode_forgotten,,,True,True,passcode_forgotten,1,ok,True,320.12645499999053,True,passcode_forgotten,ok,True,passcode_forgotten,ok,1,jev,True,False
1682.9801499999594,1694.2787689999677,True,passcode_forgotten,ok,359.6755820000544,test-1545,ok,banking,passcode_forgotten,,,True,True,passcode_forgotten,1,ok,True,350.8751419999171,True,passcode_forgotten,ok,True,passcode_forgotten,ok,1,jev,True,False
2044.2089989999658,2055.333018000005,True,passcode_forgotten,ok,300.2343959999853,test-1546,ok,banking,passcode_forgotten,,,True,True,passcode_forgotten,0.99,ok,True,287.42675699997926,True,passcode_forgotten,ok,True,passcode_forgotten,ok,1,jev,True,False
1619.299943999853,1633.1861930000596,True,passcode_forgotten,ok,1917.1226119999774,test-1547,ok,banking,passcode_forgotten,1530.9860210001934,1,True,True,passcode_forgotten,1,ok,False,355.50848300009966,True,passcode_forgotten,ok,True,passcode_forgotten,ok,0.99,gemini,True,False
2163.216910999996,2177.1042000000016,True,passcode_forgotten,ok,2029.613731000005,test-1556,ok,banking,passcode_forgotten,1685.9698579999967,0.95,True,True,passcode_forgotten,0.95,ok,False,319.86257399999886,True,passcode_forgotten,ok,True,passcode_forgotten,ok,0.58,gemini,True,False
1450.2737370000686,1460.617125999881,False,exchange_rate,ok,1904.6278510000557,test-156,ok,banking,card_payment_wrong_exchange_rate,1501.183291999856,0.85,False,False,exchange_rate,0.85,ok,False,379.56211000005715,False,exchange_rate,ok,True,card_payment_wrong_exchange_rate,ok,0.96,gemini,False,True
2340.9706170000136,2352.1040550000034,True,declined_cash_withdrawal,ok,2534.4244299999555,test-1560,ok,banking,declined_cash_withdrawal,2221.1336349999765,0.98,True,True,declined_cash_withdrawal,0.95,ok,False,290.202827000001,True,declined_cash_withdrawal,ok,True,declined_cash_withdrawal,ok,0.93,gemini,True,False
1649.6483299999963,1660.5303790000034,True,card_payment_wrong_exchange_rate,ok,311.8276450000121,test-157,ok,banking,card_payment_wrong_exchange_rate,,,True,True,card_payment_wrong_exchange_rate,1,ok,True,301.4752570000128,True,card_payment_wrong_exchange_rate,ok,True,card_payment_wrong_exchange_rate,ok,1,jev,True,False
1792.7925309999846,1803.4097599999513,True,declined_cash_withdrawal,ok,2559.5515130001586,test-1574,ok,banking,declined_cash_withdrawal,2137.7933950000443,0.98,True,True,declined_cash_withdrawal,0.98,ok,False,401.35652999999,True,declined_cash_withdrawal,ok,True,declined_cash_withdrawal,ok,0.99,gemini,True,False
1803.3813699999591,1814.954018999997,True,declined_cash_withdrawal,ok,335.509103999997,test-1576,ok,banking,declined_cash_withdrawal,,,True,True,declined_cash_withdrawal,1,ok,True,324.4860439999611,True,declined_cash_withdrawal,ok,True,declined_cash_withdrawal,ok,1,jev,True,False
2584.0013780000154,2595.1109180001076,True,declined_cash_withdrawal,ok,2036.5429420000874,test-1578,ok,banking,declined_cash_withdrawal,1625.341863000067,0.98,True,True,declined_cash_withdrawal,0.95,ok,False,389.30692999996245,True,declined_cash_withdrawal,ok,False,declined_card_payment,ok,0.99,gemini,True,False
1658.3708210000186,1669.6679500000319,True,card_payment_wrong_exchange_rate,ok,1832.1087270000135,test-158,ok,banking,card_payment_wrong_exchange_rate,1491.9585540000116,1,True,True,card_payment_wrong_exchange_rate,0.98,ok,False,318.9221649999963,True,card_payment_wrong_exchange_rate,ok,True,card_payment_wrong_exchange_rate,ok,0.99,gemini,True,False
1372.4290219999966,1383.033701999986,True,declined_cash_withdrawal,ok,362.25834100000793,test-1585,ok,banking,declined_cash_withdrawal,,,True,True,declined_cash_withdrawal,1,ok,True,351.1702819999773,True,declined_cash_withdrawal,ok,True,declined_cash_withdrawal,ok,1,jev,True,False
1563.31796700001,1572.9485759999952,True,declined_cash_withdrawal,ok,2433.315079000022,test-1591,ok,banking,declined_cash_withdrawal,2140.704012000002,0.8,True,True,declined_cash_withdrawal,0.95,ok,False,274.0126690000179,True,declined_cash_withdrawal,ok,True,declined_cash_withdrawal,ok,0.55,gemini,False,True
1427.7652389999712,1439.9884270000039,True,declined_cash_withdrawal,ok,320.1389339999296,test-1597,ok,banking,declined_cash_withdrawal,,,True,True,declined_cash_withdrawal,0.98,ok,True,310.76216500008013,True,declined_cash_withdrawal,ok,True,declined_cash_withdrawal,ok,1,jev,True,False
1757.243094000034,1769.1203320000204,True,pending_card_payment,ok,323.44180400000187,test-1600,ok,banking,pending_card_payment,,,True,True,pending_card_payment,0.98,ok,True,311.4428160000243,True,pending_card_payment,ok,True,pending_card_payment,ok,1,jev,True,False
2355.1177850000095,2366.265492999926,True,pending_card_payment,ok,379.873220999958,test-1606,ok,banking,pending_card_payment,,,True,True,pending_card_payment,1,ok,True,370.113480999833,True,pending_card_payment,ok,True,pending_card_payment,ok,1,jev,True,False
1819.2997870000545,1829.6361070000567,True,pending_card_payment,ok,1801.2446490000002,test-1607,ok,banking,pending_card_payment,1448.313366999966,0.95,True,True,pending_card_payment,0.95,ok,False,334.5477739999769,True,pending_card_payment,ok,True,pending_card_payment,ok,0.98,gemini,True,False
2024.8578419999685,2036.830891000107,True,extra_charge_on_statement,ok,2230.4426070000045,test-161,ok,banking,extra_charge_on_statement,1798.143890999956,0.95,True,True,extra_charge_on_statement,0.95,ok,False,404.118238999974,True,extra_charge_on_statement,ok,True,extra_charge_on_statement,ok,0.84,gemini,True,False
1303.4319480000995,1315.7838179999962,True,pending_card_payment,ok,308.2602059999481,test-1615,ok,banking,pending_card_payment,,,True,True,pending_card_payment,1,ok,True,296.3815679999534,True,pending_card_payment,ok,True,pending_card_payment,ok,1,jev,True,False
1487.9840639999893,1499.676032999996,True,pending_card_payment,ok,308.84796499999356,test-1617,ok,banking,pending_card_payment,,,True,True,pending_card_payment,0.95,ok,True,298.6722369999916,True,pending_card_payment,ok,True,pending_card_payment,ok,1,jev,True,False
1681.3350390000269,1695.4616970000789,True,pending_card_payment,ok,346.5903829999734,test-1637,ok,banking,pending_card_payment,,,True,True,pending_card_payment,0.98,ok,True,331.75519399996847,True,pending_card_payment,ok,True,pending_card_payment,ok,1,jev,True,False
1377.3149840000551,1387.9692930000601,True,lost_or_stolen_phone,ok,272.1750780000584,test-1640,ok,banking,lost_or_stolen_phone,,,True,True,lost_or_stolen_phone,1,ok,True,261.88351999991573,True,lost_or_stolen_phone,ok,True,lost_or_stolen_phone,ok,1,jev,True,False
1682.7741300000343,1692.308180000051,True,lost_or_stolen_phone,ok,321.3380050000269,test-1645,ok,banking,lost_or_stolen_phone,,,True,True,lost_or_stolen_phone,1,ok,True,312.4691859999439,True,lost_or_stolen_phone,ok,True,lost_or_stolen_phone,ok,1,jev,True,False
1505.473953000037,1516.4469109999482,False,lost_or_stolen_card,ok,1766.9522219999926,test-1663,ok,banking,lost_or_stolen_phone,1455.865877000033,0.8,False,False,lost_or_stolen_card,0.85,ok,False,290.9239870000165,False,lost_or_stolen_card,ok,True,lost_or_stolen_phone,ok,0.68,gemini,False,True
1454.1922870000126,1467.9206459999841,True,lost_or_stolen_phone,ok,1790.4190109999909,test-1666,ok,banking,lost_or_stolen_phone,1500.3762830000196,0.8,False,True,lost_or_stolen_phone,0.8,ok,False,264.07225899997866,True,lost_or_stolen_phone,ok,True,lost_or_stolen_phone,ok,0.94,gemini,False,True
1628.6575030000095,1639.5751610000007,True,lost_or_stolen_phone,ok,2090.550596999994,test-1667,ok,banking,lost_or_stolen_phone,1770.4329920000018,0.95,False,True,lost_or_stolen_phone,0.85,ok,False,301.4696269999986,True,lost_or_stolen_phone,ok,True,lost_or_stolen_phone,ok,0.86,gemini,True,False
1852.5812350000488,1865.0263649999397,True,lost_or_stolen_phone,ok,1786.5403510000324,test-1670,ok,banking,lost_or_stolen_phone,1379.5984630000312,0.98,True,True,lost_or_stolen_phone,0.98,ok,False,386.41755899996497,True,lost_or_stolen_phone,ok,True,lost_or_stolen_phone,ok,0.97,gemini,True,False
1456.8991660000756,1467.4868959999876,True,lost_or_stolen_phone,ok,1866.4210029999958,test-1676,ok,banking,lost_or_stolen_phone,1496.212041999912,1,True,True,lost_or_stolen_phone,0.98,ok,False,349.90803200006485,True,lost_or_stolen_phone,ok,True,lost_or_stolen_phone,ok,0.93,gemini,True,False
1424.702118000001,1436.4409580000065,True,request_refund,ok,2190.2928089999914,test-1680,ok,banking,request_refund,1697.0045160000009,0.95,True,True,request_refund,0.95,ok,False,468.2727840000007,True,request_refund,ok,True,request_refund,ok,0.99,gemini,True,False
1771.101110999938,1782.5623200000264,True,request_refund,ok,296.68368699995335,test-1681,ok,banking,request_refund,,,True,True,request_refund,0.95,ok,True,283.9572380000027,True,request_refund,ok,True,request_refund,ok,1,jev,True,False
1515.0034330000635,1524.4770130000543,False,extra_charge_on_statement,ok,2105.9358570000622,test-1689,ok,banking,request_refund,1729.0642760000192,0.92,False,False,extra_charge_on_statement,0.9,ok,False,357.6961630000733,False,extra_charge_on_statement,ok,False,card_payment_wrong_exchange_rate,ok,0.62,gemini,False,True
2041.6016710000113,2053.8112809997983,True,extra_charge_on_statement,ok,1994.4922950000037,test-170,ok,banking,extra_charge_on_statement,1650.9452420000453,0.95,True,True,extra_charge_on_statement,0.95,ok,False,320.55155500001274,True,extra_charge_on_statement,ok,True,extra_charge_on_statement,ok,0.97,gemini,True,False
5596.974230000051,5611.289760000014,True,request_refund,ok,333.8560840000282,test-1703,ok,banking,request_refund,,,True,True,request_refund,0.98,ok,True,321.048163999978,True,request_refund,ok,True,request_refund,ok,1,jev,True,False
2118.12349300005,2128.5543130000588,True,request_refund,ok,1856.1166330000851,test-1706,ok,banking,request_refund,1475.8182829999132,0.96,True,True,request_refund,0.95,ok,False,354.628662000061,True,request_refund,ok,True,request_refund,ok,0.96,gemini,True,False
1447.850076999981,1460.0158359999768,True,request_refund,ok,2014.8268639999442,test-1713,ok,banking,request_refund,1721.130726999836,0.8,True,True,request_refund,0.95,ok,False,267.95761899999343,True,request_refund,ok,True,request_refund,ok,0.99,gemini,False,True
1451.4646940000002,1461.919914,False,reverted_card_payment?,ok,3769.189824,test-172,ok,banking,extra_charge_on_statement,3031.6198630000004,0.8,False,False,reverted_card_payment?,0.8,ok,False,712.2096630000001,False,transfer_timing,ok,False,transfer_not_received_by_recipient,ok,0.27,gemini,False,True
1475.707035999978,1487.3621339999372,True,declined_transfer,ok,1887.802931000013,test-1728,ok,banking,declined_transfer,1502.4358230000362,0.85,False,False,top_up_failed,0.85,ok,False,364.4761609999696,True,declined_transfer,ok,True,declined_transfer,ok,0.97,gemini,False,True
1573.4456790001132,1586.551267000148,True,extra_charge_on_statement,ok,2215.1120289999526,test-173,ok,banking,extra_charge_on_statement,1888.6947049999144,0.65,False,True,extra_charge_on_statement,0.65,ok,False,305.1472370000556,True,extra_charge_on_statement,ok,False,verify_source_of_funds,ok,0.73,gemini,False,True
1459.0020059999952,1470.1546360000211,True,declined_transfer,ok,1961.0255659999966,test-1732,ok,banking,declined_transfer,1629.3863229999843,0.98,True,True,declined_transfer,1,ok,False,300.8457059999928,True,declined_transfer,ok,True,declined_transfer,ok,0.99,gemini,True,False
6170.997777999961,6182.76459700003,False,transfer_not_received_by_recipient,ok,2225.364434999996,test-1734,ok,banking,declined_transfer,1507.48697300005,0.4,False,False,failed_transfer,0.42,ok,False,696.9804749999894,False,country_support,ok,True,declined_transfer,ok,0.34,gemini,False,True
1787.633811000036,1797.893429000047,True,declined_transfer,ok,5661.241317000007,test-1740,ok,banking,declined_transfer,5242.051740000024,1,True,True,declined_transfer,1,ok,False,396.78486900008284,True,declined_transfer,ok,True,declined_transfer,ok,0.98,gemini,True,False
2025.675171000068,2038.9333500000648,True,declined_transfer,ok,2009.942592999898,test-1749,ok,banking,declined_transfer,1693.8858280000277,1,True,True,declined_transfer,1,ok,False,291.2738169999793,True,declined_transfer,ok,True,declined_transfer,ok,0.99,gemini,True,False
1703.0316650000168,1713.739184999955,False,declined_card_payment,ok,304.0546959999483,test-1754,ok,banking,declined_transfer,,,True,False,declined_card_payment,0.98,ok,True,294.0768570000073,False,declined_card_payment,ok,True,declined_transfer,ok,1,jev,True,False
2143.1867419999326,2154.5354720000178,False,declined_card_payment,ok,2524.3922419999726,test-1756,ok,banking,declined_transfer,2176.0885100000305,0.98,True,False,declined_card_payment,0.98,ok,False,330.7094939999515,False,declined_card_payment,ok,False,declined_card_payment,ok,0.98,gemini,True,False
1576.9618590000318,1590.4323579999618,True,Refund_not_showing_up,ok,2453.277811000007,test-1772,ok,banking,Refund_not_showing_up,2093.6100689999294,0.95,True,True,Refund_not_showing_up,1,ok,False,336.15751499996986,True,Refund_not_showing_up,ok,True,Refund_not_showing_up,ok,0.97,gemini,True,False
1522.904280000017,1536.0111699999543,True,Refund_not_showing_up,ok,2083.691565999994,test-1773,ok,banking,Refund_not_showing_up,1652.2180710000102,1,True,True,Refund_not_showing_up,0.98,ok,False,406.92319800000405,True,Refund_not_showing_up,ok,True,Refund_not_showing_up,ok,0.99,gemini,True,False
1381.483883000008,1389.8548719999962,True,Refund_not_showing_up,ok,308.5870360000117,test-1777,ok,banking,Refund_not_showing_up,,,True,True,Refund_not_showing_up,1,ok,True,298.8001070000173,True,Refund_not_showing_up,ok,True,Refund_not_showing_up,ok,1,jev,True,False
1409.5308699999878,1420.9753879999917,True,Refund_not_showing_up,ok,332.1460049999878,test-1778,ok,banking,Refund_not_showing_up,,,True,True,Refund_not_showing_up,0.95,ok,True,324.66840399999637,True,Refund_not_showing_up,ok,True,Refund_not_showing_up,ok,1,jev,True,False
2143.832980999956,2154.288829999976,True,Refund_not_showing_up,ok,321.7815960000735,test-1785,ok,banking,Refund_not_showing_up,,,True,True,Refund_not_showing_up,1,ok,True,307.6080559999682,True,Refund_not_showing_up,ok,True,Refund_not_showing_up,ok,1,jev,True,False
1651.3523409999907,1661.2493300000206,True,Refund_not_showing_up,ok,2085.9655979999807,test-1791,ok,banking,Refund_not_showing_up,1736.6231150000822,0.98,True,True,Refund_not_showing_up,1,ok,False,330.4049839999061,True,Refund_not_showing_up,ok,True,Refund_not_showing_up,ok,0.99,gemini,True,False
1446.9747259999858,1460.2586059999885,True,Refund_not_showing_up,ok,2033.9024699999718,test-1795,ok,banking,Refund_not_showing_up,1685.465567999985,0.95,True,True,Refund_not_showing_up,0.98,ok,False,315.36863500007894,True,Refund_not_showing_up,ok,True,Refund_not_showing_up,ok,0.97,gemini,True,False
1421.6542699998245,1431.7028280000668,True,extra_charge_on_statement,ok,2724.8039699997753,test-181,ok,banking,extra_charge_on_statement,2357.929828000022,0.95,True,True,extra_charge_on_statement,0.95,ok,False,345.93251399998553,True,extra_charge_on_statement,ok,True,extra_charge_on_statement,ok,0.98,gemini,True,False
1542.5470900000073,1558.9805499999784,True,declined_card_payment,ok,2135.5807839999907,test-1813,ok,banking,declined_card_payment,1797.1706199999899,0.95,True,True,declined_card_payment,0.95,ok,False,314.031044999836,True,declined_card_payment,ok,True,declined_card_payment,ok,0.61,gemini,True,False
1711.9102249999996,1722.661565000075,True,declined_card_payment,ok,1863.761763999937,test-1819,ok,banking,declined_card_payment,1542.5852789999917,0.95,True,True,declined_card_payment,0.95,ok,False,300.1071359999478,True,declined_card_payment,ok,True,declined_card_payment,ok,0.99,gemini,True,False
1481.8530240000691,1492.0541830000002,True,declined_card_payment,ok,2018.0511430001352,test-1828,ok,banking,declined_card_payment,1551.9685100000352,0.95,True,True,declined_card_payment,0.95,ok,False,446.9644349999726,True,declined_card_payment,ok,False,card_arrival,ok,0.99,gemini,True,False
1848.086246999912,1859.872975999955,True,declined_card_payment,ok,445.5894949999638,test-1830,ok,banking,declined_card_payment,,,False,True,declined_card_payment,0.92,ok,True,435.2678350000642,True,declined_card_payment,ok,True,declined_card_payment,ok,1,jev,True,False
1568.5424989999738,1580.1294569999445,True,declined_card_payment,ok,348.6314429999329,test-1832,ok,banking,declined_card_payment,,,True,True,declined_card_payment,1,ok,True,339.3896339999046,True,declined_card_payment,ok,True,declined_card_payment,ok,1,jev,True,False
1719.9468159999233,1729.6420660000294,True,declined_card_payment,ok,1932.465799999889,test-1834,ok,banking,declined_card_payment,1509.3523019999266,0.95,True,True,declined_card_payment,0.95,ok,False,402.7205300000496,True,declined_card_payment,ok,True,declined_card_payment,ok,0.99,gemini,True,False
1434.259527999995,1447.2166460000153,False,card_not_working,ok,1834.5977160000184,test-1835,ok,banking,declined_card_payment,1523.4156899999944,0.55,False,True,declined_card_payment,0.8,ok,False,289.64455799999996,False,card_not_working,ok,True,declined_card_payment,ok,0.87,gemini,False,True
3644.1463079999667,3655.8958379998803,True,pending_transfer,ok,2061.9147910000756,test-1844,ok,banking,pending_transfer,1577.9154979998711,0.95,True,True,pending_transfer,0.95,ok,False,460.97009499999695,True,pending_transfer,ok,True,pending_transfer,ok,0.99,gemini,True,False
1474.539206000045,1484.5390050001442,True,pending_transfer,ok,1836.914218999911,test-1849,ok,banking,pending_transfer,1517.6621340001002,0.95,True,True,pending_transfer,0.95,ok,False,300.11401700018905,True,pending_transfer,ok,True,pending_transfer,ok,0.83,gemini,True,False
2299.509380000003,2310.9824880000087,True,extra_charge_on_statement,ok,360.3782919999794,test-185,ok,banking,extra_charge_on_statement,,,True,True,extra_charge_on_statement,0.98,ok,True,350.5837719999836,True,extra_charge_on_statement,ok,True,extra_charge_on_statement,ok,1,jev,True,False
1401.1033419999294,1413.0829499999527,False,transfer_timing,ok,404.0132100000046,test-1851,ok,banking,pending_transfer,,,True,False,transfer_timing,0.98,ok,True,383.7097209999338,False,transfer_timing,ok,True,pending_transfer,ok,1,jev,True,False
1639.6097629999276,1652.2365719999652,True,pending_transfer,ok,3876.7756090001203,test-1853,ok,banking,pending_transfer,3548.668795999838,0.95,True,True,pending_transfer,0.95,ok,False,303.2934860000387,True,pending_transfer,ok,True,pending_transfer,ok,0.98,gemini,True,False
1656.6182609999669,1668.7041309999768,True,pending_transfer,ok,333.3342030000058,test-1860,ok,banking,pending_transfer,,,True,True,pending_transfer,0.98,ok,True,323.85735399997793,True,pending_transfer,ok,False,pending_cash_withdrawal,ok,1,jev,True,False
4232.189920000033,4244.87567800004,False,pending_card_payment,ok,2208.2555580000044,test-1866,ok,banking,pending_transfer,1869.4474139999948,0.85,False,False,pending_card_payment,0.8,ok,False,316.3248650000314,False,pending_card_payment,ok,False,pending_card_payment,ok,0.97,gemini,False,True
3050.7565019999165,3064.707991000032,True,terminate_account,ok,430.3978959999513,test-1890,ok,banking,terminate_account,,,True,True,terminate_account,1,ok,True,418.60700799990445,True,terminate_account,ok,True,terminate_account,ok,1,jev,True,False
1660.653081000084,1675.4937589999754,True,terminate_account,ok,348.0327030001208,test-1893,ok,banking,terminate_account,,,True,True,terminate_account,1,ok,True,339.45031300000846,True,terminate_account,ok,True,terminate_account,ok,1,jev,True,False
1582.4586370000034,1594.4680260000168,True,terminate_account,ok,378.1995299999835,test-1894,ok,banking,terminate_account,,,True,True,terminate_account,1,ok,True,367.99657200003276,True,terminate_account,ok,True,terminate_account,ok,1,jev,True,False
2105.400406999979,2116.256395000033,True,terminate_account,ok,440.8982659999747,test-1895,ok,banking,terminate_account,,,True,True,terminate_account,1,ok,True,430.3146159998141,True,terminate_account,ok,True,terminate_account,ok,1,jev,True,False
3053.2700000000186,3063.745559999952,True,terminate_account,ok,362.19845199980773,test-1897,ok,banking,terminate_account,,,True,True,terminate_account,1,ok,True,349.891883000033,True,terminate_account,ok,True,terminate_account,ok,1,jev,True,False
1522.6164319999516,1532.8088620000053,True,terminate_account,ok,339.50148400012404,test-1900,ok,banking,terminate_account,,,True,True,terminate_account,1,ok,True,329.0456139999442,True,terminate_account,ok,True,terminate_account,ok,1,jev,True,False
1337.84858599992,1350.38985399995,True,terminate_account,ok,316.9960849999916,test-1917,ok,banking,terminate_account,,,True,True,terminate_account,1,ok,True,304.41879499994684,True,terminate_account,ok,True,terminate_account,ok,1,jev,True,False
1858.141803000006,1869.9607829999877,True,card_swallowed,ok,1696.4700279999524,test-1928,ok,banking,card_swallowed,1383.1445420000236,1,True,True,card_swallowed,1,ok,False,295.96031700004824,True,card_swallowed,ok,False,wrong_amount_of_cash_received,ok,0.98,gemini,True,False
1555.6257890000124,1564.8329680000024,True,card_swallowed,ok,331.35357400000794,test-1932,ok,banking,card_swallowed,,,True,True,card_swallowed,0.99,ok,True,323.02091400002246,True,card_swallowed,ok,True,card_swallowed,ok,1,jev,True,False
1342.336805000028,1352.1844740000088,True,card_swallowed,ok,404.6173880000133,test-1933,ok,banking,card_swallowed,,,True,True,card_swallowed,1,ok,True,394.7343589999946,True,card_swallowed,ok,True,card_swallowed,ok,1,jev,True,False
1609.4183950000443,1621.262503999984,True,card_swallowed,ok,320.1816350000445,test-1938,ok,banking,card_swallowed,,,True,True,card_swallowed,1,ok,True,310.9202350000851,True,card_swallowed,ok,True,card_swallowed,ok,1,jev,True,False
1750.8674220000103,1764.8899010000023,True,card_swallowed,ok,303.9270060000126,test-1952,ok,banking,card_swallowed,,,True,True,card_swallowed,1,ok,True,290.54078799999843,True,card_swallowed,ok,True,card_swallowed,ok,1,jev,True,False
1425.3363999999128,1434.2392890000483,True,card_swallowed,ok,1909.2127209999599,test-1953,ok,banking,card_swallowed,1533.6090100000147,0.98,True,True,card_swallowed,0.98,ok,False,352.9915819999296,True,card_swallowed,ok,False,declined_card_payment,ok,0.67,gemini,True,False
1550.0467090000166,1563.373237999971,True,transaction_charged_twice,ok,315.5327250000555,test-1965,ok,banking,transaction_charged_twice,,,True,True,transaction_charged_twice,1,ok,True,303.62022599997,True,transaction_charged_twice,ok,True,transaction_charged_twice,ok,1,jev,True,False
2267.1301939999685,2279.6751929998863,True,transaction_charged_twice,ok,360.74494199990295,test-1968,ok,banking,transaction_charged_twice,,,True,True,transaction_charged_twice,1,ok,True,347.3633630000986,True,transaction_charged_twice,ok,True,transaction_charged_twice,ok,1,jev,True,False
2312.810639000032,2330.842427000054,True,transaction_charged_twice,ok,346.90643299999647,test-1972,ok,banking,transaction_charged_twice,,,True,True,transaction_charged_twice,0.98,ok,True,336.45171299995854,True,transaction_charged_twice,ok,True,transaction_charged_twice,ok,1,jev,True,False
1484.974523999961,1496.4006040000822,True,transaction_charged_twice,ok,338.2979139999952,test-1977,ok,banking,transaction_charged_twice,,,True,True,transaction_charged_twice,0.99,ok,True,330.7201739999,True,transaction_charged_twice,ok,True,transaction_charged_twice,ok,1,jev,True,False
1347.8304440000793,1359.953234000015,True,transaction_charged_twice,ok,319.9127940000035,test-1980,ok,banking,transaction_charged_twice,,,True,True,transaction_charged_twice,1,ok,True,310.4899860000005,True,transaction_charged_twice,ok,True,transaction_charged_twice,ok,1,jev,True,False
2655.0393519999925,2670.0411910000257,True,transaction_charged_twice,ok,380.48154099995736,test-1987,ok,banking,transaction_charged_twice,,,True,True,transaction_charged_twice,1,ok,True,368.23111099994276,True,transaction_charged_twice,ok,True,transaction_charged_twice,ok,1,jev,True,False
1442.774597999989,1455.5270960000344,True,transaction_charged_twice,ok,1890.0784720000229,test-1994,ok,banking,transaction_charged_twice,1571.4270679999609,0.98,True,True,transaction_charged_twice,0.98,ok,False,289.3873470000108,True,transaction_charged_twice,ok,True,transaction_charged_twice,ok,0.99,gemini,True,False
1853.6974959999789,1864.70676500001,True,verify_source_of_funds,ok,2525.649733999977,test-2002,ok,banking,verify_source_of_funds,2133.8594839998987,0.88,False,True,verify_source_of_funds,0.88,ok,False,368.62100100005046,True,verify_source_of_funds,ok,True,verify_source_of_funds,ok,0.95,gemini,False,True
1386.8754109999863,1397.9299309999915,True,pending_cash_withdrawal,ok,1725.1295140000293,test-201,ok,banking,pending_cash_withdrawal,1375.2904720000224,0.95,True,True,pending_cash_withdrawal,0.95,ok,False,321.96645499998704,True,pending_cash_withdrawal,ok,True,pending_cash_withdrawal,ok,0.72,gemini,True,False
1755.440252999775,1766.6650410001166,True,verify_source_of_funds,ok,2373.93347300007,test-2016,ok,banking,verify_source_of_funds,2058.974997999845,0.95,True,True,verify_source_of_funds,0.98,ok,False,296.0902270001825,True,verify_source_of_funds,ok,True,verify_source_of_funds,ok,0.97,gemini,True,False
1635.1349629999604,1645.047951999819,True,verify_source_of_funds,ok,1959.984417000087,test-2019,ok,banking,verify_source_of_funds,1609.3934949999675,0.95,False,True,verify_source_of_funds,0.85,ok,False,328.9095939998515,True,verify_source_of_funds,ok,True,verify_source_of_funds,ok,0.96,gemini,True,False
1636.8346810000003,1647.0352399999974,True,pending_cash_withdrawal,ok,347.7638730000035,test-202,ok,banking,pending_cash_withdrawal,,,True,True,pending_cash_withdrawal,1,ok,True,338.9182240000009,True,pending_cash_withdrawal,ok,True,pending_cash_withdrawal,ok,1,jev,True,False
1534.034471000079,1545.1027790000662,True,verify_source_of_funds,ok,332.53869400010444,test-2023,ok,banking,verify_source_of_funds,,,True,True,verify_source_of_funds,1,ok,True,323.70846400014125,True,verify_source_of_funds,ok,True,verify_source_of_funds,ok,1,jev,True,False
2026.468763000099,2038.942003000062,True,verify_source_of_funds,ok,1896.8761229999363,test-2030,ok,banking,verify_source_of_funds,1532.6674409999978,0.55,False,True,verify_source_of_funds,0.45,ok,False,337.83767400006764,True,verify_source_of_funds,ok,True,verify_source_of_funds,ok,0.58,gemini,False,True
1682.7882489999756,1702.9831980001181,True,verify_source_of_funds,ok,1855.954717000015,test-2032,ok,banking,verify_source_of_funds,1477.093986999942,0.85,False,True,verify_source_of_funds,0.85,ok,False,352.77366299997084,True,verify_source_of_funds,ok,True,verify_source_of_funds,ok,0.81,gemini,False,True
1561.3925969999982,1576.558474999969,True,verify_source_of_funds,ok,1766.8433589999331,test-2034,ok,banking,verify_source_of_funds,1444.3947760000592,0.85,False,True,verify_source_of_funds,0.85,ok,False,303.50623599998653,True,verify_source_of_funds,ok,True,verify_source_of_funds,ok,0.88,gemini,False,True
1404.7229100000113,1416.6373990001157,True,transfer_timing,ok,348.79369199997745,test-2047,ok,banking,transfer_timing,,,True,True,transfer_timing,0.98,ok,True,338.9280429999344,True,transfer_timing,ok,False,failed_transfer,ok,1,jev,True,False
1551.3317989999196,1563.2891980001004,True,transfer_timing,ok,2001.302044000011,test-2048,ok,banking,transfer_timing,1700.6110470000422,0.85,False,True,transfer_timing,0.85,ok,False,281.93179799988866,True,transfer_timing,ok,False,balance_not_updated_after_bank_transfer,ok,0.48,gemini,False,True
1711.1810980001464,1724.0443659999873,True,pending_cash_withdrawal,ok,350.2677319999784,test-205,ok,banking,pending_cash_withdrawal,,,True,True,pending_cash_withdrawal,1,ok,True,340.75584400002845,True,pending_cash_withdrawal,ok,True,pending_cash_withdrawal,ok,1,jev,True,False
2158.914770000032,2173.11837000004,False,transfer_into_account,ok,8526.138578000013,test-2051,ok,banking,transfer_timing,8199.134844000044,0.88,False,False,transfer_into_account,0.88,ok,False,305.30845599999884,True,transfer_timing,ok,True,transfer_timing,ok,0.88,gemini,False,True
1407.6857489999966,1418.487078999984,True,transfer_timing,ok,1834.7625460000127,test-2059,ok,banking,transfer_timing,1486.352973000001,0.95,True,True,transfer_timing,0.95,ok,False,314.82976600000984,True,transfer_timing,ok,True,transfer_timing,ok,0.99,gemini,True,False
3410.864763999998,3423.234482,True,transfer_timing,ok,316.01057499999297,test-2069,ok,banking,transfer_timing,,,True,True,transfer_timing,0.98,ok,True,307.7516760000144,True,transfer_timing,ok,True,transfer_timing,ok,1,jev,True,False
1394.8883030000143,1406.4095110001508,False,transfer_into_account,ok,3534.7465249998495,test-2072,ok,banking,transfer_timing,2185.855368999997,0.8,False,False,transfer_into_account,0.85,ok,False,1320.0815759999678,True,transfer_timing,ok,True,transfer_timing,ok,0.9,gemini,False,True
1504.8627419997938,1515.873891999945,True,transfer_timing,ok,1870.5844539999962,test-2077,ok,banking,transfer_timing,1447.6224169998895,0.95,True,True,transfer_timing,0.95,ok,False,398.80540900002234,True,transfer_timing,ok,True,transfer_timing,ok,0.98,gemini,True,False
2563.516520000063,2573.2552089999663,True,reverted_card_payment?,ok,356.07142099994235,test-2081,ok,banking,reverted_card_payment?,,,True,True,reverted_card_payment?,1,ok,True,346.2909729999956,True,reverted_card_payment?,ok,True,reverted_card_payment?,ok,1,jev,True,False
1685.2767789999489,1699.6489279998932,True,reverted_card_payment?,ok,2315.8249109999742,test-2083,ok,banking,reverted_card_payment?,1974.4052770000417,0.85,False,True,reverted_card_payment?,0.8,ok,False,316.7546250000596,True,reverted_card_payment?,ok,True,reverted_card_payment?,ok,0.56,gemini,False,True
1540.6663389999885,1551.352319000027,True,reverted_card_payment?,ok,1830.15271699999,test-2085,ok,banking,reverted_card_payment?,1482.493403999979,0.95,True,True,reverted_card_payment?,0.95,ok,False,326.4326739999815,True,reverted_card_payment?,ok,True,reverted_card_payment?,ok,0.87,gemini,True,False
3017.109766999958,3027.1520060000475,True,pending_cash_withdrawal,ok,2059.8110299999826,test-209,ok,banking,pending_cash_withdrawal,1572.345886999974,0.88,False,True,pending_cash_withdrawal,0.85,ok,False,466.6099740001373,True,pending_cash_withdrawal,ok,True,pending_cash_withdrawal,ok,0.95,gemini,False,True
1341.7769059999846,1353.3168140000198,True,reverted_card_payment?,ok,2194.9441199998837,test-2090,ok,banking,reverted_card_payment?,1835.0502090000082,0.93,False,True,reverted_card_payment?,0.85,ok,False,333.9859249999281,True,reverted_card_payment?,ok,True,reverted_card_payment?,ok,0.71,gemini,False,True
1542.5135490000248,1555.15600800002,False,declined_card_payment,ok,1877.085951999994,test-2092,ok,banking,reverted_card_payment?,1557.4641580000753,0.98,True,False,declined_card_payment,0.98,ok,False,295.214556000079,False,declined_card_payment,ok,False,declined_card_payment,ok,0.99,gemini,True,False
1782.217631000036,1796.528898999968,False,declined_card_payment,ok,2524.171140999999,test-2094,ok,banking,reverted_card_payment?,2211.4427860000287,0.8,False,False,declined_card_payment,0.85,ok,False,288.9067379999906,False,declined_card_payment,ok,False,card_payment_not_recognised,ok,0.94,gemini,False,True
2301.9469620001037,2311.5420209998265,False,declined_card_payment,ok,4793.626610999927,test-2117,ok,banking,reverted_card_payment?,4413.850530000171,0.55,False,False,declined_card_payment,0.55,ok,False,356.86086199991405,False,declined_card_payment,ok,True,reverted_card_payment?,ok,0.61,gemini,False,True
1819.627179000061,1831.0873080000747,True,change_pin,ok,393.73555000009947,test-2127,ok,banking,change_pin,,,True,True,change_pin,1,ok,True,383.68653100007214,True,change_pin,ok,True,change_pin,ok,1,jev,True,False
1537.606490999984,1547.90637099999,True,change_pin,ok,2333.311778000032,test-2132,ok,banking,change_pin,2010.1454830000293,0.98,True,True,change_pin,0.96,ok,False,292.8424769999692,True,change_pin,ok,True,change_pin,ok,0.99,gemini,True,False
1599.4105830000008,1608.6916320000018,True,change_pin,ok,436.7991239999974,test-2133,ok,banking,change_pin,,,True,True,change_pin,1,ok,True,426.27462599999853,True,change_pin,ok,True,change_pin,ok,1,jev,True,False
1342.5636040000245,1351.9986229999922,True,change_pin,ok,1721.918874999974,test-2143,ok,banking,change_pin,1377.6214219999965,0.98,True,True,change_pin,0.98,ok,False,322.32733500003815,True,change_pin,ok,True,change_pin,ok,0.98,gemini,True,False
4456.754093999974,4469.650574000087,True,change_pin,ok,2694.6437109999824,test-2149,ok,banking,change_pin,2193.9214679999277,0.95,True,True,change_pin,0.98,ok,False,472.7926729999017,True,change_pin,ok,True,change_pin,ok,0.95,gemini,True,False
1517.6025120001286,1527.372471000068,True,change_pin,ok,351.46293300017715,test-2158,ok,banking,change_pin,,,True,True,change_pin,1,ok,True,339.8822939998936,True,change_pin,ok,True,change_pin,ok,1,jev,True,False
2432.4088509999565,2446.206528999959,False,failed_transfer,ok,2008.6281230000313,test-2161,ok,banking,beneficiary_not_allowed,1664.7429700000212,0.85,False,False,failed_transfer,0.85,ok,False,321.1923640000168,False,failed_transfer,ok,True,beneficiary_not_allowed,ok,0.51,gemini,False,True
1523.3037899999763,1533.608688999957,False,exchange_via_app,ok,1955.4766470000031,test-2168,ok,banking,beneficiary_not_allowed,1596.9980840000208,0.85,False,False,exchange_via_app,0.88,ok,False,335.25719400000526,False,exchange_via_app,ok,True,beneficiary_not_allowed,ok,0.87,gemini,False,True
1787.6088599999202,1798.4542780000484,True,beneficiary_not_allowed,ok,1876.3254329999909,test-2171,ok,banking,beneficiary_not_allowed,1530.8833199999062,0.85,False,True,beneficiary_not_allowed,0.85,ok,False,320.85016400006134,False,failed_transfer,ok,True,beneficiary_not_allowed,ok,0.58,gemini,False,True
1674.410990000004,1686.7605090001598,False,failed_transfer,ok,2042.5746019999497,test-2178,ok,banking,beneficiary_not_allowed,1709.182896999875,0.8,False,False,failed_transfer,0.8,ok,False,317.62497500004247,False,failed_transfer,ok,True,beneficiary_not_allowed,ok,0.62,gemini,False,True
1567.818947999971,1577.9584370001685,True,beneficiary_not_allowed,ok,2050.1235800001305,test-2182,ok,banking,beneficiary_not_allowed,1637.1235530001577,0.95,True,True,beneficiary_not_allowed,0.95,ok,False,390.21971000009216,False,transfer_into_account,ok,True,beneficiary_not_allowed,ok,0.55,gemini,True,False
1434.6700679999776,1445.923317000037,True,beneficiary_not_allowed,ok,1877.282623999985,test-2184,ok,banking,beneficiary_not_allowed,1569.6919190000044,0.95,True,True,beneficiary_not_allowed,0.95,ok,False,280.71317800006364,True,beneficiary_not_allowed,ok,True,beneficiary_not_allowed,ok,0.93,gemini,True,False
1544.4994179999921,1554.9592979999725,True,pending_cash_withdrawal,ok,299.8645569999935,test-220,ok,banking,pending_cash_withdrawal,,,True,True,pending_cash_withdrawal,1,ok,True,291.5850569999311,True,pending_cash_withdrawal,ok,True,pending_cash_withdrawal,ok,1,jev,True,False
1520.3819699999876,1532.125250000041,True,transfer_fee_charged,ok,443.5474950000644,test-2206,ok,banking,transfer_fee_charged,,,True,True,transfer_fee_charged,0.98,ok,True,433.9042269999627,True,transfer_fee_charged,ok,True,transfer_fee_charged,ok,1,jev,True,False
1389.2861720001092,1400.3126099999063,True,transfer_fee_charged,ok,1885.2018320000498,test-2207,ok,banking,transfer_fee_charged,1537.5079690000275,0.98,True,True,transfer_fee_charged,0.98,ok,False,322.5568140000105,True,transfer_fee_charged,ok,True,transfer_fee_charged,ok,0.96,gemini,True,False
1516.3231609999784,1531.3608200000017,True,transfer_fee_charged,ok,375.1932610000367,test-2208,ok,banking,transfer_fee_charged,,,True,True,transfer_fee_charged,1,ok,True,364.6664710000041,True,transfer_fee_charged,ok,True,transfer_fee_charged,ok,1,jev,True,False
1518.0822920000646,1533.6017809999175,True,transfer_fee_charged,ok,350.5195929999463,test-2210,ok,banking,transfer_fee_charged,,,True,True,transfer_fee_charged,0.98,ok,True,340.1807049999479,True,transfer_fee_charged,ok,True,transfer_fee_charged,ok,1,jev,True,False
1751.2131610000506,1761.2581110000028,True,transfer_fee_charged,ok,2139.3937600000063,test-2212,ok,banking,transfer_fee_charged,1835.6385950000258,0.98,True,True,transfer_fee_charged,0.98,ok,False,282.9245969999465,True,transfer_fee_charged,ok,True,transfer_fee_charged,ok,0.98,gemini,True,False
1554.0484479999868,1566.2492870000424,True,transfer_fee_charged,ok,1839.7944660000212,test-2239,ok,banking,transfer_fee_charged,1527.8812510000134,0.98,True,True,transfer_fee_charged,0.98,ok,False,291.3370069999946,True,transfer_fee_charged,ok,True,transfer_fee_charged,ok,0.99,gemini,True,False
1726.3122149999253,1738.0478730000323,True,receiving_money,ok,2282.017450999934,test-2253,ok,banking,receiving_money,1960.0611760000465,0.85,False,True,receiving_money,0.85,ok,False,295.8498369998997,False,verify_source_of_funds,ok,True,receiving_money,ok,0.3,gemini,False,True
1836.2615249999799,1846.8096040000673,True,receiving_money,ok,1909.231089000008,test-2258,ok,banking,receiving_money,1550.311437999946,0.85,True,True,receiving_money,0.95,ok,False,335.7014940000372,False,transfer_into_account,ok,False,transfer_into_account,ok,0.68,gemini,False,True
1892.5613740000408,1908.0149819999933,True,receiving_money,ok,1735.8742149998434,test-2261,ok,banking,receiving_money,1337.0427659999114,0.95,True,True,receiving_money,0.95,ok,False,374.48726100008935,True,receiving_money,ok,True,receiving_money,ok,0.98,gemini,True,False
1995.5858040000312,2010.1453929999843,False,exchange_via_app,ok,2083.89848600002,test-2263,ok,banking,receiving_money,1730.2687129999977,0.95,True,False,exchange_via_app,0.95,ok,False,326.68618400010746,False,exchange_rate,ok,True,receiving_money,ok,0.41,gemini,True,False
1878.857491999981,1892.1722910000244,True,receiving_money,ok,3072.6808280000696,test-2266,ok,banking,receiving_money,2570.387187999906,0.92,False,True,receiving_money,0.85,ok,False,479.40840300009586,False,top_up_by_cash_or_cheque,ok,False,transfer_into_account,ok,0.86,gemini,False,True
1514.6051319999387,1526.8745699999854,True,receiving_money,ok,2951.1899699999485,test-2269,ok,banking,receiving_money,2571.242009000038,0.95,True,True,receiving_money,0.95,ok,False,354.0460530000273,True,receiving_money,ok,True,receiving_money,ok,0.9,gemini,True,False
1577.8090580001008,1591.47311599995,True,receiving_money,ok,2232.0111680000555,test-2274,ok,banking,receiving_money,1933.9314400001895,0.85,False,True,receiving_money,0.85,ok,False,275.117988999933,False,transfer_into_account,ok,True,receiving_money,ok,0.48,gemini,False,True
1474.4753259999998,1485.2060539999948,True,failed_transfer,ok,342.01542500000505,test-2284,ok,banking,failed_transfer,,,True,True,failed_transfer,0.95,ok,True,331.90382500000123,True,failed_transfer,ok,True,failed_transfer,ok,1,jev,True,False
1683.5997079999652,1696.0420980000054,True,failed_transfer,ok,1943.9668199999724,test-2291,ok,banking,failed_transfer,1638.2187640000484,0.9,False,True,failed_transfer,0.8,ok,False,283.4350479999557,True,failed_transfer,ok,True,failed_transfer,ok,0.99,gemini,False,True
1453.6107769999653,1462.887696000049,True,failed_transfer,ok,1650.492530999938,test-2303,ok,banking,failed_transfer,1305.5722870000172,0.65,False,True,failed_transfer,0.8,ok,False,320.9069550000131,True,failed_transfer,ok,True,failed_transfer,ok,0.99,gemini,False,True
1702.767117000185,1713.4727360000834,True,failed_transfer,ok,2073.3922900001053,test-2304,ok,banking,failed_transfer,1663.231472000014,0.8,False,True,failed_transfer,0.85,ok,False,385.39558000001125,True,failed_transfer,ok,True,failed_transfer,ok,0.96,gemini,False,True
1603.7337450000923,1614.390435000183,True,failed_transfer,ok,317.45827499986626,test-2307,ok,banking,failed_transfer,,,True,True,failed_transfer,0.95,ok,True,307.24412599997595,True,failed_transfer,ok,True,failed_transfer,ok,1,jev,True,False
2350.7782090001274,2360.1746370000765,True,failed_transfer,ok,358.7752619998064,test-2315,ok,banking,failed_transfer,,,True,True,failed_transfer,0.95,ok,True,348.9954129999969,True,failed_transfer,ok,True,failed_transfer,ok,1,jev,True,False
1782.6694110000972,1793.014151000185,True,pending_cash_withdrawal,ok,2013.4986539999954,test-232,ok,banking,pending_cash_withdrawal,1659.9628220000304,0.88,False,True,pending_cash_withdrawal,0.94,ok,False,332.0601939999033,True,pending_cash_withdrawal,ok,True,pending_cash_withdrawal,ok,0.81,gemini,False,True
1943.098679999821,1954.70724899997,True,transfer_into_account,ok,1913.5456609998364,test-2329,ok,banking,transfer_into_account,1512.2734719999135,0.95,True,True,transfer_into_account,0.95,ok,False,380.81695099989884,True,transfer_into_account,ok,True,transfer_into_account,ok,0.97,gemini,True,False
1907.8389610000886,1920.6642209999263,True,pending_cash_withdrawal,ok,327.4902240000665,test-233,ok,banking,pending_cash_withdrawal,,,True,True,pending_cash_withdrawal,0.99,ok,True,312.34066599979997,True,pending_cash_withdrawal,ok,True,pending_cash_withdrawal,ok,1,jev,True,False
1398.5369619999547,1408.2922209999524,True,transfer_into_account,ok,2517.3847550000064,test-2330,ok,banking,transfer_into_account,2127.451924999943,0.95,True,True,transfer_into_account,0.95,ok,False,369.1827209999319,True,transfer_into_account,ok,True,transfer_into_account,ok,0.99,gemini,True,False
1581.9085470000282,1592.612167000072,True,transfer_into_account,ok,2041.878982000053,test-2335,ok,banking,transfer_into_account,1615.1736149999779,0.95,True,True,transfer_into_account,0.95,ok,False,409.6487879999913,True,transfer_into_account,ok,True,transfer_into_account,ok,0.87,gemini,True,False
1447.901147000026,1458.336665000068,True,transfer_into_account,ok,1680.1142090000212,test-2341,ok,banking,transfer_into_account,1287.857010000036,0.85,False,True,transfer_into_account,0.8,ok,False,370.1447300000582,True,transfer_into_account,ok,False,supported_cards_and_currencies,ok,0.69,gemini,False,True
1449.6520579999778,1460.7210059999488,False,exchange_via_app,ok,1814.4968299998436,test-2348,ok,banking,transfer_into_account,1428.5059990000445,0.4,False,False,exchange_via_app,0.4,ok,False,363.20098099997267,True,transfer_into_account,ok,False,balance_not_updated_after_bank_transfer,ok,0.78,gemini,False,True
1515.7191830000374,1527.1979910000227,True,transfer_into_account,ok,2891.1513249999844,test-2349,ok,banking,transfer_into_account,2536.055572999874,0.95,True,True,transfer_into_account,0.95,ok,False,335.9752739998512,True,transfer_into_account,ok,True,transfer_into_account,ok,0.79,gemini,True,False
1505.4117320000078,1516.8644809999969,True,verify_top_up,ok,1844.7042960000108,test-2361,ok,banking,verify_top_up,1480.8621939999866,0.98,True,True,verify_top_up,1,ok,False,339.89533400000073,True,verify_top_up,ok,True,verify_top_up,ok,0.77,gemini,True,False
1776.506662000087,1788.5952510000207,False,verify_my_identity,ok,1751.1080429999856,test-2364,ok,banking,verify_top_up,1388.405291999923,0.55,False,False,verify_my_identity,0.8,ok,False,340.1811830000952,False,verify_my_identity,ok,True,verify_top_up,ok,0.59,gemini,False,True
1619.0661650000256,1631.7329129999853,True,verify_top_up,ok,1800.0321699999622,test-2369,ok,banking,verify_top_up,1441.625377999968,0.98,True,True,verify_top_up,0.98,ok,False,335.6972840000526,True,verify_top_up,ok,True,verify_top_up,ok,0.72,gemini,True,False
1393.1946799999569,1403.1777299999958,True,verify_top_up,ok,2218.8278260000516,test-2371,ok,banking,verify_top_up,1854.9531239999924,1,True,True,verify_top_up,0.98,ok,False,337.7570629999973,True,verify_top_up,ok,True,verify_top_up,ok,0.98,gemini,True,False
2158.9150500000687,2173.1818989999592,True,verify_top_up,ok,1811.2453180000884,test-2372,ok,banking,verify_top_up,1493.1430229999823,0.98,True,True,verify_top_up,0.98,ok,False,293.0437970000785,True,verify_top_up,ok,True,verify_top_up,ok,0.99,gemini,True,False
2275.403651999979,2287.934001000016,True,verify_top_up,ok,1888.0167819999915,test-2375,ok,banking,verify_top_up,1601.704104000004,0.98,True,True,verify_top_up,0.98,ok,False,262.5026889999863,True,verify_top_up,ok,True,verify_top_up,ok,0.92,gemini,True,False
1200.7302859999472,1211.9391659999965,True,verify_top_up,ok,2549.566870000097,test-2378,ok,banking,verify_top_up,2240.818714000052,0.98,True,True,verify_top_up,0.97,ok,False,276.8841079999693,True,verify_top_up,ok,True,verify_top_up,ok,0.94,gemini,True,False
1454.5542170000263,1464.5705959999468,True,card_arrival,ok,1848.0506470000837,test-24,ok,banking,card_arrival,1505.223152999999,0.98,True,True,card_arrival,0.98,ok,False,322.9412350000348,True,card_arrival,ok,True,card_arrival,ok,0.95,gemini,True,False
3645.6284669998568,3658.926974999951,True,fiat_currency_support,ok,1777.6545009999536,test-240,ok,banking,fiat_currency_support,1427.4380479999818,0.95,True,True,fiat_currency_support,0.95,ok,False,326.26982499985024,True,fiat_currency_support,ok,True,fiat_currency_support,ok,0.69,gemini,True,False
1486.5430140000535,1498.842132999911,True,getting_spare_card,ok,1774.6870509999571,test-2402,ok,banking,getting_spare_card,1339.3920350000262,0.95,True,True,getting_spare_card,0.95,ok,False,415.3145079999231,True,getting_spare_card,ok,True,getting_spare_card,ok,0.58,gemini,True,False
1486.9762839999748,1497.8778229999589,True,getting_spare_card,ok,1999.5219649999635,test-2405,ok,banking,getting_spare_card,1593.862565999967,1,True,True,getting_spare_card,1,ok,False,387.53945000004023,True,getting_spare_card,ok,True,getting_spare_card,ok,0.99,gemini,True,False
1427.2544479999924,1439.0110279999208,True,getting_spare_card,ok,1854.6351150000119,test-2407,ok,banking,getting_spare_card,1453.382746999967,0.95,True,True,getting_spare_card,0.95,ok,False,380.20734000002267,True,getting_spare_card,ok,True,getting_spare_card,ok,0.94,gemini,True,False
1980.7562649999745,1991.0482039999915,True,fiat_currency_support,ok,2185.402519999945,test-242,ok,banking,fiat_currency_support,1893.052972000034,1,True,True,fiat_currency_support,1,ok,False,273.06786900002044,True,fiat_currency_support,ok,True,fiat_currency_support,ok,0.98,gemini,True,False
2239.945415999973,2252.0959949999815,True,getting_spare_card,ok,2344.350897999946,test-2423,ok,banking,getting_spare_card,2031.9930529999547,0.92,True,True,getting_spare_card,0.95,ok,False,291.9408870000625,True,getting_spare_card,ok,True,getting_spare_card,ok,0.62,gemini,False,True
2334.872747999965,2347.9544760000426,True,getting_spare_card,ok,1740.0685250000097,test-2431,ok,banking,getting_spare_card,1412.83713,0.95,True,True,getting_spare_card,0.98,ok,False,304.55825700005516,True,getting_spare_card,ok,True,getting_spare_card,ok,0.94,gemini,True,False
1735.5371049998794,1746.129234999884,True,getting_spare_card,ok,2037.305931000039,test-2437,ok,banking,getting_spare_card,1596.8543360000476,0.88,False,True,getting_spare_card,0.92,ok,False,419.4549980000593,True,getting_spare_card,ok,True,getting_spare_card,ok,0.59,gemini,False,True
1432.457767999993,1443.6862879999971,True,top_up_by_cash_or_cheque,ok,272.90632899999036,test-2452,ok,banking,top_up_by_cash_or_cheque,,,True,True,top_up_by_cash_or_cheque,0.98,ok,True,264.20272900001146,True,top_up_by_cash_or_cheque,ok,False,balance_not_updated_after_cheque_or_cash_deposit,ok,1,jev,True,False
1426.168978999951,1437.0273890000535,True,top_up_by_cash_or_cheque,ok,1769.713652000064,test-2458,ok,banking,top_up_by_cash_or_cheque,1410.1460310000693,0.98,True,True,top_up_by_cash_or_cheque,0.98,ok,False,335.74046400003135,True,top_up_by_cash_or_cheque,ok,True,top_up_by_cash_or_cheque,ok,0.99,gemini,True,False
1456.0490959999152,1467.6144759999588,True,top_up_by_cash_or_cheque,ok,437.752015999984,test-2464,ok,banking,top_up_by_cash_or_cheque,,,True,True,top_up_by_cash_or_cheque,1,ok,True,429.4089170000516,True,top_up_by_cash_or_cheque,ok,True,top_up_by_cash_or_cheque,ok,1,jev,True,False
1427.4285399999935,1439.1659579998814,False,supported_cards_and_currencies,ok,1949.353008999955,test-2466,ok,banking,top_up_by_cash_or_cheque,1578.2324570000637,0.8,False,False,supported_cards_and_currencies,0.8,ok,False,346.2654629999306,False,topping_up_by_card,ok,False,supported_cards_and_currencies,ok,0.42,gemini,False,True
3414.118261000025,3425.836569999985,False,topping_up_by_card,ok,1878.4350029999914,test-2477,ok,banking,top_up_by_cash_or_cheque,1515.109392000013,0.85,True,False,topping_up_by_card,0.95,ok,False,342.7424830000091,False,topping_up_by_card,ok,False,topping_up_by_card,ok,0.67,gemini,False,True
1540.2661489999155,1551.285547999898,True,top_up_by_cash_or_cheque,ok,1712.9839040000224,test-2479,ok,banking,top_up_by_cash_or_cheque,1356.2448419999564,0.96,True,True,top_up_by_cash_or_cheque,0.95,ok,False,331.5890440000221,True,top_up_by_cash_or_cheque,ok,False,supported_cards_and_currencies,ok,0.86,gemini,True,False
1589.9183959999355,1600.276463999995,True,order_physical_card,ok,1916.0222289999947,test-2485,ok,banking,order_physical_card,1622.5239919999149,0.95,True,True,order_physical_card,0.95,ok,False,271.46466900000814,True,order_physical_card,ok,True,order_physical_card,ok,0.96,gemini,True,False
1363.103533000045,1375.1952920000185,False,country_support,ok,1830.2870669999975,test-2491,ok,banking,order_physical_card,1515.5128830000176,0.95,False,False,country_support,0.93,ok,False,288.86650800000643,False,country_support,ok,True,order_physical_card,ok,0.5,gemini,True,False
2045.7627809999976,2057.440040000016,True,order_physical_card,ok,5172.4628259999445,test-2492,ok,banking,order_physical_card,4851.833479999914,0.85,False,True,order_physical_card,0.8,ok,False,299.919845999917,False,get_physical_card,ok,True,order_physical_card,ok,0.53,gemini,False,True
1430.0093989999732,1440.2834180000937,True,order_physical_card,ok,2181.1076590000885,test-2498,ok,banking,order_physical_card,1822.187617000076,0.85,False,True,order_physical_card,0.55,ok,False,333.9111540000886,False,get_physical_card,ok,True,order_physical_card,ok,0.63,gemini,False,True
1533.9068479999987,1547.7190980000014,True,order_physical_card,ok,4171.0915239999995,test-2503,ok,banking,order_physical_card,3745.4077270000016,0.8,False,True,order_physical_card,0.8,ok,False,402.19313899999906,False,get_physical_card,ok,False,getting_virtual_card,ok,0.82,gemini,False,True
1181.8102570000337,1191.9143559999065,True,fiat_currency_support,ok,1776.9469810000155,test-251,ok,banking,fiat_currency_support,1451.9982969999546,0.95,True,True,fiat_currency_support,0.95,ok,False,302.5642260001041,True,fiat_currency_support,ok,True,fiat_currency_support,ok,0.85,gemini,True,False
1432.0494790000375,1446.7263680000324,False,card_delivery_estimate,ok,1950.4519969997928,test-2515,ok,banking,order_physical_card,1620.608583000023,0.8,False,False,card_delivery_estimate,0.55,ok,False,306.87238700012676,False,card_arrival,ok,True,order_physical_card,ok,0.6,gemini,False,True
4801.723024999956,4811.686774999835,False,get_physical_card,ok,1918.535160999978,test-2518,ok,banking,order_physical_card,1566.7546880000737,0.9,False,True,order_physical_card,0.55,ok,False,331.12397399987094,False,get_physical_card,ok,True,order_physical_card,ok,0.93,gemini,False,True
1833.8362500001676,1846.51393799996,False,disposable_card_limits,ok,2062.0241900000256,test-2531,ok,banking,virtual_card_not_working,1769.930423000129,0.85,False,False,disposable_card_limits,0.85,ok,False,269.3292790001724,False,disposable_card_limits,ok,False,getting_virtual_card,ok,0.68,gemini,False,True
1486.7084349999204,1500.9963930000085,True,virtual_card_not_working,ok,2501.948495000135,test-2534,ok,banking,virtual_card_not_working,2083.996168000158,0.95,False,True,virtual_card_not_working,0.94,ok,False,392.59915899997577,True,virtual_card_not_working,ok,False,getting_virtual_card,ok,0.75,gemini,True,False
1633.8031920001376,1643.9384910000954,True,virtual_card_not_working,ok,369.9773109999951,test-2536,ok,banking,virtual_card_not_working,,,True,True,virtual_card_not_working,1,ok,True,359.317732000025,True,virtual_card_not_working,ok,False,getting_virtual_card,ok,1,jev,True,False
1646.5412520000245,1656.6159610000323,True,virtual_card_not_working,ok,1885.1488629999803,test-2545,ok,banking,virtual_card_not_working,1540.6409799999674,0.95,True,True,virtual_card_not_working,0.98,ok,False,320.6232949999976,False,card_not_working,ok,False,disposable_card_limits,ok,0.6,gemini,True,False
1422.9560780000174,1434.8859380000504,True,virtual_card_not_working,ok,2489.6830949999858,test-2552,ok,banking,virtual_card_not_working,2182.4780790000223,0.98,True,True,virtual_card_not_working,0.98,ok,False,280.13695800001733,True,virtual_card_not_working,ok,False,get_disposable_virtual_card,ok,0.91,gemini,True,False
1460.9603360000765,1474.5061040000292,True,virtual_card_not_working,ok,1632.402791999979,test-2553,ok,banking,virtual_card_not_working,1327.6752759999363,0.95,True,True,virtual_card_not_working,0.95,ok,False,281.030507999938,True,virtual_card_not_working,ok,True,virtual_card_not_working,ok,0.53,gemini,True,False
1636.4539520000108,1647.4112519999035,True,virtual_card_not_working,ok,296.72902700002305,test-2555,ok,banking,virtual_card_not_working,,,True,True,virtual_card_not_working,0.98,ok,True,288.6037769999821,True,virtual_card_not_working,ok,True,virtual_card_not_working,ok,1,jev,True,False
1432.1295270000119,1442.5560269999842,False,card_payment_wrong_exchange_rate,ok,1679.441198000015,test-2569,ok,banking,wrong_exchange_rate_for_cash_withdrawal,1378.457161999977,0.95,True,False,card_payment_wrong_exchange_rate,0.95,ok,False,280.0355189999973,False,card_payment_wrong_exchange_rate,ok,True,wrong_exchange_rate_for_cash_withdrawal,ok,0.96,gemini,True,False
1854.971273999894,1866.7397640000563,True,wrong_exchange_rate_for_cash_withdrawal,ok,1732.8723450000398,test-2573,ok,banking,wrong_exchange_rate_for_cash_withdrawal,1389.0565220001154,0.98,True,True,wrong_exchange_rate_for_cash_withdrawal,1,ok,False,325.80898400000297,True,wrong_exchange_rate_for_cash_withdrawal,ok,True,wrong_exchange_rate_for_cash_withdrawal,ok,0.94,gemini,True,False
1492.1429030001163,1502.6074129999615,True,wrong_exchange_rate_for_cash_withdrawal,ok,1687.6878090000246,test-2578,ok,banking,wrong_exchange_rate_for_cash_withdrawal,1357.603113999823,0.98,True,True,wrong_exchange_rate_for_cash_withdrawal,0.98,ok,False,310.86382600013167,True,wrong_exchange_rate_for_cash_withdrawal,ok,True,wrong_exchange_rate_for_cash_withdrawal,ok,0.95,gemini,True,False
1656.470530999999,1666.1625900000217,True,fiat_currency_support,ok,1700.221446999989,test-258,ok,banking,fiat_currency_support,1349.5490340000251,0.95,True,True,fiat_currency_support,0.95,ok,False,330.3929750000243,True,fiat_currency_support,ok,True,fiat_currency_support,ok,0.88,gemini,True,False
1506.597061999957,1516.436601000023,True,wrong_exchange_rate_for_cash_withdrawal,ok,312.60248599993065,test-2586,ok,banking,wrong_exchange_rate_for_cash_withdrawal,,,True,True,wrong_exchange_rate_for_cash_withdrawal,1,ok,True,301.5365560000064,True,wrong_exchange_rate_for_cash_withdrawal,ok,True,wrong_exchange_rate_for_cash_withdrawal,ok,1,jev,True,False
1798.684798000002,1813.4965779999984,True,wrong_exchange_rate_for_cash_withdrawal,ok,2109.098438000001,test-2592,ok,banking,wrong_exchange_rate_for_cash_withdrawal,1674.8168710000027,0.98,True,True,wrong_exchange_rate_for_cash_withdrawal,0.98,ok,False,407.3519589999996,True,wrong_exchange_rate_for_cash_withdrawal,ok,True,wrong_exchange_rate_for_cash_withdrawal,ok,0.99,gemini,True,False
1628.985983000137,1643.2015129998326,True,wrong_exchange_rate_for_cash_withdrawal,ok,2016.315273999935,test-2596,ok,banking,wrong_exchange_rate_for_cash_withdrawal,1662.6872610000428,0.98,True,True,wrong_exchange_rate_for_cash_withdrawal,0.98,ok,False,325.3062950000167,True,wrong_exchange_rate_for_cash_withdrawal,ok,False,exchange_rate,ok,0.93,gemini,True,False
1706.2016679998487,1718.495668000076,True,card_arrival,ok,1998.1758270000573,test-26,ok,banking,card_arrival,1545.1111410001758,0.95,True,True,card_arrival,0.95,ok,False,431.1506670000963,True,card_arrival,ok,True,card_arrival,ok,0.98,gemini,True,False
1651.6879709999776,1663.8897199999774,True,get_disposable_virtual_card,ok,1698.2956359999953,test-2606,ok,banking,get_disposable_virtual_card,1346.1973149999976,0.98,True,True,get_disposable_virtual_card,0.98,ok,False,332.9469040000113,True,get_disposable_virtual_card,ok,False,getting_virtual_card,ok,0.87,gemini,True,False
4318.66296300001,4328.371812000027,True,get_disposable_virtual_card,ok,5446.557563999988,test-2613,ok,banking,get_disposable_virtual_card,5111.731720000011,0.8,False,True,get_disposable_virtual_card,0.8,ok,False,314.0601059999899,True,get_disposable_virtual_card,ok,True,get_disposable_virtual_card,ok,0.51,gemini,False,True
1501.8461110000499,1512.6263800000306,True,get_disposable_virtual_card,ok,1510.1903639999218,test-2616,ok,banking,get_disposable_virtual_card,1093.9475839999504,0.85,False,True,get_disposable_virtual_card,0.8,ok,False,395.94516000011936,True,get_disposable_virtual_card,ok,False,disposable_card_limits,ok,0.76,gemini,False,True
1492.521815000102,1502.0392040000297,True,get_disposable_virtual_card,ok,2628.0010469998233,test-2624,ok,banking,get_disposable_virtual_card,2282.0130129999015,0.95,False,True,get_disposable_virtual_card,0.85,ok,False,314.43749599996954,True,get_disposable_virtual_card,ok,True,get_disposable_virtual_card,ok,0.78,gemini,True,False
2213.664608000079,2224.6599469999783,True,get_disposable_virtual_card,ok,345.33353199996054,test-2629,ok,banking,get_disposable_virtual_card,,,True,True,get_disposable_virtual_card,1,ok,True,336.03375299996696,True,get_disposable_virtual_card,ok,True,get_disposable_virtual_card,ok,1,jev,True,False
1810.2571089999983,1819.73951699998,False,disposable_card_limits,ok,278.0811780000222,test-2637,ok,banking,get_disposable_virtual_card,,,True,False,disposable_card_limits,1,ok,True,270.75892900000326,False,disposable_card_limits,ok,False,disposable_card_limits,ok,1,jev,True,False
1501.5946519999998,1516.2057309999363,False,pending_top_up,ok,2321.121577999904,test-2650,ok,banking,top_up_failed,1967.6380659999559,0.7,False,False,pending_top_up,0.8,ok,False,331.5900450000772,False,verify_top_up,ok,True,top_up_failed,ok,0.95,gemini,False,True
1896.9943109999876,1908.7416209999938,True,top_up_failed,ok,270.1395579999953,test-2654,ok,banking,top_up_failed,,,True,True,top_up_failed,0.98,ok,True,261.11710999999195,True,top_up_failed,ok,True,top_up_failed,ok,1,jev,True,False
1602.6709650000557,1616.2620040000184,True,top_up_failed,ok,2606.778743999894,test-2660,ok,banking,top_up_failed,2260.9461209999863,0.98,True,True,top_up_failed,0.98,ok,False,324.0314340000041,True,top_up_failed,ok,True,top_up_failed,ok,0.99,gemini,True,False
1674.1148010001052,1683.2711400000844,True,top_up_failed,ok,2184.7681790001225,test-2667,ok,banking,top_up_failed,1787.8674510000274,1,True,True,top_up_failed,0.98,ok,False,379.05933999991976,True,top_up_failed,ok,True,top_up_failed,ok,0.99,gemini,True,False
1757.3178629998583,1768.9524030000903,True,top_up_failed,ok,2327.668369999854,test-2668,ok,banking,top_up_failed,1917.7452110000886,0.98,True,True,top_up_failed,0.98,ok,False,389.43186999997124,True,top_up_failed,ok,True,top_up_failed,ok,0.85,gemini,True,False
1537.9779310000595,1548.196980000008,True,top_up_failed,ok,392.9889189999085,test-2677,ok,banking,top_up_failed,,,True,True,top_up_failed,1,ok,True,382.7797000000719,True,top_up_failed,ok,True,top_up_failed,ok,1,jev,True,False
1613.0885340000095,1624.9906330000085,False,transfer_timing,ok,3299.5906220000033,test-2685,ok,banking,balance_not_updated_after_bank_transfer,2926.368061999994,0.95,True,False,transfer_timing,0.95,ok,False,350.304953999992,False,transfer_timing,ok,True,balance_not_updated_after_bank_transfer,ok,0.84,gemini,True,False
2673.4646030000877,2688.3181120001245,False,transfer_not_received_by_recipient,ok,1793.087581000058,test-2694,ok,banking,balance_not_updated_after_bank_transfer,1463.385895999847,0.55,False,False,pending_transfer,0.85,ok,False,307.56616499996744,False,pending_transfer,ok,False,transfer_not_received_by_recipient,ok,0.71,gemini,False,True
1635.8790110000118,1649.588619999995,True,balance_not_updated_after_bank_transfer,ok,2189.187138999987,test-2698,ok,banking,balance_not_updated_after_bank_transfer,1871.7252340000123,0.85,False,True,balance_not_updated_after_bank_transfer,0.8,ok,False,296.3178970000008,False,pending_transfer,ok,True,balance_not_updated_after_bank_transfer,ok,0.41,gemini,False,True
1773.8579130000435,1784.6470719999634,True,balance_not_updated_after_bank_transfer,ok,2267.1098440000787,test-2700,ok,banking,balance_not_updated_after_bank_transfer,1942.8026000000536,0.93,True,True,balance_not_updated_after_bank_transfer,0.95,ok,False,304.34525700006634,True,balance_not_updated_after_bank_transfer,ok,True,balance_not_updated_after_bank_transfer,ok,0.64,gemini,False,True
8166.771815,8180.372635,False,transfer_into_account,ok,2454.445219000001,test-2703,ok,banking,balance_not_updated_after_bank_transfer,1469.3436460000012,0.55,False,False,receiving_money,0.82,ok,False,959.4445239999986,False,transfer_not_received_by_recipient,ok,False,failed_transfer,ok,0.3,gemini,False,True
1448.5397670000093,1464.9901150000514,False,transfer_into_account,ok,1800.6227479999652,test-2713,ok,banking,balance_not_updated_after_bank_transfer,1475.8777230000123,0.8,False,False,transfer_into_account,0.85,ok,False,297.41294700000435,False,pending_transfer,ok,True,balance_not_updated_after_bank_transfer,ok,0.31,gemini,False,True
2003.6680250000209,2017.292964000022,True,balance_not_updated_after_bank_transfer,ok,1877.3960760000627,test-2719,ok,banking,balance_not_updated_after_bank_transfer,1494.660334999906,0.94,False,True,balance_not_updated_after_bank_transfer,0.94,ok,False,359.20309199998155,True,balance_not_updated_after_bank_transfer,ok,True,balance_not_updated_after_bank_transfer,ok,0.95,gemini,False,True
1817.8097389999311,1830.6721679999027,True,cash_withdrawal_not_recognised,ok,1971.004326999886,test-2720,ok,banking,cash_withdrawal_not_recognised,1618.899083999917,0.85,False,True,cash_withdrawal_not_recognised,0.55,ok,False,331.79308400000446,True,cash_withdrawal_not_recognised,ok,False,compromised_card,ok,0.81,gemini,False,True
2022.060300000012,2034.0004299999564,True,fiat_currency_support,ok,1883.1852310000104,test-273,ok,banking,fiat_currency_support,1540.042287999997,0.95,True,True,fiat_currency_support,0.95,ok,False,323.9042850000551,True,fiat_currency_support,ok,True,fiat_currency_support,ok,0.92,gemini,True,False
1686.303928999987,1696.2713979999971,True,cash_withdrawal_not_recognised,ok,316.6718949999922,test-2732,ok,banking,cash_withdrawal_not_recognised,,,True,True,cash_withdrawal_not_recognised,0.98,ok,True,306.1025660000014,True,cash_withdrawal_not_recognised,ok,True,cash_withdrawal_not_recognised,ok,1,jev,True,False
1500.537261999969,1511.2227009999915,True,cash_withdrawal_not_recognised,ok,323.87893399997847,test-2736,ok,banking,cash_withdrawal_not_recognised,,,True,True,cash_withdrawal_not_recognised,0.98,ok,True,310.7630360000185,True,cash_withdrawal_not_recognised,ok,True,cash_withdrawal_not_recognised,ok,1,jev,True,False
1759.4919330000412,1771.7173119999934,True,fiat_currency_support,ok,7316.93446099991,test-274,ok,banking,fiat_currency_support,6995.798035999993,0.95,True,True,fiat_currency_support,0.95,ok,False,296.3830069999676,True,fiat_currency_support,ok,True,fiat_currency_support,ok,0.87,gemini,True,False
2515.6822160000447,2527.602995000081,True,cash_withdrawal_not_recognised,ok,3717.062292000046,test-2741,ok,banking,cash_withdrawal_not_recognised,3337.9171910001896,0.85,False,True,cash_withdrawal_not_recognised,0.88,ok,False,355.25359199987724,False,wrong_amount_of_cash_received,ok,True,cash_withdrawal_not_recognised,ok,0.4,gemini,False,True
1704.2921780000906,1715.5973960000556,False,lost_or_stolen_card,ok,1985.6507359999232,test-2748,ok,banking,cash_withdrawal_not_recognised,1563.2797689998988,0.8,False,False,lost_or_stolen_card,0.85,ok,False,400.0475889998488,False,lost_or_stolen_card,ok,True,cash_withdrawal_not_recognised,ok,0.81,gemini,False,True
1713.4606449999847,1724.9566950000008,False,compromised_card,ok,2553.274991000013,test-2756,ok,banking,cash_withdrawal_not_recognised,2217.691146999947,0.95,True,False,compromised_card,0.95,ok,False,314.8243660000153,False,compromised_card,ok,True,cash_withdrawal_not_recognised,ok,0.78,gemini,True,False
1768.02944199997,1783.440581999952,True,exchange_charge,ok,1665.4959410000592,test-2766,ok,banking,exchange_charge,1312.1123389999848,0.98,True,True,exchange_charge,0.98,ok,False,324.5458140000701,True,exchange_charge,ok,True,exchange_charge,ok,0.98,gemini,True,False
1699.330737999997,1716.7159660000034,True,exchange_charge,ok,301.1732670000056,test-2782,ok,banking,exchange_charge,,,True,True,exchange_charge,1,ok,True,287.9136670000007,True,exchange_charge,ok,True,exchange_charge,ok,1,jev,True,False
1336.355625999975,1347.2590940000955,True,exchange_charge,ok,309.94637500005774,test-2783,ok,banking,exchange_charge,,,True,True,exchange_charge,0.98,ok,True,301.0008670000825,True,exchange_charge,ok,True,exchange_charge,ok,1,jev,True,False
1695.861273999999,1708.5701530000006,True,exchange_charge,ok,1911.2322090000016,test-2788,ok,banking,exchange_charge,1603.688903000002,0.95,True,True,exchange_charge,0.98,ok,False,281.8106979999975,True,exchange_charge,ok,True,exchange_charge,ok,0.98,gemini,True,False
1477.930983999977,1489.5733029999537,True,exchange_charge,ok,291.46252800000366,test-2794,ok,banking,exchange_charge,,,True,True,exchange_charge,0.98,ok,True,278.1491479999386,True,exchange_charge,ok,True,exchange_charge,ok,1,jev,True,False
1465.686676000012,1476.7537139999913,True,exchange_charge,ok,367.8469610000029,test-2797,ok,banking,exchange_charge,,,True,True,exchange_charge,0.98,ok,True,357.1188319999492,True,exchange_charge,ok,True,exchange_charge,ok,1,jev,True,False
1421.282680000062,1437.056418000022,True,top_up_by_card_charge,ok,1840.3702059999341,test-2805,ok,banking,top_up_by_card_charge,1494.0936339999316,0.98,True,True,top_up_by_card_charge,0.98,ok,False,321.1508250000188,True,top_up_by_card_charge,ok,True,top_up_by_card_charge,ok,0.86,gemini,True,False
1421.2724480000325,1433.7510580000235,True,top_up_by_card_charge,ok,1868.7542520000134,test-2811,ok,banking,top_up_by_card_charge,1518.9966489999788,1,True,True,top_up_by_card_charge,1,ok,False,326.1628239999991,True,top_up_by_card_charge,ok,True,top_up_by_card_charge,ok,0.96,gemini,True,False
1465.2390749999322,1478.4554339998867,True,top_up_by_card_charge,ok,2111.1646859999746,test-2817,ok,banking,top_up_by_card_charge,1745.2650639999192,1,True,True,top_up_by_card_charge,0.98,ok,False,344.36893299990334,True,top_up_by_card_charge,ok,True,top_up_by_card_charge,ok,0.99,gemini,True,False
1406.1875410000794,1417.5815299998503,True,top_up_by_card_charge,ok,2081.9111170000397,test-2818,ok,banking,top_up_by_card_charge,1730.4144940001424,0.98,True,True,top_up_by_card_charge,0.98,ok,False,329.218084000051,True,top_up_by_card_charge,ok,True,top_up_by_card_charge,ok,0.98,gemini,True,False
1813.3259700000053,1824.299279000028,True,top_up_by_card_charge,ok,2292.257041999954,test-2825,ok,banking,top_up_by_card_charge,1976.7881260000868,0.95,True,True,top_up_by_card_charge,0.98,ok,False,291.5445769999642,True,top_up_by_card_charge,ok,True,top_up_by_card_charge,ok,0.81,gemini,True,False
2124.1838140000036,2134.7814139999973,True,top_up_by_card_charge,ok,1762.0780930000037,test-2831,ok,banking,top_up_by_card_charge,1426.4373099999939,0.8,False,True,top_up_by_card_charge,0.8,ok,False,299.22191599999496,True,top_up_by_card_charge,ok,True,top_up_by_card_charge,ok,0.73,gemini,False,True
1459.0091160000302,1469.2897149999626,True,activate_my_card,ok,351.9618430000264,test-2842,ok,banking,activate_my_card,,,True,True,activate_my_card,1,ok,True,339.57952399994247,True,activate_my_card,ok,True,activate_my_card,ok,1,jev,True,False
1522.3220799999544,1532.9331000000238,True,activate_my_card,ok,1867.8917839999776,test-2847,ok,banking,activate_my_card,1550.1094790000352,0.99,True,True,activate_my_card,1,ok,False,292.66171700000996,True,activate_my_card,ok,False,card_arrival,ok,0.99,gemini,True,False
1674.7496470000006,1684.9072369999994,True,activate_my_card,ok,401.51486900000236,test-2856,ok,banking,activate_my_card,,,True,True,activate_my_card,1,ok,True,391.74969899999996,True,activate_my_card,ok,True,activate_my_card,ok,1,jev,True,False
1535.7562300001737,1548.166969000129,True,activate_my_card,ok,312.9590259999968,test-2859,ok,banking,activate_my_card,,,True,True,activate_my_card,1,ok,True,300.45742699992843,True,activate_my_card,ok,True,activate_my_card,ok,1,jev,True,False
1763.2270819999976,1775.043210999982,True,activate_my_card,ok,313.28763500001514,test-2865,ok,banking,activate_my_card,,,True,True,activate_my_card,0.96,ok,True,302.7307649999857,True,activate_my_card,ok,True,activate_my_card,ok,1,jev,True,False
2159.8533110000135,2172.5124690000084,True,activate_my_card,ok,293.29602700000396,test-2878,ok,banking,activate_my_card,,,True,True,activate_my_card,1,ok,True,279.1502979999932,True,activate_my_card,ok,True,activate_my_card,ok,1,jev,True,False
2473.130666999845,2485.380606000079,True,card_delivery_estimate,ok,2927.9294029998127,test-288,ok,banking,card_delivery_estimate,2548.234451999888,0.98,True,True,card_delivery_estimate,0.95,ok,False,358.6522419999819,True,card_delivery_estimate,ok,True,card_delivery_estimate,ok,0.97,gemini,True,False
1505.921251999971,1515.5048410000163,True,cash_withdrawal_charge,ok,1835.690716000041,test-2888,ok,banking,cash_withdrawal_charge,1505.9769119999837,0.98,True,True,cash_withdrawal_charge,0.98,ok,False,307.1276669999934,True,cash_withdrawal_charge,ok,False,extra_charge_on_statement,ok,0.99,gemini,True,False
1631.655642000027,1641.724111000076,True,cash_withdrawal_charge,ok,404.06664799991995,test-2893,ok,banking,cash_withdrawal_charge,,,True,True,cash_withdrawal_charge,1,ok,True,395.36416799994186,True,cash_withdrawal_charge,ok,True,cash_withdrawal_charge,ok,1,jev,True,False
1757.972613999853,1768.1798219999764,True,cash_withdrawal_charge,ok,387.82872999995016,test-2902,ok,banking,cash_withdrawal_charge,,,True,True,cash_withdrawal_charge,0.98,ok,True,375.8918010001071,True,cash_withdrawal_charge,ok,True,cash_withdrawal_charge,ok,1,jev,True,False
1669.915960000013,1689.66309799999,True,cash_withdrawal_charge,ok,2999.0381550000166,test-2908,ok,banking,cash_withdrawal_charge,2653.175802999991,0.95,True,True,cash_withdrawal_charge,0.95,ok,False,327.08181399997557,True,cash_withdrawal_charge,ok,False,top_up_limits,ok,0.99,gemini,True,False
1701.7023579999804,1710.3465970000252,True,cash_withdrawal_charge,ok,341.64451300003566,test-2909,ok,banking,cash_withdrawal_charge,,,True,True,cash_withdrawal_charge,1,ok,True,330.348745000083,True,cash_withdrawal_charge,ok,True,cash_withdrawal_charge,ok,1,jev,True,False
1619.8212830000557,1628.2984130000696,True,cash_withdrawal_charge,ok,328.7063039999921,test-2913,ok,banking,cash_withdrawal_charge,,,True,True,cash_withdrawal_charge,1,ok,True,320.1568850001786,True,cash_withdrawal_charge,ok,True,cash_withdrawal_charge,ok,1,jev,True,False
6584.79933300009,6599.298352999962,True,cash_withdrawal_charge,ok,297.06226699997205,test-2914,ok,banking,cash_withdrawal_charge,,,True,True,cash_withdrawal_charge,1,ok,True,285.92070800007787,True,cash_withdrawal_charge,ok,True,cash_withdrawal_charge,ok,1,jev,True,False
1901.6301100000273,1910.5705789999338,False,order_physical_card,ok,2287.9937099999515,test-2921,ok,banking,card_about_to_expire,1939.9759279999416,0.88,False,False,order_physical_card,0.8,ok,False,326.7610240000067,False,card_arrival,ok,True,card_about_to_expire,ok,0.34,gemini,False,True
1709.9521569999633,1720.2002759999596,True,card_about_to_expire,ok,372.09313200006727,test-2922,ok,banking,card_about_to_expire,,,True,True,card_about_to_expire,0.98,ok,True,361.5988419998903,True,card_about_to_expire,ok,True,card_about_to_expire,ok,1,jev,True,False
1464.0115140000125,1475.741733999981,True,card_about_to_expire,ok,312.5005059999821,test-2926,ok,banking,card_about_to_expire,,,True,True,card_about_to_expire,1,ok,True,301.5407169999962,True,card_about_to_expire,ok,True,card_about_to_expire,ok,1,jev,True,False
2329.184850000078,2338.44986900012,True,card_about_to_expire,ok,2779.422314000083,test-2936,ok,banking,card_about_to_expire,2419.4359030001797,0.98,True,True,card_about_to_expire,0.98,ok,False,341.67473399988376,True,card_about_to_expire,ok,True,card_about_to_expire,ok,0.96,gemini,True,False
1554.1171180000529,1569.3209379999898,True,card_about_to_expire,ok,378.81426000001375,test-2944,ok,banking,card_about_to_expire,,,True,True,card_about_to_expire,1,ok,True,366.86094200005755,True,card_about_to_expire,ok,True,card_about_to_expire,ok,1,jev,True,False
1504.5636229999945,1516.1802829999942,True,card_about_to_expire,ok,2350.4666159999906,test-2946,ok,banking,card_about_to_expire,2000.3796230000444,0.95,True,True,card_about_to_expire,0.95,ok,False,328.66590399999404,True,card_about_to_expire,ok,True,card_about_to_expire,ok,0.83,gemini,True,False
1676.9704190000193,1688.1445679999888,True,card_delivery_estimate,ok,1834.320046000008,test-295,ok,banking,card_delivery_estimate,1474.9243739999947,0.88,False,True,card_delivery_estimate,0.85,ok,False,339.057513000007,False,card_arrival,ok,True,card_delivery_estimate,ok,0.53,gemini,False,True
1538.5625799999107,1549.9429679999594,True,card_about_to_expire,ok,2072.790508999955,test-2955,ok,banking,card_about_to_expire,1697.9872669999022,0.94,False,True,card_about_to_expire,0.94,ok,False,353.6775320000015,True,card_about_to_expire,ok,True,card_about_to_expire,ok,0.43,gemini,False,True
1471.3524249999318,1482.899894000031,True,apple_pay_or_google_pay,ok,2277.4221720000496,test-2967,ok,banking,apple_pay_or_google_pay,1832.556075999979,0.95,True,True,apple_pay_or_google_pay,0.98,ok,False,420.4606180000119,True,apple_pay_or_google_pay,ok,True,apple_pay_or_google_pay,ok,0.93,gemini,True,False
2441.041861000005,2452.2799299999897,True,card_delivery_estimate,ok,2433.721351,test-297,ok,banking,card_delivery_estimate,2063.885399999999,0.98,True,True,card_delivery_estimate,0.98,ok,False,346.22851299999456,True,card_delivery_estimate,ok,True,card_delivery_estimate,ok,0.91,gemini,True,False
3692.681412999984,3705.6866830000654,True,apple_pay_or_google_pay,ok,2416.152178999968,test-2977,ok,banking,apple_pay_or_google_pay,1989.2614039999899,0.95,True,True,apple_pay_or_google_pay,0.95,ok,False,405.71352800005116,True,apple_pay_or_google_pay,ok,True,apple_pay_or_google_pay,ok,0.95,gemini,True,False
1475.9645330000203,1488.370593000087,False,top_up_failed,ok,2386.295625000028,test-2987,ok,banking,apple_pay_or_google_pay,2036.238231999916,0.8,False,False,top_up_failed,0.55,ok,False,322.539935000008,False,top_up_failed,ok,True,apple_pay_or_google_pay,ok,0.59,gemini,False,True
1936.4919509999454,1948.4872590000741,True,apple_pay_or_google_pay,ok,1921.248610000126,test-2992,ok,banking,apple_pay_or_google_pay,1561.3738780000713,0.94,True,True,apple_pay_or_google_pay,0.95,ok,False,338.3412740000058,True,apple_pay_or_google_pay,ok,True,apple_pay_or_google_pay,ok,0.51,gemini,False,True
1819.983788000187,1832.6660470000934,True,apple_pay_or_google_pay,ok,1681.873510000063,test-2996,ok,banking,apple_pay_or_google_pay,1359.2923149999697,0.95,True,True,apple_pay_or_google_pay,0.95,ok,False,298.2836070000194,True,apple_pay_or_google_pay,ok,True,apple_pay_or_google_pay,ok,0.76,gemini,True,False
2728.7231910000555,2741.858799000038,True,apple_pay_or_google_pay,ok,1794.5745399999432,test-2998,ok,banking,apple_pay_or_google_pay,1452.7866680000443,0.85,False,True,apple_pay_or_google_pay,0.85,ok,False,318.4176050000824,True,apple_pay_or_google_pay,ok,True,apple_pay_or_google_pay,ok,0.68,gemini,False,True
3868.8152099999133,3881.66538999998,True,verify_my_identity,ok,1897.7473529998679,test-3000,ok,banking,verify_my_identity,1537.0237810001709,0.98,True,True,verify_my_identity,0.98,ok,False,334.68901500012726,True,verify_my_identity,ok,False,why_verify_identity,ok,0.98,gemini,True,False
1712.315987000009,1722.686776000075,True,verify_my_identity,ok,2583.4607579999138,test-3001,ok,banking,verify_my_identity,2259.3709439998493,0.95,True,True,verify_my_identity,0.95,ok,False,304.7359670000151,True,verify_my_identity,ok,True,verify_my_identity,ok,0.87,gemini,True,False
2038.043931000051,2050.7646500000264,True,verify_my_identity,ok,2034.8988919999683,test-3009,ok,banking,verify_my_identity,1690.1692080000648,0.98,True,True,verify_my_identity,0.98,ok,False,320.88722500007134,True,verify_my_identity,ok,True,verify_my_identity,ok,0.91,gemini,True,False
1596.1396350000286,1607.6469940000097,True,verify_my_identity,ok,2078.5377480000025,test-3016,ok,banking,verify_my_identity,1734.1429639999988,0.95,True,True,verify_my_identity,0.95,ok,False,323.20551500003785,True,verify_my_identity,ok,True,verify_my_identity,ok,0.95,gemini,True,False
1763.2616630000994,1772.3510620000307,True,verify_my_identity,ok,1956.8853779998608,test-3028,ok,banking,verify_my_identity,1613.0905740000308,0.98,True,True,verify_my_identity,0.98,ok,False,323.38997499994,True,verify_my_identity,ok,True,verify_my_identity,ok,0.93,gemini,True,False
2039.104059999925,2051.847708999994,True,card_delivery_estimate,ok,1888.5637219999917,test-303,ok,banking,card_delivery_estimate,1580.287657000008,0.95,True,True,card_delivery_estimate,0.95,ok,False,283.25743799994234,True,card_delivery_estimate,ok,True,card_delivery_estimate,ok,0.95,gemini,True,False
1890.5315429999027,1902.3929210000206,True,verify_my_identity,ok,2904.2302449999843,test-3035,ok,banking,verify_my_identity,2565.208280999912,0.95,True,True,verify_my_identity,0.95,ok,False,319.2773649999872,True,verify_my_identity,ok,False,unable_to_verify_identity,ok,0.85,gemini,True,False
1719.6693059999961,1732.9850659999065,True,country_support,ok,327.9127640000079,test-3042,ok,banking,country_support,,,True,True,country_support,0.98,ok,True,316.1741949999705,True,country_support,ok,True,country_support,ok,1,jev,True,False
1748.9662229998503,1759.6012230000924,True,country_support,ok,3003.3801359999925,test-3049,ok,banking,country_support,2603.2403869999107,0.93,True,True,country_support,0.95,ok,False,377.9317999999039,False,order_physical_card,ok,True,country_support,ok,0.34,gemini,False,True
1466.5595449999673,1479.8074049999705,True,country_support,ok,1646.2485820000293,test-3050,ok,banking,country_support,1271.8050309999962,0.95,False,True,country_support,0.93,ok,False,349.72007300000405,True,country_support,ok,True,country_support,ok,0.78,gemini,True,False
1925.124010000145,1935.9605289997999,True,country_support,ok,330.8930949999485,test-3051,ok,banking,country_support,,,True,True,country_support,0.98,ok,True,321.9204449998215,True,country_support,ok,False,order_physical_card,ok,1,jev,True,False
2563.7568119999487,2575.265729999868,True,country_support,ok,1883.5414440000895,test-3058,ok,banking,country_support,1546.2364300000481,0.5,False,True,country_support,0.82,ok,False,313.7229150000494,False,atm_support,ok,False,atm_support,ok,0.77,gemini,False,True
1617.3146410000045,1629.3310010000132,True,country_support,ok,1749.8660909999162,test-3061,ok,banking,country_support,1404.6276589999907,0.88,False,True,country_support,0.88,ok,False,322.13964299997315,True,country_support,ok,True,country_support,ok,0.81,gemini,False,True
1465.0665250000002,1480.598774,False,card_acceptance,ok,2236.0516050000006,test-3067,ok,banking,country_support,1854.151664000001,0.95,True,False,card_acceptance,0.95,ok,False,357.0058229999995,True,country_support,ok,True,country_support,ok,0.99,gemini,True,False
1588.34531600005,1597.853206000058,True,card_delivery_estimate,ok,3879.065748000052,test-310,ok,banking,card_delivery_estimate,3554.94784300006,0.85,False,True,card_delivery_estimate,0.85,ok,False,303.09683599998243,False,card_arrival,ok,True,card_delivery_estimate,ok,0.71,gemini,False,True
1374.0500219999813,1386.5861720000394,True,card_delivery_estimate,ok,2430.7416499999817,test-313,ok,banking,card_delivery_estimate,2037.8662100000074,0.85,False,True,card_delivery_estimate,0.76,ok,False,366.8349710000912,False,card_arrival,ok,True,card_delivery_estimate,ok,0.61,gemini,False,True
3199.761288999929,3213.680677999975,True,automatic_top_up,ok,308.0613659999799,test-329,ok,banking,automatic_top_up,,,True,True,automatic_top_up,1,ok,True,295.0865980000235,True,automatic_top_up,ok,True,automatic_top_up,ok,1,jev,True,False
1432.5279289999744,1446.816998000024,True,card_arrival,ok,2477.519405000028,test-33,ok,banking,card_arrival,2089.3395350000355,0.95,True,True,card_arrival,0.95,ok,False,363.26432200009003,True,card_arrival,ok,True,card_arrival,ok,0.84,gemini,True,False
2206.6814770000055,2215.592066000012,True,automatic_top_up,ok,302.7683459999971,test-330,ok,banking,automatic_top_up,,,True,True,automatic_top_up,1,ok,True,293.29942700001993,True,automatic_top_up,ok,True,automatic_top_up,ok,1,jev,True,False
1607.7178459998686,1618.9818659999873,True,automatic_top_up,ok,322.06964399991557,test-332,ok,banking,automatic_top_up,,,True,True,automatic_top_up,1,ok,True,310.9150260000024,True,automatic_top_up,ok,True,automatic_top_up,ok,1,jev,True,False
6086.042377999984,6099.508977999911,False,lost_or_stolen_card,ok,6401.1508929999545,test-333,ok,banking,automatic_top_up,6071.624018999981,0.82,False,False,lost_or_stolen_card,0.82,ok,False,305.08858700003475,False,lost_or_stolen_card,ok,True,automatic_top_up,ok,0.25,gemini,False,True
1230.7499329999555,1240.0077419999288,True,automatic_top_up,ok,346.32456300000194,test-349,ok,banking,automatic_top_up,,,True,True,automatic_top_up,1,ok,True,335.0627139999997,True,automatic_top_up,ok,True,automatic_top_up,ok,1,jev,True,False
1821.5806270000758,1831.8199470000109,True,card_arrival,ok,1430.5314469999867,test-35,ok,banking,card_arrival,1102.0480029999744,0.98,True,True,card_arrival,0.95,ok,False,306.06128600006923,True,card_arrival,ok,True,card_arrival,ok,0.96,gemini,True,False
1801.9653790000011,1813.4074769999715,True,automatic_top_up,ok,293.2413280000328,test-350,ok,banking,automatic_top_up,,,True,True,automatic_top_up,1,ok,True,280.88745799998287,True,automatic_top_up,ok,True,automatic_top_up,ok,1,jev,True,False
2948.1469499999657,2963.27813900006,True,card_not_working,ok,370.796501000179,test-362,ok,banking,card_not_working,,,True,True,card_not_working,0.95,ok,True,359.8321720000822,True,card_not_working,ok,True,card_not_working,ok,1,jev,True,False
1468.8628640000243,1478.4945640000515,False,declined_card_payment,ok,285.74818800005596,test-377,ok,banking,card_not_working,,,True,False,declined_card_payment,0.98,ok,True,276.28492899995763,False,declined_card_payment,ok,False,declined_card_payment,ok,1,jev,True,False
1454.4982770000352,1465.0443559999694,True,card_not_working,ok,2791.552498999983,test-382,ok,banking,card_not_working,2444.1233069999726,0.9,False,True,card_not_working,0.85,ok,False,326.84372500004247,True,card_not_working,ok,True,card_not_working,ok,0.92,gemini,False,True
1515.2761319999117,1526.9053309999872,True,card_not_working,ok,427.09511799993925,test-390,ok,banking,card_not_working,,,True,True,card_not_working,0.95,ok,True,410.84487899998203,True,card_not_working,ok,True,card_not_working,ok,1,jev,True,False
1828.1258939999989,1837.5334230000008,True,card_not_working,ok,332.69492399999945,test-391,ok,banking,card_not_working,,,True,True,card_not_working,0.95,ok,True,322.23832400000174,True,card_not_working,ok,True,card_not_working,ok,1,jev,True,False
1593.2241570001934,1603.716894999845,True,card_not_working,ok,2459.897317999974,test-393,ok,banking,card_not_working,2108.569606000092,0.95,True,True,card_not_working,0.95,ok,False,322.576774999965,True,card_not_working,ok,False,declined_card_payment,ok,0.99,gemini,True,False
1858.1555550000048,1871.501952999999,True,exchange_via_app,ok,2193.6788970000052,test-409,ok,banking,exchange_via_app,1762.3835919999983,0.95,True,True,exchange_via_app,0.95,ok,False,399.5769679999794,False,exchange_rate,ok,True,exchange_via_app,ok,0.93,gemini,True,False
1597.0373360000085,1608.798654000042,False,card_acceptance,ok,1836.540605999995,test-416,ok,banking,exchange_via_app,1499.6633330000332,0.8,False,False,card_acceptance,0.8,ok,False,317.0790149999084,False,country_support,ok,False,receiving_money,ok,0.67,gemini,False,True
1550.9568000000436,1560.8953789999941,True,exchange_via_app,ok,4606.623198999965,test-420,ok,banking,exchange_via_app,4253.237697000033,0.92,False,True,exchange_via_app,0.85,ok,False,334.2826440000208,False,exchange_rate,ok,False,exchange_charge,ok,0.77,gemini,False,True
1572.5630769999698,1584.1696559998672,True,card_linking,ok,1761.3123939998914,test-43,ok,banking,card_linking,1370.2887840000913,0.8,True,True,card_linking,0.95,ok,False,368.8059910000302,True,card_linking,ok,True,card_linking,ok,0.98,gemini,False,True
2444.175897999987,2457.774697999994,True,exchange_via_app,ok,281.29667899999185,test-432,ok,banking,exchange_via_app,,,True,True,exchange_via_app,0.98,ok,True,263.99926899999264,True,exchange_via_app,ok,True,exchange_via_app,ok,1,jev,True,False
2519.552234999952,2531.2921440000646,True,exchange_via_app,ok,1805.2684300000547,test-433,ok,banking,exchange_via_app,1469.3054860000266,0.95,True,True,exchange_via_app,0.98,ok,False,306.97117600007914,True,exchange_via_app,ok,True,exchange_via_app,ok,0.95,gemini,True,False
1418.503329000203,1430.2747470000759,True,exchange_via_app,ok,1856.5029959999956,test-438,ok,banking,exchange_via_app,1489.852034999989,0.85,False,True,exchange_via_app,0.85,ok,False,343.41860299999826,True,exchange_via_app,ok,True,exchange_via_app,ok,0.74,gemini,False,True
1450.5795059999218,1464.0699449999956,True,lost_or_stolen_card,ok,337.3802040000446,test-440,ok,banking,lost_or_stolen_card,,,True,True,lost_or_stolen_card,0.98,ok,True,326.96691399998963,True,lost_or_stolen_card,ok,False,topping_up_by_card,ok,1,jev,True,False
1427.8037470000563,1441.158306999947,True,lost_or_stolen_card,ok,383.93097999994643,test-441,ok,banking,lost_or_stolen_card,,,True,True,lost_or_stolen_card,1,ok,True,371.24634199996945,True,lost_or_stolen_card,ok,True,lost_or_stolen_card,ok,1,jev,True,False
1800.307558999979,1811.2426679999917,True,lost_or_stolen_card,ok,2202.190906999982,test-453,ok,banking,lost_or_stolen_card,1871.9761239999789,0.73,False,True,lost_or_stolen_card,0.85,ok,False,312.05024499999126,False,verify_source_of_funds,ok,False,transaction_charged_twice,ok,0.32,gemini,False,True
1548.3288089999987,1559.3703370000003,True,lost_or_stolen_card,ok,312.747755999997,test-457,ok,banking,lost_or_stolen_card,,,True,True,lost_or_stolen_card,1,ok,True,301.5555769999919,True,lost_or_stolen_card,ok,True,lost_or_stolen_card,ok,1,jev,True,False
1671.582669999916,1683.8509880001657,True,card_linking,ok,2063.0896089999005,test-46,ok,banking,card_linking,1632.9878119998612,0.95,True,True,card_linking,0.95,ok,False,407.3026779999491,True,card_linking,ok,True,card_linking,ok,0.97,gemini,True,False
1753.4952020000055,1764.677302000011,True,lost_or_stolen_card,ok,4205.416931,test-460,ok,banking,lost_or_stolen_card,3873.909606999994,1,True,True,lost_or_stolen_card,1,ok,False,303.2224470000074,True,lost_or_stolen_card,ok,True,lost_or_stolen_card,ok,0.98,gemini,True,False
2794.1242689999635,2805.3093489999883,True,lost_or_stolen_card,ok,2540.7915209999774,test-463,ok,banking,lost_or_stolen_card,2139.6494629999506,0.98,True,True,lost_or_stolen_card,0.98,ok,False,374.33503099996597,True,lost_or_stolen_card,ok,True,lost_or_stolen_card,ok,0.97,gemini,True,False
1514.7983519999834,1529.173421000014,True,lost_or_stolen_card,ok,1791.9473810000054,test-467,ok,banking,lost_or_stolen_card,1464.924446000019,0.98,True,True,lost_or_stolen_card,0.98,ok,False,304.0330060000124,False,card_swallowed,ok,False,declined_card_payment,ok,0.75,gemini,True,False
1405.0720600000059,1417.1641090000048,True,age_limit,ok,352.15299200001755,test-484,ok,banking,age_limit,,,True,True,age_limit,1,ok,True,342.3346029999957,True,age_limit,ok,True,age_limit,ok,1,jev,True,False
1515.7862520001363,1528.8504699999467,True,age_limit,ok,327.2915250000078,test-486,ok,banking,age_limit,,,True,True,age_limit,1,ok,True,315.5214150000829,True,age_limit,ok,True,age_limit,ok,1,jev,True,False
1451.6963470000774,1464.624544999795,True,age_limit,ok,1874.1413739998825,test-496,ok,banking,age_limit,1537.7728499998339,0.98,True,True,age_limit,0.98,ok,False,316.20889599993825,True,age_limit,ok,True,age_limit,ok,0.98,gemini,True,False
1636.2079420000082,1647.3312319999968,True,age_limit,ok,353.1382830000075,test-499,ok,banking,age_limit,,,True,True,age_limit,1,ok,True,342.8006629999727,True,age_limit,ok,True,age_limit,ok,1,jev,True,False
2724.220837000059,2736.3402060000226,True,card_linking,ok,308.56957599997986,test-50,ok,banking,card_linking,,,True,True,card_linking,1,ok,True,297.5333569999784,True,card_linking,ok,True,card_linking,ok,1,jev,True,False
1493.8694840000098,1506.9267339999933,True,age_limit,ok,333.5613139999914,test-504,ok,banking,age_limit,,,True,True,age_limit,0.98,ok,True,319.51407600000675,True,age_limit,ok,True,age_limit,ok,1,jev,True,False
1377.945011000149,1389.7173810000531,True,age_limit,ok,449.65419499995187,test-517,ok,banking,age_limit,,,True,True,age_limit,1,ok,True,436.5100660000462,True,age_limit,ok,True,age_limit,ok,1,jev,True,False
1426.707119999919,1438.0831389999948,True,age_limit,ok,385.03063900000416,test-519,ok,banking,age_limit,,,True,True,age_limit,1,ok,True,373.8288710000925,True,age_limit,ok,True,age_limit,ok,1,jev,True,False
1410.5066499999957,1422.952999000001,True,pin_blocked,ok,457.26424399999087,test-528,ok,banking,pin_blocked,,,True,True,pin_blocked,1,ok,True,442.44079500000225,True,pin_blocked,ok,True,pin_blocked,ok,1,jev,True,False
1693.053628000198,1704.3164069999475,False,card_swallowed,ok,417.45690799993463,test-537,ok,banking,pin_blocked,,,True,False,card_swallowed,1,ok,True,406.81360800005496,False,card_swallowed,ok,True,pin_blocked,ok,1,jev,True,False
1408.5017699999735,1419.9968599999556,True,pin_blocked,ok,1934.0099569999147,test-541,ok,banking,pin_blocked,1634.0291519999737,0.98,True,True,pin_blocked,0.98,ok,False,278.03313799994066,True,pin_blocked,ok,True,pin_blocked,ok,0.99,gemini,True,False
1492.1844730000012,1502.5889329999918,True,pin_blocked,ok,1864.5715349999955,test-543,ok,banking,pin_blocked,1520.4443919999758,0.42,False,True,pin_blocked,0.4,ok,False,325.0128539999714,True,pin_blocked,ok,False,cash_withdrawal_charge,ok,0.45,gemini,False,True
1359.2098449999467,1370.880502999993,True,pin_blocked,ok,359.83741099992767,test-547,ok,banking,pin_blocked,,,True,True,pin_blocked,1,ok,True,349.375961999991,True,pin_blocked,ok,True,pin_blocked,ok,1,jev,True,False
1885.3535120000015,1896.217681000002,False,activate_my_card,ok,2098.4864670000024,test-55,ok,banking,card_linking,1758.950002000005,0.95,True,False,activate_my_card,0.95,ok,False,320.35490500000014,False,activate_my_card,ok,True,card_linking,ok,0.95,gemini,True,False
1668.4004160000477,1680.2154650000157,True,pin_blocked,ok,303.52058599999873,test-557,ok,banking,pin_blocked,,,True,True,pin_blocked,1,ok,True,287.2806279999786,True,pin_blocked,ok,True,pin_blocked,ok,1,jev,True,False
1805.2655900000245,1815.1179999999586,True,contactless_not_working,ok,415.88303799997084,test-561,ok,banking,contactless_not_working,,,True,True,contactless_not_working,1,ok,True,405.7131980000413,True,contactless_not_working,ok,False,card_not_working,ok,1,jev,True,False
2150.3770940001123,2167.017112000147,True,contactless_not_working,ok,319.71510600019246,test-563,ok,banking,contactless_not_working,,,True,True,contactless_not_working,1,ok,True,307.05031600012444,True,contactless_not_working,ok,False,card_not_working,ok,1,jev,True,False
1501.7798639999237,1513.4648219998926,True,contactless_not_working,ok,378.3078909998294,test-567,ok,banking,contactless_not_working,,,True,True,contactless_not_working,1,ok,True,370.8512309999205,True,contactless_not_working,ok,True,contactless_not_working,ok,1,jev,True,False
1483.50776399998,1496.2731529999292,True,contactless_not_working,ok,312.30069599999115,test-568,ok,banking,contactless_not_working,,,True,True,contactless_not_working,1,ok,True,300.20227699994575,True,contactless_not_working,ok,True,contactless_not_working,ok,1,jev,True,False
2843.9658979999367,2856.923488000175,True,card_linking,ok,2083.5372179998085,test-57,ok,banking,card_linking,1733.0221159998327,0.85,False,True,card_linking,0.9,ok,False,328.3920839999337,False,card_arrival,ok,True,card_linking,ok,0.52,gemini,False,True
1674.021330999909,1684.0222000000067,True,contactless_not_working,ok,325.99653400015086,test-570,ok,banking,contactless_not_working,,,True,True,contactless_not_working,1,ok,True,316.5167449999135,True,contactless_not_working,ok,True,contactless_not_working,ok,1,jev,True,False
1525.1957310000143,1537.1844699999783,True,contactless_not_working,ok,323.35554499999853,test-587,ok,banking,contactless_not_working,,,True,True,contactless_not_working,1,ok,True,313.89736500001163,True,contactless_not_working,ok,True,contactless_not_working,ok,1,jev,True,False
1677.3177980000037,1690.7742370000342,False,card_acceptance,ok,1905.353110999975,test-598,ok,banking,contactless_not_working,1540.563989999995,0.95,True,False,card_acceptance,0.95,ok,False,340.3134929999942,False,card_acceptance,ok,True,contactless_not_working,ok,0.71,gemini,True,False
1469.0611639999988,1481.3358239999943,True,card_linking,ok,296.40340700000525,test-60,ok,banking,card_linking,,,True,True,card_linking,1,ok,True,285.8602180000016,True,card_linking,ok,True,card_linking,ok,1,jev,True,False
1828.0403059999808,1838.7053150000283,False,transfer_into_account,ok,1926.220970000024,test-604,ok,banking,top_up_by_bank_transfer_charge,1633.3380919999909,0.8,False,False,transfer_into_account,0.85,ok,False,272.2110189999803,False,transfer_into_account,ok,True,top_up_by_bank_transfer_charge,ok,0.82,gemini,False,True
1538.131018999993,1549.3568579999846,False,receiving_money,ok,1938.2447479999973,test-613,ok,banking,top_up_by_bank_transfer_charge,1597.6908249999979,0.95,False,False,receiving_money,0.85,ok,False,315.16693499998655,False,receiving_money,ok,True,top_up_by_bank_transfer_charge,ok,0.92,gemini,True,False
1514.6952119998168,1529.4619209999219,False,top_up_by_card_charge,ok,2057.2847100000363,test-618,ok,banking,top_up_by_bank_transfer_charge,1683.2032290000934,0.8,False,False,top_up_by_card_charge,0.8,ok,False,350.3709820001386,False,top_up_by_card_charge,ok,False,top_up_by_card_charge,ok,0.77,gemini,False,True
2316.7006879999535,2330.5320170000196,False,transfer_fee_charged,ok,1867.1574619999155,test-623,ok,banking,top_up_by_bank_transfer_charge,1572.1873070000438,0.98,True,False,transfer_fee_charged,0.98,ok,False,271.464568000054,False,transfer_fee_charged,ok,True,top_up_by_bank_transfer_charge,ok,0.96,gemini,True,False
1408.5671510000248,1417.6866409999784,True,top_up_by_bank_transfer_charge,ok,2097.359577000141,test-631,ok,banking,top_up_by_bank_transfer_charge,1505.104813999962,1,True,True,top_up_by_bank_transfer_charge,0.98,ok,False,571.633256000001,True,top_up_by_bank_transfer_charge,ok,False,transfer_fee_charged,ok,0.99,gemini,True,False
2107.1663049999624,2120.5053949999856,False,receiving_money,ok,3946.992039999983,test-634,ok,banking,top_up_by_bank_transfer_charge,3528.6330130000133,0.95,False,False,receiving_money,0.85,ok,False,388.6326489999774,False,receiving_money,ok,True,top_up_by_bank_transfer_charge,ok,0.47,gemini,True,False
1542.937510000018,1556.4677280000033,False,receiving_money,ok,2650.121093000009,test-637,ok,banking,top_up_by_bank_transfer_charge,2356.8204669999977,0.85,False,False,receiving_money,0.8,ok,False,270.06628899999487,False,receiving_money,ok,True,top_up_by_bank_transfer_charge,ok,0.88,gemini,False,True
1395.2881909999996,1403.8242399999872,True,pending_top_up,ok,642.8465999998152,test-655,ok,banking,pending_top_up,,,True,True,pending_top_up,1,ok,True,631.9596510000993,True,pending_top_up,ok,False,pending_card_payment,ok,1,jev,True,False
1401.970670999959,1412.2890200000256,True,pending_top_up,ok,339.80374399991706,test-659,ok,banking,pending_top_up,,,True,True,pending_top_up,0.98,ok,True,330.2254839998204,True,pending_top_up,ok,True,pending_top_up,ok,1,jev,True,False
1550.081719000009,1560.9543670000276,True,pending_top_up,ok,2725.896497000009,test-662,ok,banking,pending_top_up,2296.202099999995,0.93,False,True,pending_top_up,0.85,ok,False,402.4805590000469,False,top_up_failed,ok,True,pending_top_up,ok,0.42,gemini,False,True
6232.040095000062,6244.173224000027,False,top_up_failed,ok,2176.662740000058,test-666,ok,banking,pending_top_up,1810.4998679999262,0.93,False,False,top_up_failed,0.8,ok,False,344.4216430000961,False,top_up_failed,ok,False,top_up_failed,ok,0.99,gemini,False,True
1913.283552999841,1922.9825020001736,True,pending_top_up,ok,373.7179110001307,test-674,ok,banking,pending_top_up,,,True,True,pending_top_up,0.98,ok,True,364.77836200012825,True,pending_top_up,ok,True,pending_top_up,ok,1,jev,True,False
1668.8041700000176,1681.215419999964,True,pending_top_up,ok,309.5122959999717,test-678,ok,banking,pending_top_up,,,True,True,pending_top_up,0.98,ok,True,297.6117470000172,True,pending_top_up,ok,True,pending_top_up,ok,1,jev,True,False
1790.1245399999898,1799.8957300000184,True,cancel_transfer,ok,1817.5246969999862,test-686,ok,banking,cancel_transfer,1445.947537,1,True,True,cancel_transfer,1,ok,False,348.55173300000024,True,cancel_transfer,ok,True,cancel_transfer,ok,0.98,gemini,True,False
1505.1464629999828,1517.5438109999523,True,cancel_transfer,ok,310.5365059999749,test-690,ok,banking,cancel_transfer,,,True,True,cancel_transfer,1,ok,True,300.85594600008335,True,cancel_transfer,ok,True,cancel_transfer,ok,1,jev,True,False
3950.0724100000225,3963.2043090000516,True,cancel_transfer,ok,341.3577720000176,test-698,ok,banking,cancel_transfer,,,True,True,cancel_transfer,1,ok,True,331.89620199997444,True,cancel_transfer,ok,True,cancel_transfer,ok,1,jev,True,False
1899.8756919999141,1912.0202209998388,True,cancel_transfer,ok,2011.2955839999486,test-701,ok,banking,cancel_transfer,1625.891353999963,0.95,False,True,cancel_transfer,0.9,ok,False,364.3225420000963,True,cancel_transfer,ok,True,cancel_transfer,ok,0.74,gemini,True,False
1489.505534000229,1499.6743440001737,True,cancel_transfer,ok,1747.0171139999293,test-702,ok,banking,cancel_transfer,1379.7586119999178,0.85,False,True,cancel_transfer,0.85,ok,False,346.4173530000262,True,cancel_transfer,ok,True,cancel_transfer,ok,0.97,gemini,False,True
1543.928218999994,1553.3820890000206,True,cancel_transfer,ok,2183.5893700000015,test-714,ok,banking,cancel_transfer,1827.1266279999982,1,True,True,cancel_transfer,1,ok,False,324.0598850000533,True,cancel_transfer,ok,True,cancel_transfer,ok,0.99,gemini,True,False
1645.0520920000272,1659.5018600000185,True,cancel_transfer,ok,2053.400340000051,test-719,ok,banking,cancel_transfer,1712.8707279999508,0.85,False,True,cancel_transfer,0.85,ok,False,314.6301959999837,True,cancel_transfer,ok,True,cancel_transfer,ok,0.98,gemini,False,True
4447.12015400012,4456.587743000127,True,top_up_limits,ok,772.1760100000538,test-727,ok,banking,top_up_limits,,,True,True,top_up_limits,1,ok,True,761.3623999999836,True,top_up_limits,ok,True,top_up_limits,ok,1,jev,True,False
4583.490071000007,4597.443950000044,True,top_up_limits,ok,335.8922029999667,test-728,ok,banking,top_up_limits,,,True,True,top_up_limits,1,ok,True,316.10723500000313,True,top_up_limits,ok,True,top_up_limits,ok,1,jev,True,False
1880.7577830000082,1892.114731999929,True,top_up_limits,ok,283.5452970000915,test-731,ok,banking,top_up_limits,,,True,True,top_up_limits,1,ok,True,273.9393680000212,True,top_up_limits,ok,True,top_up_limits,ok,1,jev,True,False
1504.1940119999927,1517.471510999836,True,top_up_limits,ok,354.085522999987,test-733,ok,banking,top_up_limits,,,True,True,top_up_limits,1,ok,True,344.45128399995156,True,top_up_limits,ok,True,top_up_limits,ok,1,jev,True,False
1204.9819949999219,1217.1238740000408,True,top_up_limits,ok,298.58468700002413,test-747,ok,banking,top_up_limits,,,True,True,top_up_limits,1,ok,True,284.81770799995866,True,top_up_limits,ok,True,top_up_limits,ok,1,jev,True,False
1369.078302000009,1380.4373210000049,True,top_up_limits,ok,332.50814399999217,test-752,ok,banking,top_up_limits,,,True,True,top_up_limits,1,ok,True,322.20857500002603,True,top_up_limits,ok,True,top_up_limits,ok,1,jev,True,False
1816.4648880000022,1831.1250269999873,True,wrong_amount_of_cash_received,ok,355.8414530000009,test-776,ok,banking,wrong_amount_of_cash_received,,,True,True,wrong_amount_of_cash_received,0.98,ok,True,345.99869300000137,True,wrong_amount_of_cash_received,ok,True,wrong_amount_of_cash_received,ok,1,jev,True,False
1558.4280000000726,1568.6300089999568,True,wrong_amount_of_cash_received,ok,327.9696549999062,test-779,ok,banking,wrong_amount_of_cash_received,,,True,True,wrong_amount_of_cash_received,0.98,ok,True,318.50934499991126,True,wrong_amount_of_cash_received,ok,True,wrong_amount_of_cash_received,ok,1,jev,True,False
1636.2712610000017,1646.3057310000004,True,card_linking,ok,2040.764572,test-78,ok,banking,card_linking,1715.3153680000105,0.98,True,True,card_linking,0.96,ok,False,306.446226,True,card_linking,ok,True,card_linking,ok,0.98,gemini,True,False
1807.0726499999873,1819.2461500000209,True,wrong_amount_of_cash_received,ok,429.4425260000862,test-781,ok,banking,wrong_amount_of_cash_received,,,True,True,wrong_amount_of_cash_received,1,ok,True,417.48607699992135,True,wrong_amount_of_cash_received,ok,True,wrong_amount_of_cash_received,ok,1,jev,True,False
4462.815153000061,4475.625591999968,True,wrong_amount_of_cash_received,ok,272.7929390000645,test-787,ok,banking,wrong_amount_of_cash_received,,,True,True,wrong_amount_of_cash_received,0.95,ok,True,261.147668999969,True,wrong_amount_of_cash_received,ok,True,wrong_amount_of_cash_received,ok,1,jev,True,False
1859.2784259999971,1870.4186850000042,True,wrong_amount_of_cash_received,ok,421.9641469999988,test-788,ok,banking,wrong_amount_of_cash_received,,,True,True,wrong_amount_of_cash_received,1,ok,True,412.1598989999984,True,wrong_amount_of_cash_received,ok,True,wrong_amount_of_cash_received,ok,1,jev,True,False
1438.9547480000183,1451.6017579999752,True,wrong_amount_of_cash_received,ok,1917.0001400001347,test-796,ok,banking,wrong_amount_of_cash_received,1541.9864389998838,0.95,True,True,wrong_amount_of_cash_received,0.95,ok,False,356.8963119999971,True,wrong_amount_of_cash_received,ok,True,wrong_amount_of_cash_received,ok,0.99,gemini,True,False
1855.3286450000014,1867.522404000163,True,exchange_rate,ok,450.5963749999646,test-81,ok,banking,exchange_rate,,,True,True,exchange_rate,1,ok,True,442.4959750000853,True,exchange_rate,ok,True,exchange_rate,ok,1,jev,True,False
5440.897716999985,5453.444525999948,True,card_payment_fee_charged,ok,1906.3931609999854,test-815,ok,banking,card_payment_fee_charged,1525.4300509998575,0.8,False,True,card_payment_fee_charged,0.65,ok,False,357.65532199991867,True,card_payment_fee_charged,ok,True,card_payment_fee_charged,ok,0.55,gemini,False,True
1480.8155350000598,1492.6620839999523,True,card_payment_fee_charged,ok,428.7436970002018,test-818,ok,banking,card_payment_fee_charged,,,True,True,card_payment_fee_charged,0.98,ok,True,419.00131700001657,True,card_payment_fee_charged,ok,True,card_payment_fee_charged,ok,1,jev,True,False
1444.9709169999987,1458.8495760000078,True,card_payment_fee_charged,ok,2598.996226999996,test-821,ok,banking,card_payment_fee_charged,2197.1006979999947,0.85,False,True,card_payment_fee_charged,0.85,ok,False,382.5581300000049,True,card_payment_fee_charged,ok,True,card_payment_fee_charged,ok,0.84,gemini,False,True
5285.439490000019,5305.905558999977,True,card_payment_fee_charged,ok,3257.2188750000205,test-824,ok,banking,card_payment_fee_charged,2903.167763000005,0.85,False,True,card_payment_fee_charged,0.8,ok,False,329.7746839999454,False,extra_charge_on_statement,ok,True,card_payment_fee_charged,ok,0.68,gemini,False,True
1584.3610959999496,1598.2391349999234,True,card_payment_fee_charged,ok,1744.4392929999158,test-826,ok,banking,card_payment_fee_charged,1434.0461660000728,0.95,True,True,card_payment_fee_charged,0.95,ok,False,282.4999689999968,True,card_payment_fee_charged,ok,True,card_payment_fee_charged,ok,0.98,gemini,True,False
1419.064541000058,1432.0708500000183,True,exchange_rate,ok,356.49769199988805,test-83,ok,banking,exchange_rate,,,True,True,exchange_rate,0.98,ok,True,344.1777739999816,True,exchange_rate,ok,True,exchange_rate,ok,1,jev,True,False
1600.7726539999712,1612.0943429999752,True,card_payment_fee_charged,ok,3295.2524520000443,test-832,ok,banking,card_payment_fee_charged,2958.8569669999415,0.95,False,True,card_payment_fee_charged,0.9,ok,False,316.415634999983,True,card_payment_fee_charged,ok,True,card_payment_fee_charged,ok,0.95,gemini,True,False
4737.662850999972,4749.373141000047,True,card_payment_fee_charged,ok,285.0862780000316,test-836,ok,banking,card_payment_fee_charged,,,True,True,card_payment_fee_charged,1,ok,True,274.6610380000202,True,card_payment_fee_charged,ok,True,card_payment_fee_charged,ok,1,jev,True,False
2051.1431390000507,2060.1687480000546,True,transfer_not_received_by_recipient,ok,1909.649790000054,test-850,ok,banking,transfer_not_received_by_recipient,1610.2552629999118,0.95,True,True,transfer_not_received_by_recipient,0.95,ok,False,279.5757980000926,True,transfer_not_received_by_recipient,ok,True,transfer_not_received_by_recipient,ok,0.99,gemini,True,False
2145.67360200001,2156.8510319999914,True,transfer_not_received_by_recipient,ok,291.9360980000056,test-853,ok,banking,transfer_not_received_by_recipient,,,True,True,transfer_not_received_by_recipient,0.98,ok,True,280.2217479999963,True,transfer_not_received_by_recipient,ok,True,transfer_not_received_by_recipient,ok,1,jev,True,False
1662.3902290000115,1673.558698000037,True,transfer_not_received_by_recipient,ok,303.6341259999899,test-855,ok,banking,transfer_not_received_by_recipient,,,True,True,transfer_not_received_by_recipient,0.98,ok,True,293.8169169999892,True,transfer_not_received_by_recipient,ok,True,transfer_not_received_by_recipient,ok,1,jev,True,False
538.1383790001273,550.3665769998915,True,transfer_not_received_by_recipient,ok,2283.9054509999696,test-861,ok,banking,transfer_not_received_by_recipient,1835.733445999911,0.85,False,False,,,error,False,426.4159969999455,False,pending_transfer,ok,True,transfer_not_received_by_recipient,ok,0.72,gemini,False,True
3460.702000999998,3471.500800000038,False,pending_transfer,ok,2890.581435,test-867,ok,banking,transfer_not_received_by_recipient,2575.3241600000183,0.65,False,False,pending_transfer,0.55,ok,False,295.19582699995954,False,transfer_timing,ok,False,pending_card_payment,ok,0.54,gemini,False,True
1445.4871480001602,1456.301856999984,False,pending_transfer,ok,1785.4343319998588,test-878,ok,banking,transfer_not_received_by_recipient,1501.8350430000573,0.55,False,False,pending_transfer,0.55,ok,False,261.98039000015706,False,pending_transfer,ok,True,transfer_not_received_by_recipient,ok,0.69,gemini,False,True
1364.45950300002,1376.0346920000156,True,transfer_not_received_by_recipient,ok,1999.709944000002,test-879,ok,banking,transfer_not_received_by_recipient,1687.734637000016,0.85,False,True,transfer_not_received_by_recipient,0.8,ok,False,292.8416380000417,True,transfer_not_received_by_recipient,ok,True,transfer_not_received_by_recipient,ok,0.42,gemini,False,True
1390.9339120000368,1404.0284120000433,True,supported_cards_and_currencies,ok,2098.484034999972,test-890,ok,banking,supported_cards_and_currencies,1749.6830920000793,0.95,True,True,supported_cards_and_currencies,0.95,ok,False,327.21769499999937,False,topping_up_by_card,ok,True,supported_cards_and_currencies,ok,0.84,gemini,True,False
1510.3079319999088,1521.4652909999713,False,fiat_currency_support,ok,2342.8614689998794,test-901,ok,banking,supported_cards_and_currencies,1883.6044349998701,0.8,True,False,fiat_currency_support,0.95,ok,False,435.4603059999645,True,supported_cards_and_currencies,ok,True,supported_cards_and_currencies,ok,0.55,gemini,False,True
1957.4496679999866,1970.1005359999835,True,supported_cards_and_currencies,ok,2259.6838950000238,test-902,ok,banking,supported_cards_and_currencies,1904.6700029999483,0.88,False,True,supported_cards_and_currencies,0.88,ok,False,337.5827140000183,False,card_acceptance,ok,True,supported_cards_and_currencies,ok,0.85,gemini,False,True
1838.3359270000365,1848.549464999931,True,supported_cards_and_currencies,ok,1731.0388569999486,test-909,ok,banking,supported_cards_and_currencies,1378.5806529999245,0.88,False,True,supported_cards_and_currencies,0.88,ok,False,332.0193140001502,True,supported_cards_and_currencies,ok,True,supported_cards_and_currencies,ok,0.4,gemini,False,True
1590.0644949999405,1604.008564000018,True,supported_cards_and_currencies,ok,2039.8032009999733,test-911,ok,banking,supported_cards_and_currencies,1710.6886470000027,0.95,True,True,supported_cards_and_currencies,0.95,ok,False,304.4748959999997,True,supported_cards_and_currencies,ok,True,supported_cards_and_currencies,ok,0.76,gemini,True,False
2083.9986380001064,2095.375176999951,False,fiat_currency_support,ok,2025.9354929998517,test-912,ok,banking,supported_cards_and_currencies,1595.547246000031,0.95,True,False,fiat_currency_support,0.95,ok,False,409.6119480000343,False,fiat_currency_support,ok,True,supported_cards_and_currencies,ok,0.86,gemini,True,False
1502.1505919999909,1513.8247909999918,True,supported_cards_and_currencies,ok,325.816664999933,test-915,ok,banking,supported_cards_and_currencies,,,True,True,supported_cards_and_currencies,0.98,ok,True,313.53322599991225,True,supported_cards_and_currencies,ok,True,supported_cards_and_currencies,ok,1,jev,True,False
1708.5802580001764,1717.9803870001342,True,getting_virtual_card,ok,2282.514372000005,test-924,ok,banking,getting_virtual_card,1978.28088700003,0.98,True,True,getting_virtual_card,0.98,ok,False,283.37207699986175,True,getting_virtual_card,ok,False,order_physical_card,ok,0.99,gemini,True,False
1758.3489319999935,1776.133080999949,True,getting_virtual_card,ok,1504.943843999994,test-933,ok,banking,getting_virtual_card,1189.5778970000101,1,True,True,getting_virtual_card,1,ok,False,292.5495370000135,True,getting_virtual_card,ok,True,getting_virtual_card,ok,0.98,gemini,True,False
1449.518425999966,1460.2856850000098,True,exchange_rate,ok,309.84208599996055,test-94,ok,banking,exchange_rate,,,True,True,exchange_rate,0.95,ok,True,298.68391700001666,True,exchange_rate,ok,True,exchange_rate,ok,1,jev,True,False
1488.80666500004,1497.4904549999628,True,getting_virtual_card,ok,2009.9975040000863,test-940,ok,banking,getting_virtual_card,1683.243788999971,1,True,True,getting_virtual_card,0.98,ok,False,307.1237160000019,True,getting_virtual_card,ok,True,getting_virtual_card,ok,0.99,gemini,True,False
1581.500515999971,1595.099853999971,True,getting_virtual_card,ok,2058.1790880000335,test-949,ok,banking,getting_virtual_card,1691.3301870000432,0.95,False,True,getting_virtual_card,0.93,ok,False,342.64021300000604,True,getting_virtual_card,ok,True,getting_virtual_card,ok,0.81,gemini,True,False
1623.9560420000926,1638.1069819999393,True,getting_virtual_card,ok,1924.6042420000304,test-951,ok,banking,getting_virtual_card,1585.6503870000597,1,True,True,getting_virtual_card,0.98,ok,False,314.5403750000987,True,getting_virtual_card,ok,True,getting_virtual_card,ok,0.98,gemini,True,False
1448.8110769999912,1463.9029459999874,True,getting_virtual_card,ok,2031.5093580000103,test-955,ok,banking,getting_virtual_card,1673.3100470000063,0.95,True,True,getting_virtual_card,0.95,ok,False,332.54270400002133,False,card_delivery_estimate,ok,True,getting_virtual_card,ok,0.5,gemini,True,False
1366.903583999956,1379.5994829999981,True,card_acceptance,ok,1729.9724350000033,test-962,ok,banking,card_acceptance,1429.4538889999967,0.95,True,True,card_acceptance,0.95,ok,False,277.0646290000295,True,card_acceptance,ok,True,card_acceptance,ok,0.74,gemini,True,False
1569.6294280001894,1582.9708279999904,True,card_acceptance,ok,2432.904942000052,test-967,ok,banking,card_acceptance,2116.784905999899,0.98,True,True,card_acceptance,0.98,ok,False,287.7220570000354,True,card_acceptance,ok,False,card_not_working,ok,0.97,gemini,True,False
2416.6582019999623,2426.5771520000417,True,card_acceptance,ok,1894.0444229999557,test-969,ok,banking,card_acceptance,1504.6088529999834,1,True,True,card_acceptance,0.98,ok,False,367.9279219999444,True,card_acceptance,ok,True,card_acceptance,ok,0.99,gemini,True,False
1514.28449,1527.2904600000002,True,exchange_rate,ok,275.348727999999,test-97,ok,banking,exchange_rate,,,True,True,exchange_rate,0.95,ok,True,263.2147299999997,True,exchange_rate,ok,True,exchange_rate,ok,1,jev,True,False
1846.7678360000718,1857.9407359999605,True,card_acceptance,ok,1995.5650649999734,test-978,ok,banking,card_acceptance,1591.9577760000248,0.98,True,True,card_acceptance,1,ok,False,382.2365900001023,True,card_acceptance,ok,True,card_acceptance,ok,0.99,gemini,True,False
2367.8076449999935,2378.7560439999797,True,card_acceptance,ok,1919.2875609999755,test-979,ok,banking,card_acceptance,1571.5487669999711,0.95,True,True,card_acceptance,0.95,ok,False,328.58613499999046,True,card_acceptance,ok,False,card_not_working,ok,0.69,gemini,True,False
2111.865846999921,2122.9910950001795,True,exchange_rate,ok,283.5526580000296,test-99,ok,banking,exchange_rate,,,True,True,exchange_rate,1,ok,True,273.9399980001617,True,exchange_rate,ok,True,exchange_rate,ok,1,jev,True,False
1592.7333060000092,1605.7749549999135,True,card_acceptance,ok,2343.14214599994,test-991,ok,banking,card_acceptance,1985.4308350000065,0.95,True,True,card_acceptance,0.95,ok,False,335.6834830000298,True,card_acceptance,ok,False,card_not_working,ok,0.88,gemini,True,False
