baseline_accounted_usd,baseline_billed_subtotal_usd,baseline_component_ms,baseline_unknown_bill_calls,baseline_wall_ms,cascade_accounted_usd,cascade_billed_subtotal_usd,cascade_correct,cascade_predicted,cascade_status,cascade_unknown_bill_calls,cascade_wall_ms,caseId,chosen_status,cohort,dataset,expected,fallback_component_ms,fallback_probability,frozen_path_order,gemini_baseline_accept,gemini_correct,gemini_predicted,gemini_probability,gemini_status,jev_accept,jev_component_ms,jev_correct,jev_predicted,jev_status,local_accepted,local_correct,local_predicted,local_score,local_status,native_confidence,route,safety_accept,safety_human_defer,sourceCategory,text
0.00170025,0.00170025,2715.938216999988,0,2729.0083250000607,0.001861326,0.001861326,True,card_arrival,ok,0,3005.9676050000126,test-0,ok,banking,banking77,card_arrival,2596.515466999961,0.8,"gemini,cascade",False,True,card_arrival,0.8,ok,False,387.12707999988925,False,lost_or_stolen_card,ok,False,False,card_linking,0.05558941739877052,ok,0.93,gemini,False,True,,How do I locate my card?
0.000648,0.000648,1434.6675689998083,0,1447.9445689998101,0.000716418,0.000716418,True,top_up_reverted,ok,0,1948.7339490000159,test-1007,ok,banking,banking77,top_up_reverted,1553.3497089999728,0.95,"gemini,cascade",True,True,top_up_reverted,0.95,ok,False,376.32820999994874,True,top_up_reverted,ok,False,True,top_up_reverted,0.17381354613538771,ok,0.93,gemini,True,False,,"I topped up my account and even though it was confirmed at first, the money isn't there anymore! why did this happen, and where did my money go?"
0.0006315,0.0006315,6321.568437000038,0,6339.652915999992,6.7494e-05,6.7494e-05,True,top_up_reverted,ok,0,345.6341629999224,test-1009,ok,banking,banking77,top_up_reverted,,,"gemini,cascade",True,True,top_up_reverted,0.99,ok,True,333.33230399992317,True,top_up_reverted,ok,True,True,top_up_reverted,0.6249454797295072,ok,1,jev,True,False,,"My top-up was reverted, why did this happen?"
0.000636,0.000636,1496.1991029998753,0,1509.5023219999857,0.000703746,0.000703746,False,top_up_failed,ok,0,1914.0925809999462,test-1010,ok,banking,banking77,top_up_reverted,1582.3390170000494,0.95,"gemini,cascade",False,False,top_up_failed,0.92,ok,False,314.2543560001068,False,top_up_failed,ok,False,False,balance_not_updated_after_cheque_or_cash_deposit,0.15267515999708323,ok,0.88,gemini,True,False,,I put money into my account for the minimum balance but the application didn't accept.
0.00062475,0.00062475,2064.429257999989,0,2077.0452569999034,6.7368e-05,6.7368e-05,True,top_up_reverted,ok,0,326.726234999951,test-1018,ok,banking,banking77,top_up_reverted,,,"gemini,cascade",True,True,top_up_reverted,1,ok,True,316.39977500005625,True,top_up_reverted,ok,True,True,top_up_reverted,0.46032588721929824,ok,1,jev,True,False,,I topped up but the app reverted it
0.00062325,0.00062325,1572.9550680001266,0,1585.2295870000962,6.7284e-05,6.7284e-05,True,top_up_reverted,ok,0,383.89506000000983,test-1028,ok,banking,banking77,top_up_reverted,,,"gemini,cascade",True,True,top_up_reverted,1,ok,True,372.8146209998522,True,top_up_reverted,ok,True,True,top_up_reverted,0.4743266200076248,ok,1,jev,True,False,,Was my top up reversed?
0.0006315,0.0006315,2848.9825960000016,0,2860.691816000006,0.000698994,0.000698994,True,top_up_reverted,ok,0,2498.5911840000044,test-1030,ok,banking,banking77,top_up_reverted,2118.916784000001,0.85,"gemini,cascade",False,True,top_up_reverted,0.85,ok,False,345.12295299999823,True,top_up_reverted,ok,True,True,top_up_reverted,0.48555499557128107,ok,0.68,gemini,False,True,,Do you know if my top-up has been cancelled?
0.00065625,0.00065625,1195.0941060000332,0,1207.6721950001083,0.00072513,0.00072513,True,balance_not_updated_after_cheque_or_cash_deposit,ok,0,2412.7284409999847,test-1040,ok,banking,banking77,balance_not_updated_after_cheque_or_cash_deposit,2056.9390889999922,0.98,"gemini,cascade",True,True,balance_not_updated_after_cheque_or_cash_deposit,0.98,ok,False,338.3442229999928,True,balance_not_updated_after_cheque_or_cash_deposit,ok,False,True,balance_not_updated_after_cheque_or_cash_deposit,0.22937762340011053,ok,0.99,gemini,True,False,,I tried making an update to my balance using cheque just yesterday but it doesn't appear to have worked. Should this not be a faster process? I need you to please check over my account because something has went wrong.
0.00063225,0.00063225,1457.8678660000442,0,1469.9323149999836,0.000699828,0.000699828,True,balance_not_updated_after_cheque_or_cash_deposit,ok,0,1860.0878560000565,test-1047,ok,banking,banking77,balance_not_updated_after_cheque_or_cash_deposit,1489.9447249999503,0.95,"gemini,cascade",True,True,balance_not_updated_after_cheque_or_cash_deposit,0.95,ok,False,349.8978430000134,True,balance_not_updated_after_cheque_or_cash_deposit,ok,True,True,balance_not_updated_after_cheque_or_cash_deposit,0.5115701947335927,ok,0.85,gemini,True,False,,When will I see the cash I deposited this morning as available?
0.00062775,0.00062775,1554.9886470000492,0,1565.5609969999641,6.7536e-05,6.7536e-05,True,balance_not_updated_after_cheque_or_cash_deposit,ok,0,335.9113339999458,test-1057,ok,banking,banking77,balance_not_updated_after_cheque_or_cash_deposit,,,"cascade,gemini",True,True,balance_not_updated_after_cheque_or_cash_deposit,1,ok,True,326.3017439999385,True,balance_not_updated_after_cheque_or_cash_deposit,ok,True,True,balance_not_updated_after_cheque_or_cash_deposit,0.6063597187985594,ok,1,jev,True,False,,I deposited a check but my balance is still the same.
0.00062775,0.00062775,1746.0257139999885,0,1760.4031420000247,6.7326e-05,6.7326e-05,True,exchange_rate,ok,0,293.78118699998595,test-107,ok,banking,banking77,exchange_rate,,,"gemini,cascade",True,True,exchange_rate,0.98,ok,True,280.90612800000235,True,exchange_rate,ok,True,True,exchange_rate,0.5873180232659236,ok,1,jev,True,False,,What is the exchange rate like?
0.00064275,0.00064275,2652.21877100016,0,2661.9942290000618,0.000710916,0.000710916,True,balance_not_updated_after_cheque_or_cash_deposit,ok,0,3324.583849999821,test-1072,ok,banking,banking77,balance_not_updated_after_cheque_or_cash_deposit,2988.2179459999315,0.98,"gemini,cascade",True,True,balance_not_updated_after_cheque_or_cash_deposit,0.98,ok,False,317.09930599993095,True,balance_not_updated_after_cheque_or_cash_deposit,ok,True,True,balance_not_updated_after_cheque_or_cash_deposit,0.2572160258936152,ok,0.77,gemini,True,False,,I sent a cheque  a few days ago and nothing has happened to my account yet. Can you please check on this for me?
0.00060975,0.00060975,1609.835325,0,1622.6763340000034,0.000699828,0.000699828,True,balance_not_updated_after_cheque_or_cash_deposit,ok,0,2224.403636999996,test-1073,ok,banking,banking77,balance_not_updated_after_cheque_or_cash_deposit,1876.5747129999945,0.95,"cascade,gemini",False,True,balance_not_updated_after_cheque_or_cash_deposit,0.85,ok,False,324.78285499999765,True,balance_not_updated_after_cheque_or_cash_deposit,ok,True,True,balance_not_updated_after_cheque_or_cash_deposit,0.38486276262424846,ok,0.9,gemini,True,False,,Has the check I deposited cleared to I can get the cash?
0.00060525,0.00060525,3588.5386500000022,0,3600.1727400000673,6.7494e-05,6.7494e-05,True,balance_not_updated_after_cheque_or_cash_deposit,ok,0,358.2772029999178,test-1077,ok,banking,banking77,balance_not_updated_after_cheque_or_cash_deposit,,,"gemini,cascade",True,True,balance_not_updated_after_cheque_or_cash_deposit,1,ok,True,345.90404300007503,True,balance_not_updated_after_cheque_or_cash_deposit,ok,True,True,balance_not_updated_after_cheque_or_cash_deposit,0.7440203805015527,ok,1,jev,True,False,,Balance hasn't been updated following a cheque or cash deposit
0.00206325,0.00206325,2355.253719000146,0,2365.134367000079,0.0017838840000000001,0.0017838840000000001,False,compromised_card,ok,0,2835.5384680000134,test-1090,ok,banking,banking77,card_payment_not_recognised,2448.1293490000535,0.92,"gemini,cascade",False,False,compromised_card,0.85,ok,False,366.36828999989666,True,card_payment_not_recognised,ok,False,True,card_payment_not_recognised,0.12948288844598926,ok,0.77,gemini,False,True,,There are some payments with my card that I don't know where they are coming from. Just checked today and it's been since a couple days as well! What to I do? Can I revert this retrospectively? My card needs to be frozen immediately as well!
0.0006495,0.0006495,1792.8901189999888,0,1803.0320979999378,0.0007219619999999999,0.0007219619999999999,False,compromised_card,ok,0,1783.410011,test-1092,ok,banking,banking77,card_payment_not_recognised,1433.7197790000355,0.85,"cascade,gemini",False,True,card_payment_not_recognised,0.8,ok,False,322.60106399992947,False,compromised_card,ok,False,True,card_payment_not_recognised,0.1737523675620617,ok,0.53,gemini,False,True,,There are some strange charges on my card that I didn't make from a few days ago.  Is my card stolen and if so should I cancel it?  Will I get refunded the charges?
0.00063375,0.00063375,2277.186022000001,0,2290.305631,0.00070137,0.00070137,True,card_payment_not_recognised,ok,0,2128.2723619999997,test-1093,ok,banking,banking77,card_payment_not_recognised,1736.052143,0.95,"cascade,gemini",True,True,card_payment_not_recognised,0.95,ok,False,363.728932,True,card_payment_not_recognised,ok,True,True,card_payment_not_recognised,0.35826027893775675,ok,0.72,gemini,True,False,,Why would there be a payment on my account I don't recognize?
0.00062475,0.00062475,1840.8027180000208,0,1851.082435999997,6.7326e-05,6.7326e-05,True,card_payment_not_recognised,ok,0,404.7219190001488,test-1098,ok,banking,banking77,card_payment_not_recognised,,,"gemini,cascade",True,True,card_payment_not_recognised,1,ok,True,395.88463900005445,True,card_payment_not_recognised,ok,True,True,card_payment_not_recognised,0.4064374088153899,ok,1,jev,True,False,,I don't recognise a card payment
0.00063075,0.00063075,1808.4834290000144,0,1820.7419379998464,0.0006757019999999999,0.0006757019999999999,True,card_payment_not_recognised,ok,0,1710.826146000065,test-1109,ok,banking,banking77,card_payment_not_recognised,1400.689071000088,0.85,"gemini,cascade",True,True,card_payment_not_recognised,0.95,ok,False,287.31401799991727,True,card_payment_not_recognised,ok,False,False,verify_source_of_funds,0.15039198935045053,ok,0.83,gemini,False,True,,I don't know where this transaction came from?
0.00062925,0.00062925,1541.7073889999883,0,1553.6582389999821,0.0011729099999999999,0.0011729099999999999,True,card_payment_not_recognised,ok,0,2646.521172000008,test-1117,ok,banking,banking77,card_payment_not_recognised,2318.755508000002,0.9,"cascade,gemini",True,True,card_payment_not_recognised,0.95,ok,False,307.0656960000051,True,card_payment_not_recognised,ok,True,False,extra_charge_on_statement,0.46832175012537824,ok,0.89,gemini,False,True,,There is a fraudulent charge on my statement.
0.00062325,0.00062325,1513.3202210000018,0,1526.239241000032,6.7284e-05,6.7284e-05,True,edit_personal_details,ok,0,297.9092570000794,test-1121,ok,banking,banking77,edit_personal_details,,,"cascade,gemini",True,True,edit_personal_details,1,ok,True,284.5830480000004,True,edit_personal_details,ok,True,True,edit_personal_details,0.8961041480344758,ok,1,jev,True,False,,How to change my address.
0.000624,0.000624,1549.0341790000093,0,1558.7314079999924,6.7326e-05,6.7326e-05,True,edit_personal_details,ok,0,327.3577649999934,test-1138,ok,banking,banking77,edit_personal_details,,,"gemini,cascade",True,True,edit_personal_details,1,ok,True,318.4032349999761,True,edit_personal_details,ok,False,True,edit_personal_details,0.18916402804458834,ok,1,jev,True,False,,I need to update my info.
0.00062325,0.00062325,1780.9300000000512,0,1794.1550980000757,6.7284e-05,6.7284e-05,True,edit_personal_details,ok,0,374.82030099991243,test-1144,ok,banking,banking77,edit_personal_details,,,"gemini,cascade",True,True,edit_personal_details,1,ok,True,364.3927210000111,True,edit_personal_details,ok,True,True,edit_personal_details,0.900156081372936,ok,1,jev,True,False,,how can i change my details
0.000627,0.000627,1474.9934059998486,0,1486.6888150000013,6.7494e-05,6.7494e-05,True,edit_personal_details,ok,0,325.8192440001294,test-1145,ok,banking,banking77,edit_personal_details,,,"cascade,gemini",True,True,edit_personal_details,1,ok,True,314.93855599989183,True,edit_personal_details,ok,False,True,edit_personal_details,0.11258829921894446,ok,1,jev,True,False,,I need help changing my last name on my account.
0.000624,0.000624,1471.6076050000265,0,1483.3739849999547,6.7326e-05,6.7326e-05,True,edit_personal_details,ok,0,345.5595229999162,test-1149,ok,banking,banking77,edit_personal_details,,,"gemini,cascade",True,True,edit_personal_details,1,ok,True,336.42697299993597,True,edit_personal_details,ok,True,True,edit_personal_details,0.8490361169242459,ok,1,jev,True,False,,I want to change my address.
0.000627,0.000627,1601.9492359999567,0,1611.2653040001169,6.7284e-05,6.7284e-05,True,exchange_rate,ok,0,371.95776099991053,test-115,ok,banking,banking77,exchange_rate,,,"gemini,cascade",True,True,exchange_rate,0.98,ok,True,364.113791000098,True,exchange_rate,ok,True,True,exchange_rate,0.781441837790847,ok,1,jev,True,False,,why do your exchange rates change
0.000624,0.000624,1496.0245030000806,0,1505.7901130001992,6.7326e-05,6.7326e-05,True,edit_personal_details,ok,0,296.6984769999981,test-1154,ok,banking,banking77,edit_personal_details,,,"gemini,cascade",True,True,edit_personal_details,1,ok,True,288.46060700016096,True,edit_personal_details,ok,True,True,edit_personal_details,0.77322004360146,ok,1,jev,True,False,,I want to change my name.
0.00062925,0.00062925,1353.0137849999592,0,1363.8674040001351,6.762e-05,6.762e-05,True,edit_personal_details,ok,0,352.65336299990304,test-1159,ok,banking,banking77,edit_personal_details,,,"gemini,cascade",True,True,edit_personal_details,1,ok,True,340.7837429998908,True,edit_personal_details,ok,True,True,edit_personal_details,0.31712487262528394,ok,1,jev,True,False,,What do I need to do to change the address on my account?
0.0006075,0.0006075,1787.9125300000305,0,1797.7193500000285,0.000697452,0.000697452,True,why_verify_identity,ok,0,3964.4495899999747,test-1167,ok,banking,banking77,why_verify_identity,3671.5012330000172,0.95,"gemini,cascade",True,True,why_verify_identity,0.95,ok,False,273.1382980000344,True,why_verify_identity,ok,True,True,why_verify_identity,0.6511122756442553,ok,0.5,gemini,True,False,,Can I use my account without verifying my identity?
0.000609,0.000609,1488.973566000117,0,1500.2370539999101,0.001107786,0.001107786,True,why_verify_identity,ok,0,2585.5183289998677,test-1170,ok,banking,banking77,why_verify_identity,2209.5699780001305,0.93,"cascade,gemini",True,True,why_verify_identity,0.95,ok,False,351.9865220000502,True,why_verify_identity,ok,False,True,why_verify_identity,0.1867713089560732,ok,0.47,gemini,False,True,,I would like to not have to do the identity verification.
0.00062475,0.00062475,1478.1253939999733,0,1488.2326529999846,0.000692118,0.000692118,True,why_verify_identity,ok,0,2340.0971969999955,test-1174,ok,banking,banking77,why_verify_identity,1927.5257679999922,1,"cascade,gemini",True,True,why_verify_identity,1,ok,False,388.67459999996936,True,why_verify_identity,ok,True,True,why_verify_identity,0.3004916753450284,ok,0.99,gemini,True,False,,What is the purpose for the identity check
0.0006255,0.0006255,2440.9037830000743,0,2450.5743019999936,0.0006929099999999999,0.0006929099999999999,True,why_verify_identity,ok,0,1998.9602350001223,test-1190,ok,banking,banking77,why_verify_identity,1628.8533739999402,1,"gemini,cascade",True,True,why_verify_identity,1,ok,False,349.3887739998754,True,why_verify_identity,ok,True,True,why_verify_identity,0.6562973973899147,ok,0.99,gemini,True,False,,Why do I have to verify my identity?
0.00060975,0.00060975,1664.2002199999988,0,1675.822068999987,0.000696078,0.000696078,True,why_verify_identity,ok,0,2332.6152689999435,test-1195,ok,banking,banking77,why_verify_identity,1996.1508060002234,0.8,"cascade,gemini",False,True,why_verify_identity,0.85,ok,False,309.90925600007176,False,unable_to_verify_identity,ok,True,True,why_verify_identity,0.45860825674866523,ok,0.68,gemini,False,True,,Can I use my account if the identity verification is not complete?
0.0006255,0.0006255,1458.5715569998138,0,1472.035315999994,0.0006929099999999999,0.0006929099999999999,True,why_verify_identity,ok,0,2174.429410000099,test-1196,ok,banking,banking77,why_verify_identity,1691.8938680000138,1,"cascade,gemini",True,True,why_verify_identity,1,ok,False,461.1552240001038,True,why_verify_identity,ok,True,True,why_verify_identity,0.5780036816806109,ok,0.97,gemini,True,False,,Why is it asking me to verify my identity
0.000627,0.000627,1687.2854090000037,0,1695.725148000056,0.000799452,0.000799452,True,why_verify_identity,ok,0,3056.4203319998924,test-1199,ok,banking,banking77,why_verify_identity,2713.1117400000803,1,"cascade,gemini",True,True,why_verify_identity,1,ok,False,312.4255650001578,True,why_verify_identity,ok,True,True,why_verify_identity,0.5510030234207836,ok,0.99,gemini,True,False,,Why did I need to verfiy my identity?
0.00063075,0.00063075,2722.808036000002,0,2734.189975999994,0.000698244,0.000698244,True,unable_to_verify_identity,ok,0,1915.5567000000738,test-1201,ok,banking,banking77,unable_to_verify_identity,1560.2543379999697,0.95,"cascade,gemini",True,True,unable_to_verify_identity,0.95,ok,False,325.82169400004204,True,unable_to_verify_identity,ok,True,True,unable_to_verify_identity,0.2878991763127595,ok,0.98,gemini,True,False,,I do not have what is required to prove my identity
0.00062475,0.00062475,1607.295873999945,0,1620.3414740000153,0.0006958680000000001,0.0006958680000000001,True,unable_to_verify_identity,ok,0,2127.9459539999953,test-1210,ok,banking,banking77,unable_to_verify_identity,1772.3575309999287,0.98,"cascade,gemini",True,True,unable_to_verify_identity,1,ok,False,334.0479139999952,True,unable_to_verify_identity,ok,True,True,unable_to_verify_identity,0.5506842586341145,ok,0.98,gemini,True,False,,The app failed to verify my identity.
0.0006285,0.0006285,1378.895341000054,0,1390.0528509999858,0.000673326,0.000673326,True,unable_to_verify_identity,ok,0,1773.465021000011,test-1212,ok,banking,banking77,unable_to_verify_identity,1461.6757539999671,0.98,"gemini,cascade",True,True,unable_to_verify_identity,0.98,ok,False,283.9675869999919,True,unable_to_verify_identity,ok,True,True,unable_to_verify_identity,0.6099127235553357,ok,0.97,gemini,True,False,,I can't prove my identity.
0.00062775,0.00062775,1788.769440999953,0,1804.2306099999696,0.0006950760000000001,0.0006950760000000001,True,unable_to_verify_identity,ok,0,1756.1332050000783,test-1217,ok,banking,banking77,unable_to_verify_identity,1398.687802000204,0.98,"gemini,cascade",True,True,unable_to_verify_identity,0.98,ok,False,335.0298540000804,True,unable_to_verify_identity,ok,False,True,unable_to_verify_identity,0.2317500675514526,ok,0.96,gemini,True,False,,I cannot prove my own identity.
0.0006285,0.0006285,1498.1832709999871,0,1507.8955599999754,0.0006695760000000001,0.0006695760000000001,True,unable_to_verify_identity,ok,0,3899.1960919999983,test-1221,ok,banking,banking77,unable_to_verify_identity,3460.269726999977,0.85,"cascade,gemini",False,True,unable_to_verify_identity,0.88,ok,False,406.85259700001916,True,unable_to_verify_identity,ok,False,True,unable_to_verify_identity,0.15743644659344244,ok,0.76,gemini,False,True,,The app doesn't recognize me.
0.00062775,0.00062775,1453.5774979998823,0,1468.5455559999682,0.0006950760000000001,0.0006950760000000001,True,unable_to_verify_identity,ok,0,2890.1263459997717,test-1229,ok,banking,banking77,unable_to_verify_identity,2570.190871000057,0.98,"cascade,gemini",True,True,unable_to_verify_identity,0.98,ok,False,296.7765069999732,True,unable_to_verify_identity,ok,True,True,unable_to_verify_identity,0.6018636388439482,ok,0.91,gemini,True,False,,I a having trouble proving my identity
0.000606,0.000606,1492.8816140000126,0,1502.3653840000043,0.000699828,0.000699828,True,card_payment_wrong_exchange_rate,ok,0,2106.7534149999847,test-123,ok,banking,banking77,card_payment_wrong_exchange_rate,1767.6535609999555,0.98,"gemini,cascade",True,True,card_payment_wrong_exchange_rate,1,ok,False,317.83111500000814,True,card_payment_wrong_exchange_rate,ok,True,True,card_payment_wrong_exchange_rate,0.5129539194871524,ok,0.97,gemini,True,False,,The exchange rate was wrong when I bought something outside the country.
0.0006285,0.0006285,1590.5589769999497,0,1603.2320950001013,0.000699828,0.000699828,True,unable_to_verify_identity,ok,0,1712.7849250000436,test-1239,ok,banking,banking77,unable_to_verify_identity,1363.2501139999367,0.98,"cascade,gemini",True,True,unable_to_verify_identity,1,ok,False,327.3100829999894,True,unable_to_verify_identity,ok,True,True,unable_to_verify_identity,0.33824323733074074,ok,0.91,gemini,True,False,,for some reason I am having a problem with verifying my identity.
0.0013155,0.0013155,1747.9542030000594,0,1759.0191430000123,0.0011427,0.0011427,False,card_arrival,ok,0,2284.185310999863,test-1243,ok,banking,banking77,get_physical_card,1939.570458999835,0.85,"gemini,cascade",True,False,card_arrival,0.95,ok,False,328.88660499989055,False,card_arrival,ok,True,True,get_physical_card,0.34896510771740896,ok,0.36,gemini,False,True,,Are PIN separately?
0.00062475,0.00062475,1596.2677150000818,0,1606.645693999948,0.0006958680000000001,0.0006958680000000001,False,change_pin,ok,0,1677.970627999981,test-1246,ok,banking,banking77,get_physical_card,1291.3775590000441,0.85,"cascade,gemini",False,False,change_pin,0.8,ok,False,364.13939200004097,False,change_pin,ok,True,True,get_physical_card,0.8608288658227113,ok,0.81,gemini,False,True,,How do I find my card PIN?
0.00160425,0.00160425,2561.2778780000226,0,2571.7279569999955,0.001360368,0.001360368,False,change_pin,ok,0,4530.45132599998,test-1258,ok,banking,banking77,get_physical_card,4145.876266000007,0.92,"cascade,gemini",True,False,change_pin,0.95,ok,False,363.6255020000099,False,pin_blocked,ok,True,True,get_physical_card,0.29060384630240665,ok,0.41,gemini,False,True,,Why can't I see my PIN?
0.00062775,0.00062775,1422.1700989999808,0,1432.0008379998617,0.000672576,0.000672576,False,change_pin,ok,0,3865.2465719999745,test-1265,ok,banking,banking77,get_physical_card,3477.3345320001245,0.85,"cascade,gemini",False,False,change_pin,0.85,ok,False,366.57686199992895,False,change_pin,ok,True,True,get_physical_card,0.6423355283090753,ok,0.55,gemini,False,True,,Where is my PIN number located?
0.0010515,0.0010515,2007.8514349999605,0,2024.2516939999769,0.000672576,0.000672576,False,change_pin,ok,0,1998.997054999927,test-1267,ok,banking,banking77,get_physical_card,1579.5959180000937,0.55,"cascade,gemini",False,False,change_pin,0.85,ok,False,395.5540490000276,False,change_pin,ok,True,True,get_physical_card,0.3597922507336816,ok,0.83,gemini,False,True,,So what about the card PIN?
0.000624,0.000624,1740.3670939999865,0,1756.6159730000072,0.000691326,0.000691326,False,change_pin,ok,0,1963.5909859999956,test-1272,ok,banking,banking77,get_physical_card,1645.2415810000093,0.8,"cascade,gemini",False,False,change_pin,0.8,ok,False,294.93076700001257,False,change_pin,ok,True,True,get_physical_card,0.5814651734302889,ok,0.7,gemini,False,True,,Help me find my card pin!
0.0006045,0.0006045,1475.1328249999788,0,1488.565952999983,6.7494e-05,6.7494e-05,True,visa_or_mastercard,ok,0,356.6948730000295,test-1288,ok,banking,banking77,visa_or_mastercard,,,"gemini,cascade",True,True,visa_or_mastercard,1,ok,True,338.2219739999855,True,visa_or_mastercard,ok,True,True,visa_or_mastercard,0.7682523396358197,ok,1,jev,True,False,,How to decide if I get a Visa or Mastercard?
0.0006285,0.0006285,1303.9128200002015,0,1313.991388999857,0.0006958680000000001,0.0006958680000000001,True,visa_or_mastercard,ok,0,6014.615151999984,test-1299,ok,banking,banking77,visa_or_mastercard,5588.876114000101,0.85,"gemini,cascade",False,True,visa_or_mastercard,0.85,ok,False,404.1806290000677,True,visa_or_mastercard,ok,False,False,card_not_working,0.05216437234288389,ok,0.87,gemini,False,True,,Am I able to choose my card?
0.0006285,0.0006285,1447.054056999972,0,1457.8670459999703,6.7536e-05,6.7536e-05,True,visa_or_mastercard,ok,0,354.24275299999863,test-1307,ok,banking,banking77,visa_or_mastercard,,,"gemini,cascade",True,True,visa_or_mastercard,1,ok,True,345.7006430000765,True,visa_or_mastercard,ok,True,True,visa_or_mastercard,0.6310728800853945,ok,1,jev,True,False,,I'd like more information about choosing a Visa or Mastercard.
0.00062475,0.00062475,1588.8283760000486,0,1597.982645999873,0.000692118,0.000692118,True,visa_or_mastercard,ok,0,2068.4132910000626,test-1308,ok,banking,banking77,visa_or_mastercard,1638.2158030001447,1,"gemini,cascade",True,True,visa_or_mastercard,1,ok,False,410.207277999958,True,visa_or_mastercard,ok,True,True,visa_or_mastercard,0.5488775682627992,ok,0.98,gemini,True,False,,Do you have Visa or Matercard?
0.00063075,0.00063075,1389.4053009999916,0,1400.7453110001516,0.000698244,0.000698244,True,visa_or_mastercard,ok,0,4492.243368000025,test-1313,ok,banking,banking77,visa_or_mastercard,4158.207084999885,0.95,"gemini,cascade",False,True,visa_or_mastercard,0.93,ok,False,314.5430659998674,True,visa_or_mastercard,ok,True,True,visa_or_mastercard,0.4052294288525478,ok,0.97,gemini,True,False,,Please give me both a visa and a master card.
0.000633,0.000633,1440.3853270000545,0,1454.4132860000245,0.00070062,0.00070062,True,visa_or_mastercard,ok,0,1787.9862300000386,test-1317,ok,banking,banking77,visa_or_mastercard,1452.9372160000494,0.98,"gemini,cascade",True,True,visa_or_mastercard,0.98,ok,False,312.1728550000116,True,visa_or_mastercard,ok,False,True,visa_or_mastercard,0.12085976091037481,ok,0.91,gemini,True,False,,Can you let me know if Visa is among the card scheme assignments?
0.000624,0.000624,1426.2506780000404,0,1438.8434569999808,0.000691326,0.000691326,True,visa_or_mastercard,ok,0,2047.8976909999037,test-1318,ok,banking,banking77,visa_or_mastercard,1703.6796669999603,1,"cascade,gemini",True,True,visa_or_mastercard,1,ok,False,322.21851500007324,True,visa_or_mastercard,ok,True,True,visa_or_mastercard,0.6620347697778295,ok,0.97,gemini,True,False,,Do you use Mastercard or Visa?
0.0006315,0.0006315,1520.5405119999778,0,1530.226850999985,0.000699036,0.000699036,True,card_payment_wrong_exchange_rate,ok,0,2131.588094000006,test-133,ok,banking,banking77,card_payment_wrong_exchange_rate,1756.8067330000922,0.98,"cascade,gemini",True,True,card_payment_wrong_exchange_rate,0.98,ok,False,353.89752299990505,True,card_payment_wrong_exchange_rate,ok,True,True,card_payment_wrong_exchange_rate,0.6294206497652295,ok,0.98,gemini,True,False,,Why is the exchange rate wrong when I purchase something abroad?
0.00234,0.00234,2604.6271070002113,0,2624.275447000051,0.00070929,0.00070929,False,top_up_failed,ok,0,2209.149099000031,test-1330,ok,banking,banking77,topping_up_by_card,1500.2852329998277,0.65,"cascade,gemini",True,False,top_up_failed,0.95,ok,False,681.9073469999712,False,failed_transfer,ok,False,True,topping_up_by_card,0.11942579360729676,ok,0.75,gemini,False,True,,"I followed the instructions to transfer money using my card, but then the money disappeared and I don't know what happened."
0.0006075,0.0006075,1706.1662559999386,0,1719.8494250000222,0.000697452,0.000697452,True,topping_up_by_card,ok,0,2942.08429899998,test-1335,ok,banking,banking77,topping_up_by_card,2565.1143490000395,0.88,"gemini,cascade",False,True,topping_up_by_card,0.85,ok,False,357.16943200002424,True,topping_up_by_card,ok,True,True,topping_up_by_card,0.305867788252137,ok,0.51,gemini,False,True,,How do I transfer money using a credit card?
0.00063225,0.00063225,2027.8744319999823,0,2040.5407320000231,0.000703746,0.000703746,False,pending_top_up,ok,0,1941.8075999999419,test-1338,ok,banking,banking77,topping_up_by_card,1605.4006069999887,0.85,"gemini,cascade",False,False,pending_top_up,0.8,ok,False,308.65515699994285,False,top_up_failed,ok,False,False,top_up_reverted,0.11007093173515375,ok,0.5,gemini,False,True,,"i know i entered the right info, but my top up isn't in my balance"
0.00062925,0.00062925,1610.4719739999855,0,1628.613282000064,0.00069666,0.00069666,False,receiving_money,ok,0,3176.5426499999594,test-1346,ok,banking,banking77,topping_up_by_card,2800.36520999996,0.95,"cascade,gemini",True,False,receiving_money,0.95,ok,False,351.83230200002436,False,receiving_money,ok,True,False,transfer_into_account,0.25081795578840405,ok,0.61,gemini,True,False,,How can someone add money to my account?
0.00060525,0.00060525,1596.1939349999884,0,1603.6620249999687,0.000672576,0.000672576,False,receiving_money,ok,0,1990.6731950000394,test-1354,ok,banking,banking77,topping_up_by_card,1613.4806539999554,0.85,"gemini,cascade",False,False,receiving_money,0.88,ok,False,355.46858200000133,True,topping_up_by_card,ok,False,False,top_up_limits,0.1266529154657746,ok,0.27,gemini,False,True,,Who can top up my accounts?
0.000636,0.000636,1415.6549380000215,0,1426.3508579999907,0.0006774540000000001,0.0006774540000000001,False,pending_top_up,ok,0,1769.5542109999806,test-1358,ok,banking,banking77,topping_up_by_card,1460.569145000074,0.9,"cascade,gemini",False,False,pending_top_up,0.93,ok,False,286.99610699992627,False,pending_top_up,ok,False,False,top_up_failed,0.09292383580411019,ok,0.78,gemini,False,True,,Why can't I see the top-up amount I just added to my account?
0.0006285,0.0006285,1912.263859000057,0,1927.205537000089,6.7368e-05,6.7368e-05,True,disposable_card_limits,ok,0,290.9109279999975,test-1368,ok,banking,banking77,disposable_card_limits,,,"gemini,cascade",True,True,disposable_card_limits,0.98,ok,True,280.94977799989283,True,disposable_card_limits,ok,True,True,disposable_card_limits,0.8573537536218417,ok,1,jev,True,False,,How many disposable cards can I have?
0.0006075,0.0006075,1469.709674999991,0,1480.1581139999907,0.000697452,0.000697452,True,disposable_card_limits,ok,0,2408.193941000034,test-1379,ok,banking,banking77,disposable_card_limits,2037.1616100000101,0.98,"cascade,gemini",True,True,disposable_card_limits,0.98,ok,False,347.28458300000057,False,get_disposable_virtual_card,ok,True,True,disposable_card_limits,0.753520216682423,ok,0.49,gemini,True,False,,I have to have several disposable cards per day.
0.00063075,0.00063075,1545.2734589999309,0,1554.4937989999307,6.7704e-05,6.7704e-05,True,disposable_card_limits,ok,0,419.55953700002283,test-1384,ok,banking,banking77,disposable_card_limits,,,"cascade,gemini",True,True,disposable_card_limits,1,ok,True,410.1328779999167,True,disposable_card_limits,ok,True,True,disposable_card_limits,0.7392061819086596,ok,1,jev,True,False,,Is there a limit to how many transactions I can make on one disposable card?
0.0006255,0.0006255,1662.8679260000354,0,1674.2927749999799,0.00067041,0.00067041,True,disposable_card_limits,ok,0,2561.6577970000217,test-1387,ok,banking,banking77,disposable_card_limits,2264.460890000104,1,"cascade,gemini",True,True,disposable_card_limits,1,ok,False,269.36301999993157,True,disposable_card_limits,ok,True,True,disposable_card_limits,0.6998183887469118,ok,0.99,gemini,True,False,,How many disposable virtual cards can I have?
0.000627,0.000627,2088.614736999967,0,2102.356465000077,6.7494e-05,6.7494e-05,True,disposable_card_limits,ok,0,322.29308500001207,test-1392,ok,banking,banking77,disposable_card_limits,,,"cascade,gemini",True,True,disposable_card_limits,1,ok,True,311.0820249998942,True,disposable_card_limits,ok,True,True,disposable_card_limits,0.565010469963873,ok,1,jev,True,False,,What is the limit to disposable cards you can have?
0.00063,0.00063,2017.2136219999957,0,2032.0116299999936,6.7452e-05,6.7452e-05,True,disposable_card_limits,ok,0,359.55900200000906,test-1393,ok,banking,banking77,disposable_card_limits,,,"cascade,gemini",True,True,disposable_card_limits,0.98,ok,True,339.3596530000068,True,disposable_card_limits,ok,True,True,disposable_card_limits,0.6746451532833718,ok,1,jev,True,False,,How many times can I use a disposable card?
0.00063225,0.00063225,1403.3302619999995,0,1413.9979609999973,0.000677286,0.000677286,True,compromised_card,ok,0,1687.1608090000009,test-1402,ok,banking,banking77,compromised_card,1338.7443459999995,0.95,"gemini,cascade",True,True,compromised_card,0.95,ok,False,325.8173749999987,True,compromised_card,ok,True,True,compromised_card,0.2633752924942492,ok,0.82,gemini,True,False,,Someone I don't know has used my card without permission.
0.000633,0.000633,1491.5477830000455,0,1505.7018310000421,0.00070062,0.00070062,True,compromised_card,ok,0,1825.0469969999976,test-1408,ok,banking,banking77,compromised_card,1464.1660660000052,0.95,"gemini,cascade",True,True,compromised_card,0.95,ok,False,335.6717930000741,True,compromised_card,ok,False,True,compromised_card,0.0952471864797903,ok,0.91,gemini,True,False,,Someone is using my account to do online shopping! Please freeze it asap
0.00063825,0.00063825,2313.3259689999977,0,2324.256747000036,0.000706164,0.000706164,True,card_payment_wrong_exchange_rate,ok,0,1896.3418919999385,test-141,ok,banking,banking77,card_payment_wrong_exchange_rate,1590.882184999995,0.95,"gemini,cascade",True,True,card_payment_wrong_exchange_rate,0.95,ok,False,284.63739799999166,True,card_payment_wrong_exchange_rate,ok,True,True,card_payment_wrong_exchange_rate,0.4666642817489463,ok,0.95,gemini,True,False,,"When I made a purchase last Saturday, I was charged extra. Did I receive the right exchange rate?"
0.0006495,0.0006495,1691.393699000124,0,1703.966936999932,0.000695544,0.000695544,True,compromised_card,ok,0,2078.5303590002004,test-1420,ok,banking,banking77,compromised_card,1744.003274000017,0.95,"gemini,cascade",True,True,compromised_card,0.95,ok,False,314.01093599991873,True,compromised_card,ok,False,True,compromised_card,0.0798640561295528,ok,0.75,gemini,True,False,,It seems someone used my card! There are a few transactions from a small town in the middle of nowhere that I definitely have not made! Please prevent them from using it immediately!
0.0006345,0.0006345,1509.6940119999927,0,1521.1270220000297,0.000702204,0.000702204,True,compromised_card,ok,0,2410.420483000111,test-1431,ok,banking,banking77,compromised_card,2049.0847610000055,0.95,"gemini,cascade",True,True,compromised_card,0.95,ok,False,337.9749929999234,True,compromised_card,ok,False,False,card_about_to_expire,0.1395580283794205,ok,0.99,gemini,True,False,,"If I feel someone has my card information, can I get a new card?"
0.000633,0.000633,1700.3116879998706,0,1712.1250770001207,0.000696828,0.000696828,False,card_payment_not_recognised,ok,0,2076.0532899999525,test-1434,ok,banking,banking77,compromised_card,1673.277760000201,0.8,"cascade,gemini",False,True,compromised_card,0.85,ok,False,377.99689100007527,True,compromised_card,ok,False,True,compromised_card,0.08474231503138406,ok,0.71,gemini,False,True,,I think my child used my card while I wasn't home.
0.000633,0.000633,1563.827986999997,0,1575.0119450000057,0.00070062,0.00070062,True,compromised_card,ok,0,2159.6823009999935,test-1436,ok,banking,banking77,compromised_card,1760.1059129999776,0.95,"cascade,gemini",True,True,compromised_card,0.98,ok,False,377.71215000000666,True,compromised_card,ok,False,True,compromised_card,0.23042358421528508,ok,0.99,gemini,True,False,,I think someone copied the numbers on my card and is using them.
0.00131625,0.00131625,2292.9779019998387,0,2304.4151419999544,0.000697452,0.000697452,True,compromised_card,ok,0,2372.824648000067,test-1439,ok,banking,banking77,compromised_card,1996.403226000024,0.95,"cascade,gemini",True,True,compromised_card,0.95,ok,False,356.69315299997106,True,compromised_card,ok,True,True,compromised_card,0.4414746403283256,ok,0.96,gemini,True,False,,"Someone else is using my card, freeze it."
0.00062775,0.00062775,1625.6929650001694,0,1637.9872630001046,0.000695118,0.000695118,True,atm_support,ok,0,2723.206228000112,test-1440,ok,banking,banking77,atm_support,2302.319500999991,0.95,"cascade,gemini",True,True,atm_support,0.95,ok,False,396.4864079998806,True,atm_support,ok,True,True,atm_support,0.33552659265564344,ok,0.84,gemini,True,False,,Do all ATMs take this card?
0.00063075,0.00063075,1570.3041080000112,0,1579.80040800001,0.0006945359999999999,0.0006945359999999999,True,atm_support,ok,0,3276.2758059999906,test-1448,ok,banking,banking77,atm_support,2886.776896000025,1,"cascade,gemini",True,True,atm_support,0.98,ok,False,370.4730709999567,True,atm_support,ok,True,True,atm_support,0.5486008817049435,ok,0.97,gemini,True,False,,Where are the locations of ATMs that accept this card?
0.00062775,0.00062775,1483.2496640000027,0,1495.9407939999364,0.0006950760000000001,0.0006950760000000001,True,atm_support,ok,0,2104.2507470001,test-1450,ok,banking,banking77,atm_support,1605.1815659999847,0.99,"cascade,gemini",True,True,atm_support,0.99,ok,False,478.03852399997413,True,atm_support,ok,False,False,wrong_amount_of_cash_received,0.04944553853041629,ok,0.99,gemini,True,False,,Help me locate the nearest ATM.
0.00060375,0.00060375,1406.2880100000184,0,1417.236719999928,0.0006937439999999999,0.0006937439999999999,True,atm_support,ok,0,3056.0070309999865,test-1451,ok,banking,banking77,atm_support,2719.262938000029,1,"cascade,gemini",True,True,atm_support,1,ok,False,313.3803060000064,True,atm_support,ok,False,True,atm_support,0.1508813449869234,ok,0.99,gemini,True,False,,What ATMs is the card okay to use at?
0.00062625,0.00062625,1520.5321609999519,0,1541.949818000081,0.0006936599999999999,0.0006936599999999999,True,atm_support,ok,0,2036.7015400000382,test-1453,ok,banking,banking77,atm_support,1707.6279649999924,1,"gemini,cascade",True,True,atm_support,1,ok,False,310.0031050000107,True,atm_support,ok,False,True,atm_support,0.16655907355723906,ok,0.99,gemini,True,False,,What kind of ATM's can I use?
0.00062925,0.00062925,1359.4537230000133,0,1371.4003830000001,0.000696618,0.000696618,True,atm_support,ok,0,2137.7691929999855,test-1457,ok,banking,banking77,atm_support,1777.3082209999848,0.98,"gemini,cascade",True,True,atm_support,0.98,ok,False,338.7966840000008,True,atm_support,ok,False,False,card_acceptance,0.10580519009153486,ok,0.84,gemini,True,False,,Which ATM's will accept my card?
0.0006255,0.0006255,1632.0895819999278,0,1652.9461009999504,0.000696702,0.000696702,True,atm_support,ok,0,2295.819958999986,test-1459,ok,banking,banking77,atm_support,1879.8698529999238,0.98,"gemini,cascade",True,True,atm_support,1,ok,False,388.12423900002614,True,atm_support,ok,True,True,atm_support,0.40583036781622606,ok,0.98,gemini,True,False,,Can I use my card at any ATMs?
0.00062775,0.00062775,1618.4808829999529,0,1626.7186129998881,0.000672576,0.000672576,False,card_payment_not_recognised,ok,0,2076.3195079998113,test-1484,ok,banking,banking77,direct_debit_payment_not_recognised,1631.6729030001443,0.55,"gemini,cascade",False,False,card_payment_not_recognised,0.65,ok,False,426.059847000055,False,extra_charge_on_statement,ok,True,False,extra_charge_on_statement,0.5138788576965045,ok,0.83,gemini,False,True,,what is this charge on my account
0.000639,0.000639,1387.73980199988,0,1399.8787409998477,0.000730716,0.000730716,False,card_payment_not_recognised,ok,0,1861.9757440001704,test-1492,ok,banking,banking77,direct_debit_payment_not_recognised,1561.2032980001532,0.95,"gemini,cascade",False,False,card_payment_not_recognised,0.94,ok,False,281.0867379999254,False,card_payment_not_recognised,ok,False,True,direct_debit_payment_not_recognised,0.09913806377381108,ok,0.94,gemini,True,False,,"Even though it's late, I wanted to see about disputing a charge. I was just looking through my transactions over the past couple of months and noticed a pretty large amount that was not completed by me. Is this possibly something I can still do."
0.000621,0.000621,1749.422084000078,0,1761.058143000002,0.0022256579999999997,0.0022256579999999997,True,direct_debit_payment_not_recognised,ok,0,3303.13802199997,test-1496,ok,banking,banking77,direct_debit_payment_not_recognised,2965.6829979999457,0.85,"cascade,gemini",False,True,direct_debit_payment_not_recognised,0.8,ok,False,314.30313599994406,False,receiving_money,ok,False,True,direct_debit_payment_not_recognised,0.1155321465928787,ok,0.48,gemini,False,True,,Unknown direct deposit
0.00062475,0.00062475,2883.0329070000444,0,2892.2947549999226,0.000693084,0.000693084,False,card_payment_not_recognised,ok,0,2185.6742689998355,test-1498,ok,banking,banking77,direct_debit_payment_not_recognised,1735.4502639998682,0.95,"cascade,gemini",True,False,card_payment_not_recognised,0.95,ok,False,429.3887069998309,False,card_payment_not_recognised,ok,False,True,direct_debit_payment_not_recognised,0.13148572296259764,ok,0.97,gemini,True,False,,There is a transaction from my account that I don't recognize can you trace back the information so I can make sure it's something I did or not?
0.000639,0.000639,1564.5030689999985,0,1576.8504779999785,0.000680706,0.000680706,True,card_arrival,ok,0,2300.5043000000005,test-15,ok,banking,banking77,card_arrival,1990.7761549999996,0.9,"cascade,gemini",False,False,card_delivery_estimate,0.88,ok,False,278.17199800000526,False,card_delivery_estimate,ok,False,True,card_arrival,0.06711707323971938,ok,0.85,gemini,False,True,,"I have been waiting longer than expected for my bank card, could you provide information on when it will arrive?"
0.00062925,0.00062925,1403.3909810000332,0,1413.2350909999805,6.7452e-05,6.7452e-05,True,direct_debit_payment_not_recognised,ok,0,311.74266500002705,test-1502,ok,banking,banking77,direct_debit_payment_not_recognised,,,"gemini,cascade",True,True,direct_debit_payment_not_recognised,0.95,ok,True,300.89470699999947,True,direct_debit_payment_not_recognised,ok,True,True,direct_debit_payment_not_recognised,0.7725830485217051,ok,1,jev,True,False,,This Direct Debit payment may not be right.
0.00063525,0.00063525,3299.076621999964,0,3311.043010000023,0.000699246,0.000699246,False,request_refund,ok,0,2054.4608879999723,test-1504,ok,banking,banking77,direct_debit_payment_not_recognised,1759.1703419999685,0.8,"gemini,cascade",False,False,card_payment_not_recognised,0.65,ok,False,273.15517899999395,False,card_payment_not_recognised,ok,False,False,reverted_card_payment?,0.09749364356368073,ok,0.67,gemini,False,True,,Can I dispute a payment even if I notice it several weeks after it was made?
0.00063525,0.00063525,1480.0176549999742,0,1494.4382230000338,0.000680496,0.000680496,False,compromised_card,ok,0,1880.8363329999847,test-1512,ok,banking,banking77,direct_debit_payment_not_recognised,1516.4474110000301,0.85,"cascade,gemini",False,False,compromised_card,0.85,ok,False,342.1851730000926,False,compromised_card,ok,False,True,direct_debit_payment_not_recognised,0.06222433564272333,ok,0.5,gemini,False,True,,I am concerned about the security in my account and would like to make a dispute.
0.000633,0.000633,4087.841790000093,0,4099.702590000001,0.000700578,0.000700578,True,passcode_forgotten,ok,0,5009.220525000012,test-1525,ok,banking,banking77,passcode_forgotten,4674.825291999965,0.98,"cascade,gemini",True,True,passcode_forgotten,0.98,ok,False,314.06421600002795,True,passcode_forgotten,ok,True,True,passcode_forgotten,0.2648167469843088,ok,0.96,gemini,True,False,,My password isn't being accepted and I need to reset it.
0.0006255,0.0006255,1640.6737519999733,0,1653.2271609999589,0.0006741599999999999,0.0006741599999999999,True,card_payment_wrong_exchange_rate,ok,0,1850.2676250000368,test-153,ok,banking,banking77,card_payment_wrong_exchange_rate,1526.017731000029,0.98,"gemini,cascade",True,True,card_payment_wrong_exchange_rate,1,ok,False,286.86115700000664,True,card_payment_wrong_exchange_rate,ok,False,True,card_payment_wrong_exchange_rate,0.19651031961434984,ok,0.99,gemini,True,False,,The incorrect rate was used in my foreign purchase
0.0006015,0.0006015,2010.2096940001938,0,2019.2179320000578,6.7368e-05,6.7368e-05,True,passcode_forgotten,ok,0,343.4459519998636,test-1531,ok,banking,banking77,passcode_forgotten,,,"cascade,gemini",True,True,passcode_forgotten,1,ok,True,332.9588629999198,True,passcode_forgotten,ok,True,True,passcode_forgotten,0.7332974577163061,ok,1,jev,True,False,,I do not know my passcode.
0.0006285,0.0006285,1641.7810109999991,0,1654.8628210000024,6.7536e-05,6.7536e-05,True,passcode_forgotten,ok,0,332.8439340000041,test-1532,ok,banking,banking77,passcode_forgotten,,,"gemini,cascade",True,True,passcode_forgotten,1,ok,True,320.12645499999053,True,passcode_forgotten,ok,True,True,passcode_forgotten,0.42450051244881065,ok,1,jev,True,False,,I don't remember my code to get into the app.
0.00062175,0.00062175,1682.9801499999594,0,1694.2787689999677,6.72e-05,6.72e-05,True,passcode_forgotten,ok,0,359.6755820000544,test-1545,ok,banking,banking77,passcode_forgotten,,,"cascade,gemini",True,True,passcode_forgotten,1,ok,True,350.8751419999171,True,passcode_forgotten,ok,True,True,passcode_forgotten,0.8350778369975557,ok,1,jev,True,False,,I forgot my password
0.00063,0.00063,2044.2089989999658,0,2055.333018000005,6.7452e-05,6.7452e-05,True,passcode_forgotten,ok,0,300.2343959999853,test-1546,ok,banking,banking77,passcode_forgotten,,,"gemini,cascade",True,True,passcode_forgotten,0.99,ok,True,287.42675699997926,True,passcode_forgotten,ok,True,True,passcode_forgotten,0.44449332066160097,ok,1,jev,True,False,,I forgot my code to get into the app.
0.00060075,0.00060075,1619.299943999853,0,1633.1861930000596,0.000690534,0.000690534,True,passcode_forgotten,ok,0,1917.1226119999774,test-1547,ok,banking,banking77,passcode_forgotten,1530.9860210001934,1,"cascade,gemini",True,True,passcode_forgotten,1,ok,False,355.50848300009966,True,passcode_forgotten,ok,True,True,passcode_forgotten,0.5493330996883432,ok,0.99,gemini,True,False,,I have forgotten my password.
0.001047,0.001047,2163.216910999996,0,2177.1042000000016,0.000671826,0.000671826,True,passcode_forgotten,ok,0,2029.613731000005,test-1556,ok,banking,banking77,passcode_forgotten,1685.9698579999967,0.95,"cascade,gemini",True,True,passcode_forgotten,0.95,ok,False,319.86257399999886,True,passcode_forgotten,ok,True,True,passcode_forgotten,0.4672605112969016,ok,0.58,gemini,True,False,,I need a new passcode.
0.0006315,0.0006315,1450.2737370000686,0,1460.617125999881,0.000699036,0.000699036,False,exchange_rate,ok,0,1904.6278510000557,test-156,ok,banking,banking77,card_payment_wrong_exchange_rate,1501.183291999856,0.85,"gemini,cascade",False,False,exchange_rate,0.85,ok,False,379.56211000005715,False,exchange_rate,ok,True,True,card_payment_wrong_exchange_rate,0.29787356349113125,ok,0.96,gemini,False,True,,How can I check the exchange rate applied to my transaction?
0.00064425,0.00064425,2340.9706170000136,0,2352.1040550000034,0.000712458,0.000712458,True,declined_cash_withdrawal,ok,0,2534.4244299999555,test-1560,ok,banking,banking77,declined_cash_withdrawal,2221.1336349999765,0.98,"gemini,cascade",True,True,declined_cash_withdrawal,0.95,ok,False,290.202827000001,True,declined_cash_withdrawal,ok,False,True,declined_cash_withdrawal,0.07334644654729468,ok,0.93,gemini,True,False,,Can you tell me why you won't let me get my own money out of the money machine? I know I used the right PIN.
0.00062625,0.00062625,1649.6483299999963,0,1660.5303790000034,6.7452e-05,6.7452e-05,True,card_payment_wrong_exchange_rate,ok,0,311.8276450000121,test-157,ok,banking,banking77,card_payment_wrong_exchange_rate,,,"cascade,gemini",True,True,card_payment_wrong_exchange_rate,1,ok,True,301.4752570000128,True,card_payment_wrong_exchange_rate,ok,True,True,card_payment_wrong_exchange_rate,0.5304267554518454,ok,1,jev,True,False,,Your exchange rate is totally wrong for my card payment
0.0006435,0.0006435,1792.7925309999846,0,1803.4097599999513,0.0007117079999999999,0.0007117079999999999,True,declined_cash_withdrawal,ok,0,2559.5515130001586,test-1574,ok,banking,banking77,declined_cash_withdrawal,2137.7933950000443,0.98,"cascade,gemini",True,True,declined_cash_withdrawal,0.98,ok,False,401.35652999999,True,declined_cash_withdrawal,ok,False,True,declined_cash_withdrawal,0.20242187197676295,ok,0.99,gemini,True,False,,The ATM is declining my card. I tried at two different ATMs. Can you tell me if there's anything wrong with my account?
0.00062625,0.00062625,1803.3813699999591,0,1814.954018999997,6.7452e-05,6.7452e-05,True,declined_cash_withdrawal,ok,0,335.509103999997,test-1576,ok,banking,banking77,declined_cash_withdrawal,,,"cascade,gemini",True,True,declined_cash_withdrawal,1,ok,True,324.4860439999611,True,declined_cash_withdrawal,ok,True,True,declined_cash_withdrawal,0.7929337304588914,ok,1,jev,True,False,,I was declined when I tried to get cash.
0.0006165,0.0006165,2584.0013780000154,0,2595.1109180001076,0.000706956,0.000706956,True,declined_cash_withdrawal,ok,0,2036.5429420000874,test-1578,ok,banking,banking77,declined_cash_withdrawal,1625.341863000067,0.98,"cascade,gemini",True,True,declined_cash_withdrawal,0.95,ok,False,389.30692999996245,True,declined_cash_withdrawal,ok,False,False,declined_card_payment,0.04651049840398988,ok,0.99,gemini,True,False,,What are some reasons that would cause ATM machines to decline my card? It has happened to me multiple times!
0.000639,0.000639,1658.3708210000186,0,1669.6679500000319,0.000680706,0.000680706,True,card_payment_wrong_exchange_rate,ok,0,1832.1087270000135,test-158,ok,banking,banking77,card_payment_wrong_exchange_rate,1491.9585540000116,1,"gemini,cascade",True,True,card_payment_wrong_exchange_rate,0.98,ok,False,318.9221649999963,True,card_payment_wrong_exchange_rate,ok,True,True,card_payment_wrong_exchange_rate,0.41117425994656187,ok,0.99,gemini,True,False,,The wrong rate was applied to an item I bought in a currency different from mine. Can this be changed?
0.000624,0.000624,1372.4290219999966,0,1383.033701999986,6.7326e-05,6.7326e-05,True,declined_cash_withdrawal,ok,0,362.25834100000793,test-1585,ok,banking,banking77,declined_cash_withdrawal,,,"gemini,cascade",True,True,declined_cash_withdrawal,1,ok,True,351.1702819999773,True,declined_cash_withdrawal,ok,True,True,declined_cash_withdrawal,0.38779436634202286,ok,1,jev,True,False,,Why was my cash withdrawal declined?
0.00063,0.00063,1563.31796700001,0,1572.9485759999952,0.0006936599999999999,0.0006936599999999999,True,declined_cash_withdrawal,ok,0,2433.315079000022,test-1591,ok,banking,banking77,declined_cash_withdrawal,2140.704012000002,0.8,"cascade,gemini",True,True,declined_cash_withdrawal,0.95,ok,False,274.0126690000179,True,declined_cash_withdrawal,ok,True,True,declined_cash_withdrawal,0.2844280232930452,ok,0.55,gemini,False,True,,The ATM isn't giving out any money.
0.00063075,0.00063075,1427.7652389999712,0,1439.9884270000039,6.7494e-05,6.7494e-05,True,declined_cash_withdrawal,ok,0,320.1389339999296,test-1597,ok,banking,banking77,declined_cash_withdrawal,,,"cascade,gemini",True,True,declined_cash_withdrawal,0.98,ok,True,310.76216500008013,True,declined_cash_withdrawal,ok,False,True,declined_cash_withdrawal,0.20328409125626806,ok,1,jev,True,False,,Is there a reason that the ATM declined my transaction?
0.00063225,0.00063225,1757.243094000034,0,1769.1203320000204,6.7578e-05,6.7578e-05,True,pending_card_payment,ok,0,323.44180400000187,test-1600,ok,banking,banking77,pending_card_payment,,,"cascade,gemini",True,True,pending_card_payment,0.98,ok,True,311.4428160000243,True,pending_card_payment,ok,True,True,pending_card_payment,0.2994241987093155,ok,1,jev,True,False,,"My card payment is still on hold, why is it so?"
0.00060975,0.00060975,2355.1177850000095,0,2366.265492999926,6.7788e-05,6.7788e-05,True,pending_card_payment,ok,0,379.873220999958,test-1606,ok,banking,banking77,pending_card_payment,,,"cascade,gemini",True,True,pending_card_payment,1,ok,True,370.113480999833,True,pending_card_payment,ok,False,True,pending_card_payment,0.1851899477302918,ok,1,jev,True,False,,Please help me to know the status of my card payment as its pending since a while.
0.00063975,0.00063975,1819.2997870000545,0,1829.6361070000567,0.000707748,0.000707748,True,pending_card_payment,ok,0,1801.2446490000002,test-1607,ok,banking,banking77,pending_card_payment,1448.313366999966,0.95,"cascade,gemini",True,True,pending_card_payment,0.95,ok,False,334.5477739999769,True,pending_card_payment,ok,True,True,pending_card_payment,0.34491924955123315,ok,0.98,gemini,True,False,,"I recently made a payment, and it is showing up in my account as ""pending"". What does that mean?"
0.00063225,0.00063225,2024.8578419999685,0,2036.830891000107,0.000677328,0.000677328,True,extra_charge_on_statement,ok,0,2230.4426070000045,test-161,ok,banking,banking77,extra_charge_on_statement,1798.143890999956,0.95,"cascade,gemini",True,True,extra_charge_on_statement,0.95,ok,False,404.118238999974,True,extra_charge_on_statement,ok,True,True,extra_charge_on_statement,0.9125706697455739,ok,0.84,gemini,True,False,,Why is there a fee for an extra pound in my statement?
0.000627,0.000627,1303.4319480000995,0,1315.7838179999962,6.7494e-05,6.7494e-05,True,pending_card_payment,ok,0,308.2602059999481,test-1615,ok,banking,banking77,pending_card_payment,,,"cascade,gemini",True,True,pending_card_payment,1,ok,True,296.3815679999534,True,pending_card_payment,ok,False,True,pending_card_payment,0.17315187127001086,ok,1,jev,True,False,,How long does an item I bought show as pending?
0.00061125,0.00061125,1487.9840639999893,0,1499.676032999996,6.7662e-05,6.7662e-05,True,pending_card_payment,ok,0,308.84796499999356,test-1617,ok,banking,banking77,pending_card_payment,,,"gemini,cascade",True,True,pending_card_payment,0.95,ok,True,298.6722369999916,True,pending_card_payment,ok,False,True,pending_card_payment,0.2446896567363454,ok,1,jev,True,False,,I would like to know why my purchases from this morning are still pending.
0.00062475,0.00062475,1681.3350390000269,0,1695.4616970000789,6.8418e-05,6.8418e-05,True,pending_card_payment,ok,0,346.5903829999734,test-1637,ok,banking,banking77,pending_card_payment,,,"gemini,cascade",True,True,pending_card_payment,0.98,ok,True,331.75519399996847,True,pending_card_payment,ok,True,True,pending_card_payment,0.2645845673149205,ok,1,jev,True,False,,I have paid by my card but payment is still its coming as pending. I think there is some issue please check and let me know when the status will complete.
0.00062175,0.00062175,1377.3149840000551,0,1387.9692930000601,6.72e-05,6.72e-05,True,lost_or_stolen_phone,ok,0,272.1750780000584,test-1640,ok,banking,banking77,lost_or_stolen_phone,,,"gemini,cascade",True,True,lost_or_stolen_phone,1,ok,True,261.88351999991573,True,lost_or_stolen_phone,ok,True,True,lost_or_stolen_phone,0.9751079333647477,ok,1,jev,True,False,,My phone was stolen
0.00062475,0.00062475,1682.7741300000343,0,1692.308180000051,6.7326e-05,6.7326e-05,True,lost_or_stolen_phone,ok,0,321.3380050000269,test-1645,ok,banking,banking77,lost_or_stolen_phone,,,"cascade,gemini",True,True,lost_or_stolen_phone,1,ok,True,312.4691859999439,True,lost_or_stolen_phone,ok,True,True,lost_or_stolen_phone,0.8468265540795514,ok,1,jev,True,False,,I can't find my phone.
0.0006135,0.0006135,1505.473953000037,0,1516.4469109999482,0.000700038,0.000700038,False,lost_or_stolen_card,ok,0,1766.9522219999926,test-1663,ok,banking,banking77,lost_or_stolen_phone,1455.865877000033,0.8,"gemini,cascade",False,False,lost_or_stolen_card,0.85,ok,False,290.9239870000165,False,lost_or_stolen_card,ok,False,True,lost_or_stolen_phone,0.10144152609558482,ok,0.68,gemini,False,True,,I was mugged and everything taken.  What do I do to protect my account?
0.000627,0.000627,1454.1922870000126,0,1467.9206459999841,0.000671994,0.000671994,True,lost_or_stolen_phone,ok,0,1790.4190109999909,test-1666,ok,banking,banking77,lost_or_stolen_phone,1500.3762830000196,0.8,"gemini,cascade",False,True,lost_or_stolen_phone,0.8,ok,False,264.07225899997866,True,lost_or_stolen_phone,ok,False,True,lost_or_stolen_phone,0.16022531828923436,ok,0.94,gemini,False,True,,Can I still use the app if I switched phones?
0.0006195,0.0006195,1628.6575030000095,0,1639.5751610000007,0.000710082,0.000710082,True,lost_or_stolen_phone,ok,0,2090.550596999994,test-1667,ok,banking,banking77,lost_or_stolen_phone,1770.4329920000018,0.95,"cascade,gemini",False,True,lost_or_stolen_phone,0.85,ok,False,301.4696269999986,True,lost_or_stolen_phone,ok,False,True,lost_or_stolen_phone,0.2490174203489328,ok,0.86,gemini,True,False,,I was mugged yesterday and they took everything.  I can't access my app.  What are my next steps?
0.00063825,0.00063825,1852.5812350000488,0,1865.0263649999397,0.000706164,0.000706164,True,lost_or_stolen_phone,ok,0,1786.5403510000324,test-1670,ok,banking,banking77,lost_or_stolen_phone,1379.5984630000312,0.98,"cascade,gemini",True,True,lost_or_stolen_phone,0.98,ok,False,386.41755899996497,True,lost_or_stolen_phone,ok,True,True,lost_or_stolen_phone,0.4182064985685729,ok,0.97,gemini,True,False,,I am not able to use the app since I forgot my phone at the hotel I was staying at.
0.0006345,0.0006345,1456.8991660000756,0,1467.4868959999876,0.000675912,0.000675912,True,lost_or_stolen_phone,ok,0,1866.4210029999958,test-1676,ok,banking,banking77,lost_or_stolen_phone,1496.212041999912,1,"cascade,gemini",True,True,lost_or_stolen_phone,0.98,ok,False,349.90803200006485,True,lost_or_stolen_phone,ok,False,True,lost_or_stolen_phone,0.2056892684389685,ok,0.93,gemini,True,False,,I can't find my phone but it has all my credit card information.
0.00064575,0.00064575,1424.702118000001,0,1436.4409580000065,0.000691584,0.000691584,True,request_refund,ok,0,2190.2928089999914,test-1680,ok,banking,banking77,request_refund,1697.0045160000009,0.95,"gemini,cascade",True,True,request_refund,0.95,ok,False,468.2727840000007,True,request_refund,ok,False,True,request_refund,0.1858947412078919,ok,0.99,gemini,True,False,,"Hello- It is urgent I get a refund on this product. The merchant has not been helpful, what can I do now to get this resolved ASAP?"
0.00062925,0.00062925,1771.101110999938,0,1782.5623200000264,6.741e-05,6.741e-05,True,request_refund,ok,0,296.68368699995335,test-1681,ok,banking,banking77,request_refund,,,"cascade,gemini",True,True,request_refund,0.95,ok,True,283.9572380000027,True,request_refund,ok,True,True,request_refund,0.5828651803742004,ok,1,jev,True,False,,Can I receive a refund for my item?
0.00063375,0.00063375,1515.0034330000635,0,1524.4770130000543,0.0007053300000000001,0.0007053300000000001,False,extra_charge_on_statement,ok,0,2105.9358570000622,test-1689,ok,banking,banking77,request_refund,1729.0642760000192,0.92,"gemini,cascade",False,False,extra_charge_on_statement,0.9,ok,False,357.6961630000733,False,extra_charge_on_statement,ok,False,False,card_payment_wrong_exchange_rate,0.11892126384201755,ok,0.62,gemini,False,True,,"I wasn't charged the correct amount for an item I purchased, how can I fix this?"
0.0006375,0.0006375,2041.6016710000113,0,2053.8112809997983,0.000705372,0.000705372,True,extra_charge_on_statement,ok,0,1994.4922950000037,test-170,ok,banking,banking77,extra_charge_on_statement,1650.9452420000453,0.95,"gemini,cascade",True,True,extra_charge_on_statement,0.95,ok,False,320.55155500001274,True,extra_charge_on_statement,ok,True,True,extra_charge_on_statement,0.6580051934373978,ok,0.97,gemini,True,False,,I can see an extra 1£ charge on my app. Why did you charge me extra?
0.00063075,0.00063075,5596.974230000051,0,5611.289760000014,6.7494e-05,6.7494e-05,True,request_refund,ok,0,333.8560840000282,test-1703,ok,banking,banking77,request_refund,,,"cascade,gemini",True,True,request_refund,0.98,ok,True,321.048163999978,True,request_refund,ok,True,True,request_refund,0.37502199949589715,ok,1,jev,True,False,,I would appreciate it if I could get an item refunded
0.0006495,0.0006495,2118.12349300005,0,2128.5543130000588,0.000718002,0.000718002,True,request_refund,ok,0,1856.1166330000851,test-1706,ok,banking,banking77,request_refund,1475.8182829999132,0.96,"gemini,cascade",True,True,request_refund,0.95,ok,False,354.628662000061,True,request_refund,ok,True,True,request_refund,0.5150567991365516,ok,0.96,gemini,True,False,,Hello I changed my mind and really need a refund on one of things I bought recently. Can you please cancel the transaction and get my money back. Please it's urgent.
0.000612,0.000612,1447.850076999981,0,1460.0158359999768,0.000698454,0.000698454,True,request_refund,ok,0,2014.8268639999442,test-1713,ok,banking,banking77,request_refund,1721.130726999836,0.8,"cascade,gemini",True,True,request_refund,0.95,ok,False,267.95761899999343,True,request_refund,ok,True,True,request_refund,0.38806618558108513,ok,0.99,gemini,False,True,,I bought this item and was charged the wrong amount can I get a refund?
0.000627,0.000627,1451.4646940000002,0,1461.919914,0.000671994,0.000671994,False,reverted_card_payment?,ok,0,3769.189824,test-172,ok,banking,banking77,extra_charge_on_statement,3031.6198630000004,0.8,"cascade,gemini",False,False,reverted_card_payment?,0.8,ok,False,712.2096630000001,False,transfer_timing,ok,False,False,transfer_not_received_by_recipient,0.08868672924141695,ok,0.27,gemini,False,True,,When will the $1 transaction be credited to me?
0.0006435,0.0006435,1475.707035999978,0,1487.3621339999372,0.000689124,0.000689124,True,declined_transfer,ok,0,1887.802931000013,test-1728,ok,banking,banking77,declined_transfer,1502.4358230000362,0.85,"cascade,gemini",False,False,top_up_failed,0.85,ok,False,364.4761609999696,True,declined_transfer,ok,False,True,declined_transfer,0.16927899389458304,ok,0.97,gemini,False,True,,My transfers are being declined. IT has always worked for me but now it's declining my card. I've tried several times.
0.00062775,0.00062775,1573.4456790001132,0,1586.551267000148,0.0006950760000000001,0.0006950760000000001,True,extra_charge_on_statement,ok,0,2215.1120289999526,test-173,ok,banking,banking77,extra_charge_on_statement,1888.6947049999144,0.65,"cascade,gemini",False,True,extra_charge_on_statement,0.65,ok,False,305.1472370000556,True,extra_charge_on_statement,ok,False,False,verify_source_of_funds,0.12489425150144064,ok,0.73,gemini,False,True,,Where did this fee come from?
0.00062475,0.00062475,1459.0020059999952,0,1470.1546360000211,0.0006958680000000001,0.0006958680000000001,True,declined_transfer,ok,0,1961.0255659999966,test-1732,ok,banking,banking77,declined_transfer,1629.3863229999843,0.98,"cascade,gemini",True,True,declined_transfer,1,ok,False,300.8457059999928,True,declined_transfer,ok,True,True,declined_transfer,0.4235655393531823,ok,0.99,gemini,True,False,,Why did I get a transfer declined?
0.00431625,0.00431625,6170.997777999961,0,6182.76459700003,0.000671202,0.000671202,False,transfer_not_received_by_recipient,ok,0,2225.364434999996,test-1734,ok,banking,banking77,declined_transfer,1507.48697300005,0.4,"cascade,gemini",False,False,failed_transfer,0.42,ok,False,696.9804749999894,False,country_support,ok,False,True,declined_transfer,0.04217311517271776,ok,0.34,gemini,False,True,,How do I contact customer support about a transfer?
0.00062625,0.00062625,1787.633811000036,0,1797.893429000047,0.0006937019999999999,0.0006937019999999999,True,declined_transfer,ok,0,5661.241317000007,test-1740,ok,banking,banking77,declined_transfer,5242.051740000024,1,"cascade,gemini",True,True,declined_transfer,1,ok,False,396.78486900008284,True,declined_transfer,ok,True,True,declined_transfer,0.4069771583265718,ok,0.98,gemini,True,False,,I could not do a transfer because it was declined
0.00062475,0.00062475,2025.675171000068,0,2038.9333500000648,0.0006696180000000001,0.0006696180000000001,True,declined_transfer,ok,0,2009.942592999898,test-1749,ok,banking,banking77,declined_transfer,1693.8858280000277,1,"gemini,cascade",True,True,declined_transfer,1,ok,False,291.2738169999793,True,declined_transfer,ok,True,True,declined_transfer,0.3679470100189665,ok,0.99,gemini,True,False,,For what reason was my transfer declined?
0.000642,0.000642,1703.0316650000168,0,1713.739184999955,6.8082e-05,6.8082e-05,False,declined_card_payment,ok,0,304.0546959999483,test-1754,ok,banking,banking77,declined_transfer,,,"gemini,cascade",True,False,declined_card_payment,0.98,ok,True,294.0768570000073,False,declined_card_payment,ok,True,True,declined_transfer,0.40800791149571314,ok,1,jev,True,False,,I tried to buy something online yesterday but it kept saying declined. Tried again today but same thing happened. What's broken?
0.00063825,0.00063825,2143.1867419999326,0,2154.5354720000178,0.000706164,0.000706164,False,declined_card_payment,ok,0,2524.3922419999726,test-1756,ok,banking,banking77,declined_transfer,2176.0885100000305,0.98,"cascade,gemini",True,False,declined_card_payment,0.98,ok,False,330.7094939999515,False,declined_card_payment,ok,False,False,declined_card_payment,0.071365318290409,ok,0.98,gemini,True,False,,My card is being declined online. Could you tell me what might be broken or wrong with the account?
0.00062325,0.00062325,1576.9618590000318,0,1590.4323579999618,0.000949284,0.000949284,True,Refund_not_showing_up,ok,0,2453.277811000007,test-1772,ok,banking,banking77,Refund_not_showing_up,2093.6100689999294,0.95,"gemini,cascade",True,True,Refund_not_showing_up,1,ok,False,336.15751499996986,True,Refund_not_showing_up,ok,True,True,Refund_not_showing_up,0.5119175704189134,ok,0.97,gemini,True,False,,Still waiting on a refund.
0.00060675,0.00060675,1522.904280000017,0,1536.0111699999543,0.00067041,0.00067041,True,Refund_not_showing_up,ok,0,2083.691565999994,test-1773,ok,banking,banking77,Refund_not_showing_up,1652.2180710000102,1,"gemini,cascade",True,True,Refund_not_showing_up,0.98,ok,False,406.92319800000405,True,Refund_not_showing_up,ok,True,True,Refund_not_showing_up,0.4826621541653907,ok,0.99,gemini,True,False,,I requested a refund and it is missing.
0.000627,0.000627,1381.483883000008,0,1389.8548719999962,6.7452e-05,6.7452e-05,True,Refund_not_showing_up,ok,0,308.5870360000117,test-1777,ok,banking,banking77,Refund_not_showing_up,,,"cascade,gemini",True,True,Refund_not_showing_up,1,ok,True,298.8001070000173,True,Refund_not_showing_up,ok,True,True,Refund_not_showing_up,0.6666488529543658,ok,1,jev,True,False,,Why isn't a recent refund on my statement?
0.00062925,0.00062925,1409.5308699999878,0,1420.9753879999917,6.741e-05,6.741e-05,True,Refund_not_showing_up,ok,0,332.1460049999878,test-1778,ok,banking,banking77,Refund_not_showing_up,,,"cascade,gemini",True,True,Refund_not_showing_up,0.95,ok,True,324.66840399999637,True,Refund_not_showing_up,ok,True,True,Refund_not_showing_up,0.6722499897546091,ok,1,jev,True,False,,Where can I see the refund in my account
0.0006045,0.0006045,2143.832980999956,0,2154.288829999976,6.7452e-05,6.7452e-05,True,Refund_not_showing_up,ok,0,321.7815960000735,test-1785,ok,banking,banking77,Refund_not_showing_up,,,"gemini,cascade",True,True,Refund_not_showing_up,1,ok,True,307.6080559999682,True,Refund_not_showing_up,ok,True,True,Refund_not_showing_up,0.3786431197703432,ok,1,jev,True,False,,I still haven't seen a refund on my account
0.00062925,0.00062925,1651.3523409999907,0,1661.2493300000206,0.00067812,0.00067812,True,Refund_not_showing_up,ok,0,2085.9655979999807,test-1791,ok,banking,banking77,Refund_not_showing_up,1736.6231150000822,0.98,"gemini,cascade",True,True,Refund_not_showing_up,1,ok,False,330.4049839999061,True,Refund_not_showing_up,ok,True,True,Refund_not_showing_up,0.40803505736409046,ok,0.99,gemini,True,False,,Where is my refund? I have been checking my account all day.
0.00064875,0.00064875,1446.9747259999858,0,1460.2586059999885,0.000694668,0.000694668,True,Refund_not_showing_up,ok,0,2033.9024699999718,test-1795,ok,banking,banking77,Refund_not_showing_up,1685.465567999985,0.95,"cascade,gemini",True,True,Refund_not_showing_up,0.98,ok,False,315.36863500007894,True,Refund_not_showing_up,ok,True,True,Refund_not_showing_up,0.657852233529267,ok,0.97,gemini,True,False,,I keep checking my bank statements but I don't see a refund that I've requested from a seller. Can you ensure that I receive the refund from the seller?
0.00063,0.00063,1421.6542699998245,0,1431.7028280000668,0.001061202,0.001061202,True,extra_charge_on_statement,ok,0,2724.8039699997753,test-181,ok,banking,banking77,extra_charge_on_statement,2357.929828000022,0.95,"gemini,cascade",True,True,extra_charge_on_statement,0.95,ok,False,345.93251399998553,True,extra_charge_on_statement,ok,True,True,extra_charge_on_statement,0.6718928464150081,ok,0.98,gemini,True,False,,I got a extra €1 fee in my statement
0.000642,0.000642,1542.5470900000073,0,1558.9805499999784,0.000710082,0.000710082,True,declined_card_payment,ok,0,2135.5807839999907,test-1813,ok,banking,banking77,declined_card_payment,1797.1706199999899,0.95,"cascade,gemini",True,True,declined_card_payment,0.95,ok,False,314.031044999836,True,declined_card_payment,ok,False,True,declined_card_payment,0.11918703718412761,ok,0.61,gemini,True,False,,I know I have enough funds in my account but my card payment hasn't worked for some reason. What do I do?
0.00063075,0.00063075,1711.9102249999996,0,1722.661565000075,0.0006757439999999999,0.0006757439999999999,True,declined_card_payment,ok,0,1863.761763999937,test-1819,ok,banking,banking77,declined_card_payment,1542.5852789999917,0.95,"cascade,gemini",True,True,declined_card_payment,0.95,ok,False,300.1071359999478,True,declined_card_payment,ok,False,True,declined_card_payment,0.18398810987518022,ok,0.99,gemini,True,False,,Why are you declining my payment? Everything was fine.
0.000642,0.000642,1481.8530240000691,0,1492.0541830000002,0.0006876240000000001,0.0006876240000000001,True,declined_card_payment,ok,0,2018.0511430001352,test-1828,ok,banking,banking77,declined_card_payment,1551.9685100000352,0.95,"cascade,gemini",True,True,declined_card_payment,0.95,ok,False,446.9644349999726,True,declined_card_payment,ok,False,False,card_arrival,0.045200744354399504,ok,0.99,gemini,True,False,,"Hello, I am facing the issue with my new card as payments are declining again and again. Please help me in this issue."
0.00062625,0.00062625,1848.086246999912,0,1859.872975999955,6.7242e-05,6.7242e-05,True,declined_card_payment,ok,0,445.5894949999638,test-1830,ok,banking,banking77,declined_card_payment,,,"gemini,cascade",False,True,declined_card_payment,0.92,ok,True,435.2678350000642,True,declined_card_payment,ok,True,True,declined_card_payment,0.5561262293086504,ok,1,jev,True,False,,Why was my Payment declined
0.00062475,0.00062475,1568.5424989999738,0,1580.1294569999445,6.7368e-05,6.7368e-05,True,declined_card_payment,ok,0,348.6314429999329,test-1832,ok,banking,banking77,declined_card_payment,,,"gemini,cascade",True,True,declined_card_payment,1,ok,True,339.3896339999046,True,declined_card_payment,ok,True,True,declined_card_payment,0.7814772162428023,ok,1,jev,True,False,,Why has my card payment been declined?
0.00062775,0.00062775,1719.9468159999233,0,1729.6420660000294,0.0006950760000000001,0.0006950760000000001,True,declined_card_payment,ok,0,1932.465799999889,test-1834,ok,banking,banking77,declined_card_payment,1509.3523019999266,0.95,"gemini,cascade",True,True,declined_card_payment,0.95,ok,False,402.7205300000496,True,declined_card_payment,ok,True,True,declined_card_payment,0.304177049715961,ok,0.99,gemini,True,False,,My card payment did not complete.
0.00062775,0.00062775,1434.259527999995,0,1447.2166460000153,0.000698994,0.000698994,False,card_not_working,ok,0,1834.5977160000184,test-1835,ok,banking,banking77,declined_card_payment,1523.4156899999944,0.55,"gemini,cascade",False,True,declined_card_payment,0.8,ok,False,289.64455799999996,False,card_not_working,ok,False,True,declined_card_payment,0.07715866730876654,ok,0.87,gemini,False,True,,My card didn't work in one of the shops.
0.00063075,0.00063075,3644.1463079999667,0,3655.8958379998803,0.0006757439999999999,0.0006757439999999999,True,pending_transfer,ok,0,2061.9147910000756,test-1844,ok,banking,banking77,pending_transfer,1577.9154979998711,0.95,"cascade,gemini",True,True,pending_transfer,0.95,ok,False,460.97009499999695,True,pending_transfer,ok,True,True,pending_transfer,0.46903454455759935,ok,0.99,gemini,True,False,,I am waiting for a pending money transfer to process.
0.0006435,0.0006435,1474.539206000045,0,1484.5390050001442,0.000711666,0.000711666,True,pending_transfer,ok,0,1836.914218999911,test-1849,ok,banking,banking77,pending_transfer,1517.6621340001002,0.95,"cascade,gemini",True,True,pending_transfer,0.95,ok,False,300.11401700018905,True,pending_transfer,ok,False,True,pending_transfer,0.19390717993320042,ok,0.83,gemini,True,False,,I submitted my transfer but it has been pending for quite a while and I was wondering what takes so long? why hasn't it completed
0.00060825,0.00060825,2299.509380000003,0,2310.9824880000087,6.7494e-05,6.7494e-05,True,extra_charge_on_statement,ok,0,360.3782919999794,test-185,ok,banking,banking77,extra_charge_on_statement,,,"cascade,gemini",True,True,extra_charge_on_statement,0.98,ok,True,350.5837719999836,True,extra_charge_on_statement,ok,True,True,extra_charge_on_statement,0.5911502021666448,ok,1,jev,True,False,,Where did the extra fee on my statement come from?
0.0006285,0.0006285,1401.1033419999294,0,1413.0829499999527,6.7368e-05,6.7368e-05,False,transfer_timing,ok,0,404.0132100000046,test-1851,ok,banking,banking77,pending_transfer,,,"gemini,cascade",True,False,transfer_timing,0.98,ok,True,383.7097209999338,False,transfer_timing,ok,False,True,pending_transfer,0.21842063345682736,ok,1,jev,True,False,,How long can an EU transfer take?
0.0006225,0.0006225,1639.6097629999276,0,1652.2365719999652,0.0007132079999999999,0.0007132079999999999,True,pending_transfer,ok,0,3876.7756090001203,test-1853,ok,banking,banking77,pending_transfer,3548.668795999838,0.95,"gemini,cascade",True,True,pending_transfer,0.95,ok,False,303.2934860000387,True,pending_transfer,ok,False,True,pending_transfer,0.1046816368391916,ok,0.98,gemini,True,False,,I'm trying to transfer money to another country. It's just pending and not sending. My account details are correct. Please help me.
0.0006075,0.0006075,1656.6182609999669,0,1668.7041309999768,6.7452e-05,6.7452e-05,True,pending_transfer,ok,0,333.3342030000058,test-1860,ok,banking,banking77,pending_transfer,,,"gemini,cascade",True,True,pending_transfer,0.98,ok,True,323.85735399997793,True,pending_transfer,ok,False,False,pending_cash_withdrawal,0.11298815977957147,ok,1,jev,True,False,,Please explain why the transfers shows up as pending?
0.00060825,0.00060825,4232.189920000033,0,4244.87567800004,0.000702204,0.000702204,False,pending_card_payment,ok,0,2208.2555580000044,test-1866,ok,banking,banking77,pending_transfer,1869.4474139999948,0.85,"gemini,cascade",False,False,pending_card_payment,0.8,ok,False,316.3248650000314,False,pending_card_payment,ok,True,False,pending_card_payment,0.3709910573115375,ok,0.97,gemini,False,True,,"I would like to know why my payment is still pending, can you help?"
0.00060675,0.00060675,3050.7565019999165,0,3064.707991000032,6.7704e-05,6.7704e-05,True,terminate_account,ok,0,430.3978959999513,test-1890,ok,banking,banking77,terminate_account,,,"cascade,gemini",True,True,terminate_account,1,ok,True,418.60700799990445,True,terminate_account,ok,True,True,terminate_account,0.8278755222676937,ok,1,jev,True,False,,I am highly unsatisfied with this company and want to delete my account!
0.0006045,0.0006045,1660.653081000084,0,1675.4937589999754,6.7494e-05,6.7494e-05,True,terminate_account,ok,0,348.0327030001208,test-1893,ok,banking,banking77,terminate_account,,,"cascade,gemini",True,True,terminate_account,1,ok,True,339.45031300000846,True,terminate_account,ok,True,True,terminate_account,0.5695890516976677,ok,1,jev,True,False,,This company is terrible! Can you delete my account?
0.00062625,0.00062625,1582.4586370000034,0,1594.4680260000168,6.7452e-05,6.7452e-05,True,terminate_account,ok,0,378.1995299999835,test-1894,ok,banking,banking77,terminate_account,,,"cascade,gemini",True,True,terminate_account,1,ok,True,367.99657200003276,True,terminate_account,ok,True,True,terminate_account,0.6947953420568375,ok,1,jev,True,False,,"This company is bad, please delete my account."
0.0006285,0.0006285,2105.400406999979,0,2116.256395000033,6.7578e-05,6.7578e-05,True,terminate_account,ok,0,440.8982659999747,test-1895,ok,banking,banking77,terminate_account,,,"gemini,cascade",True,True,terminate_account,1,ok,True,430.3146159998141,True,terminate_account,ok,True,True,terminate_account,0.4152506893192657,ok,1,jev,True,False,,"please delete my account, your services are not up to par."
0.00062925,0.00062925,3053.2700000000186,0,3063.745559999952,6.762e-05,6.762e-05,True,terminate_account,ok,0,362.19845199980773,test-1897,ok,banking,banking77,terminate_account,,,"cascade,gemini",True,True,terminate_account,1,ok,True,349.891883000033,True,terminate_account,ok,True,True,terminate_account,0.5736685211254622,ok,1,jev,True,False,,"The service of this company sucks, I need to terminate my account."
0.00063,0.00063,1522.6164319999516,0,1532.8088620000053,6.762e-05,6.762e-05,True,terminate_account,ok,0,339.50148400012404,test-1900,ok,banking,banking77,terminate_account,,,"cascade,gemini",True,True,terminate_account,1,ok,True,329.0456139999442,True,terminate_account,ok,True,True,terminate_account,0.821577102968455,ok,1,jev,True,False,,"This company isn't good, I would like to delete my account."
0.000633,0.000633,1337.84858599992,0,1350.38985399995,6.7746e-05,6.7746e-05,True,terminate_account,ok,0,316.9960849999916,test-1917,ok,banking,banking77,terminate_account,,,"gemini,cascade",True,True,terminate_account,1,ok,True,304.41879499994684,True,terminate_account,ok,True,True,terminate_account,0.6825468875535028,ok,1,jev,True,False,,I want to delete my account. I'm unhappy with the service you're providing.
0.000627,0.000627,1858.141803000006,0,1869.9607829999877,0.0006944519999999999,0.0006944519999999999,True,card_swallowed,ok,0,1696.4700279999524,test-1928,ok,banking,banking77,card_swallowed,1383.1445420000236,1,"cascade,gemini",True,True,card_swallowed,1,ok,False,295.96031700004824,True,card_swallowed,ok,True,False,wrong_amount_of_cash_received,0.33782944491679795,ok,0.98,gemini,True,False,,The ATM didn't give me the card back!
0.00062775,0.00062775,1555.6257890000124,0,1564.8329680000024,6.7326e-05,6.7326e-05,True,card_swallowed,ok,0,331.35357400000794,test-1932,ok,banking,banking77,card_swallowed,,,"gemini,cascade",True,True,card_swallowed,0.99,ok,True,323.02091400002246,True,card_swallowed,ok,True,True,card_swallowed,0.5041018267786235,ok,1,jev,True,False,,The ATM machine stole my card.
0.000612,0.000612,1342.336805000028,0,1352.1844740000088,6.7914e-05,6.7914e-05,True,card_swallowed,ok,0,404.6173880000133,test-1933,ok,banking,banking77,card_swallowed,,,"cascade,gemini",True,True,card_swallowed,1,ok,True,394.7343589999946,True,card_swallowed,ok,False,True,card_swallowed,0.1532652313567506,ok,1,jev,True,False,,The ATM at Metro bank on High St. Kensington swallowed my card. How do I get it back?
0.000627,0.000627,1609.4183950000443,0,1621.262503999984,6.7494e-05,6.7494e-05,True,card_swallowed,ok,0,320.1816350000445,test-1938,ok,banking,banking77,card_swallowed,,,"cascade,gemini",True,True,card_swallowed,1,ok,True,310.9202350000851,True,card_swallowed,ok,True,True,card_swallowed,0.4962152628874982,ok,1,jev,True,False,,What do I do if the ATM ate my card?
0.00062475,0.00062475,1750.8674220000103,0,1764.8899010000023,6.7368e-05,6.7368e-05,True,card_swallowed,ok,0,303.9270060000126,test-1952,ok,banking,banking77,card_swallowed,,,"gemini,cascade",True,True,card_swallowed,1,ok,True,290.54078799999843,True,card_swallowed,ok,False,True,card_swallowed,0.10212815426674483,ok,1,jev,True,False,,My card has been swallowed by an ATM
0.00063225,0.00063225,1425.3363999999128,0,1434.2392890000483,0.000699828,0.000699828,True,card_swallowed,ok,0,1909.2127209999599,test-1953,ok,banking,banking77,card_swallowed,1533.6090100000147,0.98,"cascade,gemini",True,True,card_swallowed,0.98,ok,False,352.9915819999296,True,card_swallowed,ok,False,False,declined_card_payment,0.04495322842334059,ok,0.67,gemini,True,False,,I was taking out funds and was unable to regain my card.
0.0006045,0.0006045,1550.0467090000166,0,1563.373237999971,6.7494e-05,6.7494e-05,True,transaction_charged_twice,ok,0,315.5327250000555,test-1965,ok,banking,banking77,transaction_charged_twice,,,"gemini,cascade",True,True,transaction_charged_twice,1,ok,True,303.62022599997,True,transaction_charged_twice,ok,True,True,transaction_charged_twice,0.7814323533242622,ok,1,jev,True,False,,Why was I chaged twice for the same thing?
0.0006285,0.0006285,2267.1301939999685,0,2279.6751929998863,6.7578e-05,6.7578e-05,True,transaction_charged_twice,ok,0,360.74494199990295,test-1968,ok,banking,banking77,transaction_charged_twice,,,"gemini,cascade",True,True,transaction_charged_twice,1,ok,True,347.3633630000986,True,transaction_charged_twice,ok,True,True,transaction_charged_twice,0.6654215587048004,ok,1,jev,True,False,,Why would I be charged more than once for the same transaction?
0.00064125,0.00064125,2312.810639000032,0,2330.842427000054,6.8082e-05,6.8082e-05,True,transaction_charged_twice,ok,0,346.90643299999647,test-1972,ok,banking,banking77,transaction_charged_twice,,,"cascade,gemini",True,True,transaction_charged_twice,0.98,ok,True,336.45171299995854,True,transaction_charged_twice,ok,False,True,transaction_charged_twice,0.18555090656345624,ok,1,jev,True,False,,It appears that I am being double charged for some items that I have purchased this past week.  Please review and correct.
0.00063,0.00063,1484.974523999961,0,1496.4006040000822,6.7452e-05,6.7452e-05,True,transaction_charged_twice,ok,0,338.2979139999952,test-1977,ok,banking,banking77,transaction_charged_twice,,,"gemini,cascade",True,True,transaction_charged_twice,0.99,ok,True,330.7201739999,True,transaction_charged_twice,ok,False,True,transaction_charged_twice,0.2134950864308171,ok,1,jev,True,False,,I see what looks like duplicate charges on account.
0.000618,0.000618,1347.8304440000793,0,1359.953234000015,6.825e-05,6.825e-05,True,transaction_charged_twice,ok,0,319.9127940000035,test-1980,ok,banking,banking77,transaction_charged_twice,,,"gemini,cascade",True,True,transaction_charged_twice,1,ok,True,310.4899860000005,True,transaction_charged_twice,ok,True,True,transaction_charged_twice,0.35184537708171026,ok,1,jev,True,False,,Hello. I checked my transactions and saw I was double charged on my card for a restaurant visit. I would like to get my money back.
0.0006285,0.0006285,2655.0393519999925,0,2670.0411910000257,6.7578e-05,6.7578e-05,True,transaction_charged_twice,ok,0,380.48154099995736,test-1987,ok,banking,banking77,transaction_charged_twice,,,"cascade,gemini",True,True,transaction_charged_twice,1,ok,True,368.23111099994276,True,transaction_charged_twice,ok,False,True,transaction_charged_twice,0.22622277945641053,ok,1,jev,True,False,,My card has been charged two separate times for a single transaction.
0.0006285,0.0006285,1442.774597999989,0,1455.5270960000344,0.0006958680000000001,0.0006958680000000001,True,transaction_charged_twice,ok,0,1890.0784720000229,test-1994,ok,banking,banking77,transaction_charged_twice,1571.4270679999609,0.98,"cascade,gemini",True,True,transaction_charged_twice,0.98,ok,False,289.3873470000108,True,transaction_charged_twice,ok,True,True,transaction_charged_twice,0.3151789386195954,ok,0.99,gemini,True,False,,I have a transaction that shows several times
0.0006285,0.0006285,1853.6974959999789,0,1864.70676500001,0.0006958680000000001,0.0006958680000000001,True,verify_source_of_funds,ok,0,2525.649733999977,test-2002,ok,banking,banking77,verify_source_of_funds,2133.8594839998987,0.88,"gemini,cascade",False,True,verify_source_of_funds,0.88,ok,False,368.62100100005046,True,verify_source_of_funds,ok,True,True,verify_source_of_funds,0.5783933677192195,ok,0.95,gemini,False,True,,Where are my funds being sourced from?
0.000642,0.000642,1386.8754109999863,0,1397.9299309999915,0.000710124,0.000710124,True,pending_cash_withdrawal,ok,0,1725.1295140000293,test-201,ok,banking,banking77,pending_cash_withdrawal,1375.2904720000224,0.95,"cascade,gemini",True,True,pending_cash_withdrawal,0.95,ok,False,321.96645499998704,True,pending_cash_withdrawal,ok,False,True,pending_cash_withdrawal,0.21929984003760655,ok,0.72,gemini,True,False,,My card was denied at an ATM earlier today but the transaction is pending. Please cancel it as I did not receive my money.
0.000627,0.000627,1755.440252999775,0,1766.6650410001166,0.000694284,0.000694284,True,verify_source_of_funds,ok,0,2373.93347300007,test-2016,ok,banking,banking77,verify_source_of_funds,2058.974997999845,0.95,"cascade,gemini",True,True,verify_source_of_funds,0.98,ok,False,296.0902270001825,True,verify_source_of_funds,ok,True,True,verify_source_of_funds,0.3087763566692921,ok,0.97,gemini,True,False,,I need my funds verified.
0.0006285,0.0006285,1635.1349629999604,0,1645.047951999819,0.0006958680000000001,0.0006958680000000001,True,verify_source_of_funds,ok,0,1959.984417000087,test-2019,ok,banking,banking77,verify_source_of_funds,1609.3934949999675,0.95,"gemini,cascade",False,True,verify_source_of_funds,0.85,ok,False,328.9095939998515,True,verify_source_of_funds,ok,True,True,verify_source_of_funds,0.6908944762921859,ok,0.96,gemini,True,False,,What is the source of my money?
0.000606,0.000606,1636.8346810000003,0,1647.0352399999974,6.7578e-05,6.7578e-05,True,pending_cash_withdrawal,ok,0,347.7638730000035,test-202,ok,banking,banking77,pending_cash_withdrawal,,,"cascade,gemini",True,True,pending_cash_withdrawal,1,ok,True,338.9182240000009,True,pending_cash_withdrawal,ok,True,True,pending_cash_withdrawal,0.6799089157260955,ok,1,jev,True,False,,My transaction is still showing that is pending from my cash withdrawal.
0.0006255,0.0006255,1534.034471000079,0,1545.1027790000662,6.741e-05,6.741e-05,True,verify_source_of_funds,ok,0,332.53869400010444,test-2023,ok,banking,banking77,verify_source_of_funds,,,"cascade,gemini",True,True,verify_source_of_funds,1,ok,True,323.70846400014125,True,verify_source_of_funds,ok,True,True,verify_source_of_funds,0.8602645165629751,ok,1,jev,True,False,,I have to verify the source of my funds
0.00063,0.00063,2026.468763000099,0,2038.942003000062,0.000697452,0.000697452,True,verify_source_of_funds,ok,0,1896.8761229999363,test-2030,ok,banking,banking77,verify_source_of_funds,1532.6674409999978,0.55,"gemini,cascade",False,True,verify_source_of_funds,0.45,ok,False,337.83767400006764,True,verify_source_of_funds,ok,True,True,verify_source_of_funds,0.5649988811053669,ok,0.58,gemini,False,True,,How can I see where my money comes from?
0.0006075,0.0006075,1682.7882489999756,0,1702.9831980001181,0.000697452,0.000697452,True,verify_source_of_funds,ok,0,1855.954717000015,test-2032,ok,banking,banking77,verify_source_of_funds,1477.093986999942,0.85,"cascade,gemini",False,True,verify_source_of_funds,0.85,ok,False,352.77366299997084,True,verify_source_of_funds,ok,True,True,verify_source_of_funds,0.8831333229993586,ok,0.81,gemini,False,True,,Where can I see the source of my money?
0.00062775,0.00062775,1561.3925969999982,0,1576.558474999969,0.000672576,0.000672576,True,verify_source_of_funds,ok,0,1766.8433589999331,test-2034,ok,banking,banking77,verify_source_of_funds,1444.3947760000592,0.85,"gemini,cascade",False,True,verify_source_of_funds,0.85,ok,False,303.50623599998653,True,verify_source_of_funds,ok,True,True,verify_source_of_funds,0.8568701703828916,ok,0.88,gemini,False,True,,Where do my funds come from?
0.00063075,0.00063075,1404.7229100000113,0,1416.6373990001157,6.7494e-05,6.7494e-05,True,transfer_timing,ok,0,348.79369199997745,test-2047,ok,banking,banking77,transfer_timing,,,"cascade,gemini",True,True,transfer_timing,0.98,ok,True,338.9280429999344,True,transfer_timing,ok,False,False,failed_transfer,0.16852464259548625,ok,1,jev,True,False,,What is the fastest that I can make a transfer?
0.000609,0.000609,1551.3317989999196,0,1563.2891980001004,0.000699036,0.000699036,True,transfer_timing,ok,0,2001.302044000011,test-2048,ok,banking,banking77,transfer_timing,1700.6110470000422,0.85,"cascade,gemini",False,True,transfer_timing,0.85,ok,False,281.93179799988866,True,transfer_timing,ok,True,False,balance_not_updated_after_bank_transfer,0.35458783289523244,ok,0.48,gemini,False,True,,how long dies it take for transfers to reflect on my balance
0.0006315,0.0006315,1711.1810980001464,0,1724.0443659999873,6.7746e-05,6.7746e-05,True,pending_cash_withdrawal,ok,0,350.2677319999784,test-205,ok,banking,banking77,pending_cash_withdrawal,,,"cascade,gemini",True,True,pending_cash_withdrawal,1,ok,True,340.75584400002845,True,pending_cash_withdrawal,ok,True,True,pending_cash_withdrawal,0.476048391922686,ok,1,jev,True,False,,Why is it taking so long for my cash withdrawal to no longer show as pending?
0.0006285,0.0006285,2158.914770000032,0,2173.11837000004,0.0006958680000000001,0.0006958680000000001,False,transfer_into_account,ok,0,8526.138578000013,test-2051,ok,banking,banking77,transfer_timing,8199.134844000044,0.88,"cascade,gemini",False,False,transfer_into_account,0.88,ok,False,305.30845599999884,True,transfer_timing,ok,True,True,transfer_timing,0.3769153387988778,ok,0.88,gemini,False,True,,When will a transfer reach my account?
0.00063075,0.00063075,1407.6857489999966,0,1418.487078999984,0.000698244,0.000698244,True,transfer_timing,ok,0,1834.7625460000127,test-2059,ok,banking,banking77,transfer_timing,1486.352973000001,0.95,"cascade,gemini",True,True,transfer_timing,0.95,ok,False,314.82976600000984,True,transfer_timing,ok,True,True,transfer_timing,0.5647568049698228,ok,0.99,gemini,True,False,,How many days does a transfer from the US take?
0.00063225,0.00063225,3410.864763999998,0,3423.234482,6.7578e-05,6.7578e-05,True,transfer_timing,ok,0,316.01057499999297,test-2069,ok,banking,banking77,transfer_timing,,,"cascade,gemini",True,True,transfer_timing,0.98,ok,True,307.7516760000144,True,transfer_timing,ok,False,True,transfer_timing,0.15392265511914074,ok,1,jev,True,False,,How long does a funds transfer take from one back to another?
0.00063375,0.00063375,1394.8883030000143,0,1406.4095110001508,0.000697662,0.000697662,False,transfer_into_account,ok,0,3534.7465249998495,test-2072,ok,banking,banking77,transfer_timing,2185.855368999997,0.8,"cascade,gemini",False,False,transfer_into_account,0.85,ok,False,1320.0815759999678,True,transfer_timing,ok,True,True,transfer_timing,0.4816137611927747,ok,0.9,gemini,False,True,,How long to I have to wait for a transfer to reach my account?
0.0006375,0.0006375,1504.8627419997938,0,1515.873891999945,0.000705372,0.000705372,True,transfer_timing,ok,0,1870.5844539999962,test-2077,ok,banking,banking77,transfer_timing,1447.6224169998895,0.95,"cascade,gemini",True,True,transfer_timing,0.95,ok,False,398.80540900002234,True,transfer_timing,ok,True,True,transfer_timing,0.33418997206355805,ok,0.98,gemini,True,False,,There is an important thing from China that I need to transfer. Approximately how long will this take?
0.0006255,0.0006255,2563.516520000063,0,2573.2552089999663,6.741e-05,6.741e-05,True,reverted_card_payment?,ok,0,356.07142099994235,test-2081,ok,banking,banking77,reverted_card_payment?,,,"cascade,gemini",True,True,reverted_card_payment?,1,ok,True,346.2909729999956,True,reverted_card_payment?,ok,True,True,reverted_card_payment?,0.8013863273078836,ok,1,jev,True,False,,My card payment was reverted.  Why?
0.00060075,0.00060075,1685.2767789999489,0,1699.6489279998932,0.000694284,0.000694284,True,reverted_card_payment?,ok,0,2315.8249109999742,test-2083,ok,banking,banking77,reverted_card_payment?,1974.4052770000417,0.85,"gemini,cascade",False,True,reverted_card_payment?,0.8,ok,False,316.7546250000596,True,reverted_card_payment?,ok,True,True,reverted_card_payment?,0.8982289642658001,ok,0.56,gemini,False,True,,My card payment was cancelled.
0.00063075,0.00063075,1540.6663389999885,0,1551.352319000027,0.000698244,0.000698244,True,reverted_card_payment?,ok,0,1830.15271699999,test-2085,ok,banking,banking77,reverted_card_payment?,1482.493403999979,0.95,"gemini,cascade",True,True,reverted_card_payment?,0.95,ok,False,326.4326739999815,True,reverted_card_payment?,ok,True,True,reverted_card_payment?,0.7134469448985038,ok,0.87,gemini,True,False,,I made a payment but the app reverted the payment.
0.00062925,0.00062925,3017.109766999958,0,3027.1520060000475,0.00069666,0.00069666,True,pending_cash_withdrawal,ok,0,2059.8110299999826,test-209,ok,banking,banking77,pending_cash_withdrawal,1572.345886999974,0.88,"gemini,cascade",False,True,pending_cash_withdrawal,0.85,ok,False,466.6099740001373,True,pending_cash_withdrawal,ok,False,True,pending_cash_withdrawal,0.10062716564853727,ok,0.95,gemini,False,True,,Are you sure when the withdrawal will show?
0.000633,0.000633,1341.7769059999846,0,1353.3168140000198,0.00070062,0.00070062,True,reverted_card_payment?,ok,0,2194.9441199998837,test-2090,ok,banking,banking77,reverted_card_payment?,1835.0502090000082,0.93,"cascade,gemini",False,True,reverted_card_payment?,0.85,ok,False,333.9859249999281,True,reverted_card_payment?,ok,True,True,reverted_card_payment?,0.42539209715657905,ok,0.71,gemini,False,True,,What do I do if it says my card payment has been cancelled?
0.000642,0.000642,1542.5135490000248,0,1555.15600800002,0.000710124,0.000710124,False,declined_card_payment,ok,0,1877.085951999994,test-2092,ok,banking,banking77,reverted_card_payment?,1557.4641580000753,0.98,"gemini,cascade",True,False,declined_card_payment,0.98,ok,False,295.214556000079,False,declined_card_payment,ok,False,False,declined_card_payment,0.0889410097122171,ok,0.99,gemini,True,False,,My card is being declined for a purchase. I bought items before and the card worked. Do you know what the problem is?
0.00063,0.00063,1782.217631000036,0,1796.528898999968,0.001616202,0.001616202,False,declined_card_payment,ok,0,2524.171140999999,test-2094,ok,banking,banking77,reverted_card_payment?,2211.4427860000287,0.8,"cascade,gemini",False,False,declined_card_payment,0.85,ok,False,288.9067379999906,False,declined_card_payment,ok,False,False,card_payment_not_recognised,0.09686739604320134,ok,0.94,gemini,False,True,,why did the app refuse to make an approved payment
0.001113,0.001113,2301.9469620001037,0,2311.5420209998265,0.0006702,0.0006702,False,declined_card_payment,ok,0,4793.626610999927,test-2117,ok,banking,banking77,reverted_card_payment?,4413.850530000171,0.55,"cascade,gemini",False,False,declined_card_payment,0.55,ok,False,356.86086199991405,False,declined_card_payment,ok,False,True,reverted_card_payment?,0.2317706072835093,ok,0.61,gemini,False,True,,Someone stopped my payment
0.0006255,0.0006255,1819.627179000061,0,1831.0873080000747,6.741e-05,6.741e-05,True,change_pin,ok,0,393.73555000009947,test-2127,ok,banking,banking77,change_pin,,,"cascade,gemini",True,True,change_pin,1,ok,True,383.68653100007214,True,change_pin,ok,True,True,change_pin,0.6819563642083488,ok,1,jev,True,False,,I would like to change my card PIN.
0.00062925,0.00062925,1537.606490999984,0,1547.90637099999,0.00069666,0.00069666,True,change_pin,ok,0,2333.311778000032,test-2132,ok,banking,banking77,change_pin,2010.1454830000293,0.98,"gemini,cascade",True,True,change_pin,0.96,ok,False,292.8424769999692,True,change_pin,ok,True,True,change_pin,0.8188172999271941,ok,0.99,gemini,True,False,,In what ATM can I change my pin?
0.000627,0.000627,1599.4105830000008,0,1608.6916320000018,6.7452e-05,6.7452e-05,True,change_pin,ok,0,436.7991239999974,test-2133,ok,banking,banking77,change_pin,,,"gemini,cascade",True,True,change_pin,1,ok,True,426.27462599999853,True,change_pin,ok,False,True,change_pin,0.20103682759357405,ok,1,jev,True,False,,I'd like to make a new PIN selection.
0.00062925,0.00062925,1342.5636040000245,0,1351.9986229999922,0.00069666,0.00069666,True,change_pin,ok,0,1721.918874999974,test-2143,ok,banking,banking77,change_pin,1377.6214219999965,0.98,"cascade,gemini",True,True,change_pin,0.98,ok,False,322.32733500003815,True,change_pin,ok,True,True,change_pin,0.6656864890611597,ok,0.98,gemini,True,False,,Do cash machines let me change my pin?
0.00063075,0.00063075,4456.754093999974,0,4469.650574000087,0.0011482439999999999,0.0011482439999999999,True,change_pin,ok,0,2694.6437109999824,test-2149,ok,banking,banking77,change_pin,2193.9214679999277,0.95,"cascade,gemini",True,True,change_pin,0.98,ok,False,472.7926729999017,True,change_pin,ok,True,True,change_pin,0.6682013324021716,ok,0.95,gemini,True,False,,Which cash machines will allow me to change my PIN?
0.0006255,0.0006255,1517.6025120001286,0,1527.372471000068,6.741e-05,6.741e-05,True,change_pin,ok,0,351.46293300017715,test-2158,ok,banking,banking77,change_pin,,,"cascade,gemini",True,True,change_pin,1,ok,True,339.8822939998936,True,change_pin,ok,True,True,change_pin,0.3438400868913511,ok,1,jev,True,False,,How to change the PIN on my card?
0.00130275,0.00130275,2432.4088509999565,0,2446.206528999959,0.000710832,0.000710832,False,failed_transfer,ok,0,2008.6281230000313,test-2161,ok,banking,banking77,beneficiary_not_allowed,1664.7429700000212,0.85,"gemini,cascade",False,False,failed_transfer,0.85,ok,False,321.1923640000168,False,failed_transfer,ok,False,True,beneficiary_not_allowed,0.10283049066956161,ok,0.51,gemini,False,True,,I've transferred money before without issue but now I am encountering an error stating that it isn't possible. Why is that?
0.00064425,0.00064425,1523.3037899999763,0,1533.608688999957,0.000712416,0.000712416,False,exchange_via_app,ok,0,1955.4766470000031,test-2168,ok,banking,banking77,beneficiary_not_allowed,1596.9980840000208,0.85,"cascade,gemini",False,False,exchange_via_app,0.88,ok,False,335.25719400000526,False,exchange_via_app,ok,False,True,beneficiary_not_allowed,0.07908012443619725,ok,0.87,gemini,False,True,,"Hey I want to buy some crypto but the app doesn't allow me to! What's the issue, I really want to exchange this"
0.00060675,0.00060675,1787.6088599999202,0,1798.4542780000484,0.0006741599999999999,0.0006741599999999999,True,beneficiary_not_allowed,ok,0,1876.3254329999909,test-2171,ok,banking,banking77,beneficiary_not_allowed,1530.8833199999062,0.85,"gemini,cascade",False,True,beneficiary_not_allowed,0.85,ok,False,320.85016400006134,False,failed_transfer,ok,True,True,beneficiary_not_allowed,0.509088471547795,ok,0.58,gemini,False,True,,I am having problems transferring to a beneficiary.
0.00062775,0.00062775,1674.410990000004,0,1686.7605090001598,0.000695244,0.000695244,False,failed_transfer,ok,0,2042.5746019999497,test-2178,ok,banking,banking77,beneficiary_not_allowed,1709.182896999875,0.8,"gemini,cascade",False,False,failed_transfer,0.8,ok,False,317.62497500004247,False,failed_transfer,ok,True,True,beneficiary_not_allowed,0.47559131471513527,ok,0.62,gemini,False,True,,Why wasn't I able to transfer to another account?
0.0006285,0.0006285,1567.818947999971,0,1577.9584370001685,0.0006958680000000001,0.0006958680000000001,True,beneficiary_not_allowed,ok,0,2050.1235800001305,test-2182,ok,banking,banking77,beneficiary_not_allowed,1637.1235530001577,0.95,"cascade,gemini",True,True,beneficiary_not_allowed,0.95,ok,False,390.21971000009216,False,transfer_into_account,ok,True,True,beneficiary_not_allowed,0.7343882622692057,ok,0.55,gemini,True,False,,A transfer to an account was not allowed
0.00063225,0.00063225,1434.6700679999776,0,1445.923317000037,0.000699828,0.000699828,True,beneficiary_not_allowed,ok,0,1877.282623999985,test-2184,ok,banking,banking77,beneficiary_not_allowed,1569.6919190000044,0.95,"cascade,gemini",True,True,beneficiary_not_allowed,0.95,ok,False,280.71317800006364,True,beneficiary_not_allowed,ok,True,True,beneficiary_not_allowed,0.9070674248381462,ok,0.93,gemini,True,False,,Explain why I can't do a transfer to a beneficiary.
0.0006255,0.0006255,1544.4994179999921,0,1554.9592979999725,6.741e-05,6.741e-05,True,pending_cash_withdrawal,ok,0,299.8645569999935,test-220,ok,banking,banking77,pending_cash_withdrawal,,,"gemini,cascade",True,True,pending_cash_withdrawal,1,ok,True,291.5850569999311,True,pending_cash_withdrawal,ok,True,True,pending_cash_withdrawal,0.5914055227623551,ok,1,jev,True,False,,Why do I have a pending cash withdrawal?
0.00062925,0.00062925,1520.3819699999876,0,1532.125250000041,6.741e-05,6.741e-05,True,transfer_fee_charged,ok,0,443.5474950000644,test-2206,ok,banking,banking77,transfer_fee_charged,,,"cascade,gemini",True,True,transfer_fee_charged,0.98,ok,True,433.9042269999627,True,transfer_fee_charged,ok,True,True,transfer_fee_charged,0.7170743579977775,ok,1,jev,True,False,,Why was I charged extra for transferring money?
0.0006045,0.0006045,1389.2861720001092,0,1400.3126099999063,0.000694284,0.000694284,True,transfer_fee_charged,ok,0,1885.2018320000498,test-2207,ok,banking,banking77,transfer_fee_charged,1537.5079690000275,0.98,"cascade,gemini",True,True,transfer_fee_charged,0.98,ok,False,322.5568140000105,True,transfer_fee_charged,ok,False,True,transfer_fee_charged,0.23675746209526025,ok,0.96,gemini,True,False,,im not paying this transfer fee
0.000606,0.000606,1516.3231609999784,0,1531.3608200000017,6.7536e-05,6.7536e-05,True,transfer_fee_charged,ok,0,375.1932610000367,test-2208,ok,banking,banking77,transfer_fee_charged,,,"cascade,gemini",True,True,transfer_fee_charged,1,ok,True,364.6664710000041,True,transfer_fee_charged,ok,True,True,transfer_fee_charged,0.5193289902580603,ok,1,jev,True,False,,I am being charged a transfer fee aren't they free?
0.00063225,0.00063225,1518.0822920000646,0,1533.6017809999175,6.7578e-05,6.7578e-05,True,transfer_fee_charged,ok,0,350.5195929999463,test-2210,ok,banking,banking77,transfer_fee_charged,,,"cascade,gemini",True,True,transfer_fee_charged,0.98,ok,True,340.1807049999479,True,transfer_fee_charged,ok,False,True,transfer_fee_charged,0.24658258459972565,ok,1,jev,True,False,,I got 2 transfer fees and I thought transfers were free.
0.000627,0.000627,1751.2131610000506,0,1761.2581110000028,0.000694284,0.000694284,True,transfer_fee_charged,ok,0,2139.3937600000063,test-2212,ok,banking,banking77,transfer_fee_charged,1835.6385950000258,0.98,"gemini,cascade",True,True,transfer_fee_charged,0.98,ok,False,282.9245969999465,True,transfer_fee_charged,ok,False,True,transfer_fee_charged,0.12139478070502055,ok,0.98,gemini,True,False,,Do charge fees for transfers?
0.00062925,0.00062925,1554.0484479999868,0,1566.2492870000424,0.0006741599999999999,0.0006741599999999999,True,transfer_fee_charged,ok,0,1839.7944660000212,test-2239,ok,banking,banking77,transfer_fee_charged,1527.8812510000134,0.98,"cascade,gemini",True,True,transfer_fee_charged,0.98,ok,False,291.3370069999946,True,transfer_fee_charged,ok,True,True,transfer_fee_charged,0.2707533514105819,ok,0.99,gemini,True,False,,Can you explain the transfer fee to me?
0.000633,0.000633,1726.3122149999253,0,1738.0478730000323,0.00070062,0.00070062,True,receiving_money,ok,0,2282.017450999934,test-2253,ok,banking,banking77,receiving_money,1960.0611760000465,0.85,"cascade,gemini",False,True,receiving_money,0.85,ok,False,295.8498369998997,False,verify_source_of_funds,ok,False,True,receiving_money,0.20317237035594693,ok,0.3,gemini,False,True,,Do I need to establish I am paid in GBP before a transfer?
0.000633,0.000633,1836.2615249999799,0,1846.8096040000673,0.00070062,0.00070062,True,receiving_money,ok,0,1909.231089000008,test-2258,ok,banking,banking77,receiving_money,1550.311437999946,0.85,"gemini,cascade",True,True,receiving_money,0.95,ok,False,335.7014940000372,False,transfer_into_account,ok,False,False,transfer_into_account,0.08717273159340753,ok,0.68,gemini,False,True,,What do I need to do to transfer my paycheck to my account?
0.00062925,0.00062925,1892.5613740000408,0,1908.0149819999933,0.00069666,0.00069666,True,receiving_money,ok,0,1735.8742149998434,test-2261,ok,banking,banking77,receiving_money,1337.0427659999114,0.95,"cascade,gemini",True,True,receiving_money,0.95,ok,False,374.48726100008935,True,receiving_money,ok,True,True,receiving_money,0.48324740898641516,ok,0.98,gemini,True,False,,Can this be used to receive my salary?
0.000612,0.000612,1995.5858040000312,0,2010.1453929999843,0.000702204,0.000702204,False,exchange_via_app,ok,0,2083.89848600002,test-2263,ok,banking,banking77,receiving_money,1730.2687129999977,0.95,"cascade,gemini",True,False,exchange_via_app,0.95,ok,False,326.68618400010746,False,exchange_rate,ok,True,True,receiving_money,0.6107946503365328,ok,0.41,gemini,True,False,,I received my salary in GBP. How do I change this to my currency?
0.00063,0.00063,1878.857491999981,0,1892.1722910000244,0.0015974519999999999,0.0015974519999999999,True,receiving_money,ok,0,3072.6808280000696,test-2266,ok,banking,banking77,receiving_money,2570.387187999906,0.92,"cascade,gemini",False,True,receiving_money,0.85,ok,False,479.40840300009586,False,top_up_by_cash_or_cheque,ok,False,False,transfer_into_account,0.05483669836735603,ok,0.86,gemini,False,True,,How do I deposit my paycheck to this account?
0.00063,0.00063,1514.6051319999387,0,1526.8745699999854,0.0006749519999999999,0.0006749519999999999,True,receiving_money,ok,0,2951.1899699999485,test-2269,ok,banking,banking77,receiving_money,2571.242009000038,0.95,"gemini,cascade",True,True,receiving_money,0.95,ok,False,354.0460530000273,True,receiving_money,ok,True,True,receiving_money,0.3974422782189998,ok,0.9,gemini,True,False,,How do I get my salary through this account?
0.000633,0.000633,1577.8090580001008,0,1591.47311599995,0.000700578,0.000700578,True,receiving_money,ok,0,2232.0111680000555,test-2274,ok,banking,banking77,receiving_money,1933.9314400001895,0.85,"cascade,gemini",False,True,receiving_money,0.85,ok,False,275.117988999933,False,transfer_into_account,ok,True,True,receiving_money,0.6790238973441396,ok,0.48,gemini,False,True,,can I transfer my salary if it's in a different currency?
0.00062775,0.00062775,1474.4753259999998,0,1485.2060539999948,6.7326e-05,6.7326e-05,True,failed_transfer,ok,0,342.01542500000505,test-2284,ok,banking,banking77,failed_transfer,,,"cascade,gemini",True,True,failed_transfer,0.95,ok,True,331.90382500000123,True,failed_transfer,ok,True,True,failed_transfer,0.8054927474072833,ok,1,jev,True,False,,Tell me why my transfer failed!
0.00062475,0.00062475,1683.5997079999652,0,1696.0420980000054,0.0006695760000000001,0.0006695760000000001,True,failed_transfer,ok,0,1943.9668199999724,test-2291,ok,banking,banking77,failed_transfer,1638.2187640000484,0.9,"cascade,gemini",False,True,failed_transfer,0.8,ok,False,283.4350479999557,True,failed_transfer,ok,True,True,failed_transfer,0.25302982305214455,ok,0.99,gemini,False,True,,how come my transfer didn't work
0.0006255,0.0006255,1453.6107769999653,0,1462.887696000049,0.000696618,0.000696618,True,failed_transfer,ok,0,1650.492530999938,test-2303,ok,banking,banking77,failed_transfer,1305.5722870000172,0.65,"gemini,cascade",False,True,failed_transfer,0.8,ok,False,320.9069550000131,True,failed_transfer,ok,False,True,failed_transfer,0.17801677015947384,ok,0.99,gemini,False,True,,Why couldn't I complete a transfer?
0.00062775,0.00062775,1702.767117000185,0,1713.4727360000834,0.000691326,0.000691326,True,failed_transfer,ok,0,2073.3922900001053,test-2304,ok,banking,banking77,failed_transfer,1663.231472000014,0.8,"gemini,cascade",False,True,failed_transfer,0.85,ok,False,385.39558000001125,True,failed_transfer,ok,False,True,failed_transfer,0.20043725810376356,ok,0.96,gemini,False,True,,My transfer appeared not to work.
0.00060375,0.00060375,1603.7337450000923,0,1614.390435000183,6.7242e-05,6.7242e-05,True,failed_transfer,ok,0,317.45827499986626,test-2307,ok,banking,banking77,failed_transfer,,,"gemini,cascade",True,True,failed_transfer,0.95,ok,True,307.24412599997595,True,failed_transfer,ok,True,True,failed_transfer,0.4706574584625596,ok,1,jev,True,False,,My attempted transfer failed.
0.00062925,0.00062925,2350.7782090001274,0,2360.1746370000765,6.741e-05,6.741e-05,True,failed_transfer,ok,0,358.7752619998064,test-2315,ok,banking,banking77,failed_transfer,,,"cascade,gemini",True,True,failed_transfer,0.95,ok,True,348.9954129999969,True,failed_transfer,ok,True,True,failed_transfer,0.7853554627439059,ok,1,jev,True,False,,can you tell me why my transfer failed?
0.000648,0.000648,1782.6694110000972,0,1793.014151000185,0.000716376,0.000716376,True,pending_cash_withdrawal,ok,0,2013.4986539999954,test-232,ok,banking,banking77,pending_cash_withdrawal,1659.9628220000304,0.88,"gemini,cascade",False,True,pending_cash_withdrawal,0.94,ok,False,332.0601939999033,True,pending_cash_withdrawal,ok,False,True,pending_cash_withdrawal,0.13402718931375365,ok,0.81,gemini,False,True,,"I tried to take money from my card, but it didn't work. Later I saw that the transaction is still in progress. What's goign on?"
0.00063075,0.00063075,1943.098679999821,0,1954.70724899997,0.000698286,0.000698286,True,transfer_into_account,ok,0,1913.5456609998364,test-2329,ok,banking,banking77,transfer_into_account,1512.2734719999135,0.95,"cascade,gemini",True,True,transfer_into_account,0.95,ok,False,380.81695099989884,True,transfer_into_account,ok,True,True,transfer_into_account,0.3281585831861488,ok,0.97,gemini,True,False,,How does tranferring money into my account work?
0.00063075,0.00063075,1907.8389610000886,0,1920.6642209999263,6.7494e-05,6.7494e-05,True,pending_cash_withdrawal,ok,0,327.4902240000665,test-233,ok,banking,banking77,pending_cash_withdrawal,,,"gemini,cascade",True,True,pending_cash_withdrawal,0.99,ok,True,312.34066599979997,True,pending_cash_withdrawal,ok,True,True,pending_cash_withdrawal,0.40761543641613535,ok,1,jev,True,False,,Why does it say pending cash withdrawal on my statement?
0.00063375,0.00063375,1398.5369619999547,0,1408.2922209999524,0.000701496,0.000701496,True,transfer_into_account,ok,0,2517.3847550000064,test-2330,ok,banking,banking77,transfer_into_account,2127.451924999943,0.95,"cascade,gemini",True,True,transfer_into_account,0.95,ok,False,369.1827209999319,True,transfer_into_account,ok,True,True,transfer_into_account,0.7726756398012199,ok,0.99,gemini,True,False,,I NEED TO KNOW HOW TO TRANSFER MONEY INTO MY BANK ACCOUNT. PLEASE HELP
0.000633,0.000633,1581.9085470000282,0,1592.612167000072,0.00070062,0.00070062,True,transfer_into_account,ok,0,2041.878982000053,test-2335,ok,banking,banking77,transfer_into_account,1615.1736149999779,0.95,"cascade,gemini",True,True,transfer_into_account,0.95,ok,False,409.6487879999913,True,transfer_into_account,ok,True,True,transfer_into_account,0.40300498203468715,ok,0.87,gemini,True,False,,How can I transfer funds from my bank to my top up account?
0.00062775,0.00062775,1447.901147000026,0,1458.336665000068,0.000699036,0.000699036,True,transfer_into_account,ok,0,1680.1142090000212,test-2341,ok,banking,banking77,transfer_into_account,1287.857010000036,0.85,"cascade,gemini",False,True,transfer_into_account,0.8,ok,False,370.1447300000582,True,transfer_into_account,ok,True,False,supported_cards_and_currencies,0.3800490855807253,ok,0.69,gemini,False,True,,What methods can I use to add money to my account?
0.00062475,0.00062475,1449.6520579999778,0,1460.7210059999488,0.000692118,0.000692118,False,exchange_via_app,ok,0,1814.4968299998436,test-2348,ok,banking,banking77,transfer_into_account,1428.5059990000445,0.4,"gemini,cascade",False,False,exchange_via_app,0.4,ok,False,363.20098099997267,True,transfer_into_account,ok,False,False,balance_not_updated_after_bank_transfer,0.05857011931285377,ok,0.78,gemini,False,True,,How do I do an international transfer?
0.0006075,0.0006075,1515.7191830000374,0,1527.1979910000227,0.000697452,0.000697452,True,transfer_into_account,ok,0,2891.1513249999844,test-2349,ok,banking,banking77,transfer_into_account,2536.055572999874,0.95,"cascade,gemini",True,True,transfer_into_account,0.95,ok,False,335.9752739998512,True,transfer_into_account,ok,True,True,transfer_into_account,0.47159074008476265,ok,0.79,gemini,True,False,,Are there ways to transfer money into my account?
0.000627,0.000627,1505.4117320000078,0,1516.8644809999969,0.0006757439999999999,0.0006757439999999999,True,verify_top_up,ok,0,1844.7042960000108,test-2361,ok,banking,banking77,verify_top_up,1480.8621939999866,0.98,"cascade,gemini",True,True,verify_top_up,1,ok,False,339.89533400000073,True,verify_top_up,ok,True,True,verify_top_up,0.5937367607569964,ok,0.77,gemini,True,False,,It wants me to verify the top up. Why?
0.0006255,0.0006255,1776.506662000087,0,1788.5952510000207,0.0006741599999999999,0.0006741599999999999,False,verify_my_identity,ok,0,1751.1080429999856,test-2364,ok,banking,banking77,verify_top_up,1388.405291999923,0.55,"cascade,gemini",False,False,verify_my_identity,0.8,ok,False,340.1811830000952,False,verify_my_identity,ok,False,True,verify_top_up,0.12572905387686176,ok,0.59,gemini,False,True,,Can you give me information about verification code?
0.00063075,0.00063075,1619.0661650000256,0,1631.7329129999853,0.000698244,0.000698244,True,verify_top_up,ok,0,1800.0321699999622,test-2369,ok,banking,banking77,verify_top_up,1441.625377999968,0.98,"gemini,cascade",True,True,verify_top_up,0.98,ok,False,335.6972840000526,True,verify_top_up,ok,True,True,verify_top_up,0.44625206698733483,ok,0.72,gemini,True,False,,Why do you need code verification for my top up?
0.00063075,0.00063075,1393.1946799999569,0,1403.1777299999958,0.0006944519999999999,0.0006944519999999999,True,verify_top_up,ok,0,2218.8278260000516,test-2371,ok,banking,banking77,verify_top_up,1854.9531239999924,1,"cascade,gemini",True,True,verify_top_up,0.98,ok,False,337.7570629999973,True,verify_top_up,ok,True,True,verify_top_up,0.8184691739038277,ok,0.98,gemini,True,False,,How do I get my top-up verification code?
0.00060675,0.00060675,2158.9150500000687,0,2173.1818989999592,0.00069666,0.00069666,True,verify_top_up,ok,0,1811.2453180000884,test-2372,ok,banking,banking77,verify_top_up,1493.1430229999823,0.98,"gemini,cascade",True,True,verify_top_up,0.98,ok,False,293.0437970000785,True,verify_top_up,ok,True,True,verify_top_up,0.4371699216867697,ok,0.99,gemini,True,False,,Is it possible to verify a top up?
0.0006285,0.0006285,2275.403651999979,0,2287.934001000016,0.0006958260000000001,0.0006958260000000001,True,verify_top_up,ok,0,1888.0167819999915,test-2375,ok,banking,banking77,verify_top_up,1601.704104000004,0.98,"gemini,cascade",True,True,verify_top_up,0.98,ok,False,262.5026889999863,True,verify_top_up,ok,True,True,verify_top_up,0.37616395873693925,ok,0.92,gemini,True,False,,Why does top-up need verifying?
0.00060975,0.00060975,1200.7302859999472,0,1211.9391659999965,0.000699744,0.000699744,True,verify_top_up,ok,0,2549.566870000097,test-2378,ok,banking,banking77,verify_top_up,2240.818714000052,0.98,"gemini,cascade",True,True,verify_top_up,0.97,ok,False,276.8841079999693,True,verify_top_up,ok,True,True,verify_top_up,0.9504835965739281,ok,0.94,gemini,True,False,,Where's the verification code for the top-up card?
0.00063075,0.00063075,1454.5542170000263,0,1464.5705959999468,0.000698244,0.000698244,True,card_arrival,ok,0,1848.0506470000837,test-24,ok,banking,banking77,card_arrival,1505.223152999999,0.98,"gemini,cascade",True,True,card_arrival,0.98,ok,False,322.9412350000348,True,card_arrival,ok,False,True,card_arrival,0.14563896422270373,ok,0.95,gemini,True,False,,"My card has not arrived yet, where is it?"
0.00063375,0.00063375,3645.6284669998568,0,3658.926974999951,0.000701412,0.000701412,True,fiat_currency_support,ok,0,1777.6545009999536,test-240,ok,banking,banking77,fiat_currency_support,1427.4380479999818,0.95,"cascade,gemini",True,True,fiat_currency_support,0.95,ok,False,326.26982499985024,True,fiat_currency_support,ok,False,True,fiat_currency_support,0.14706922003454734,ok,0.69,gemini,True,False,,"If I request that my funds be held, what currencies do you use?"
0.0006045,0.0006045,1486.5430140000535,0,1498.842132999911,0.000694326,0.000694326,True,getting_spare_card,ok,0,1774.6870509999571,test-2402,ok,banking,banking77,getting_spare_card,1339.3920350000262,0.95,"gemini,cascade",True,True,getting_spare_card,0.95,ok,False,415.3145079999231,True,getting_spare_card,ok,False,True,getting_spare_card,0.167614931787602,ok,0.58,gemini,True,False,,I want to order another crad
0.000624,0.000624,1486.9762839999748,0,1497.8778229999589,0.000691326,0.000691326,True,getting_spare_card,ok,0,1999.5219649999635,test-2405,ok,banking,banking77,getting_spare_card,1593.862565999967,1,"gemini,cascade",True,True,getting_spare_card,1,ok,False,387.53945000004023,True,getting_spare_card,ok,True,True,getting_spare_card,0.4360052565593277,ok,0.99,gemini,True,False,,I need some spare physical cards.
0.00063,0.00063,1427.2544479999924,0,1439.0110279999208,0.0006749519999999999,0.0006749519999999999,True,getting_spare_card,ok,0,1854.6351150000119,test-2407,ok,banking,banking77,getting_spare_card,1453.382746999967,0.95,"cascade,gemini",True,True,getting_spare_card,0.95,ok,False,380.20734000002267,True,getting_spare_card,ok,False,True,getting_spare_card,0.05707396155888584,ok,0.94,gemini,True,False,,Can I have a card after my first one?
0.000624,0.000624,1980.7562649999745,0,1991.0482039999915,0.000691326,0.000691326,True,fiat_currency_support,ok,0,2185.402519999945,test-242,ok,banking,banking77,fiat_currency_support,1893.052972000034,1,"cascade,gemini",True,True,fiat_currency_support,1,ok,False,273.06786900002044,True,fiat_currency_support,ok,True,True,fiat_currency_support,0.6876318427774475,ok,0.98,gemini,True,False,,Do you support all fiat currencies?
0.000888,0.000888,2239.945415999973,0,2252.0959949999815,0.00106791,0.00106791,True,getting_spare_card,ok,0,2344.350897999946,test-2423,ok,banking,banking77,getting_spare_card,2031.9930529999547,0.92,"cascade,gemini",True,True,getting_spare_card,0.95,ok,False,291.9408870000625,True,getting_spare_card,ok,False,True,getting_spare_card,0.16972870386843097,ok,0.62,gemini,False,True,,I was looking to buy another card today.
0.00060825,0.00060825,2334.872747999965,0,2347.9544760000426,0.0006757439999999999,0.0006757439999999999,True,getting_spare_card,ok,0,1740.0685250000097,test-2431,ok,banking,banking77,getting_spare_card,1412.83713,0.95,"gemini,cascade",True,True,getting_spare_card,0.98,ok,False,304.55825700005516,True,getting_spare_card,ok,True,True,getting_spare_card,0.7537045170627256,ok,0.94,gemini,True,False,,How can I get a second card for my daughter?
0.00063825,0.00063825,1735.5371049998794,0,1746.129234999884,0.000706122,0.000706122,True,getting_spare_card,ok,0,2037.305931000039,test-2437,ok,banking,banking77,getting_spare_card,1596.8543360000476,0.88,"gemini,cascade",False,True,getting_spare_card,0.92,ok,False,419.4549980000593,True,getting_spare_card,ok,False,True,getting_spare_card,0.09982708739146118,ok,0.59,gemini,False,True,,My daughter needs a card. Can I give her one of mine that's linked to my account?
0.00063075,0.00063075,1432.457767999993,0,1443.6862879999971,6.7494e-05,6.7494e-05,True,top_up_by_cash_or_cheque,ok,0,272.90632899999036,test-2452,ok,banking,banking77,top_up_by_cash_or_cheque,,,"gemini,cascade",True,True,top_up_by_cash_or_cheque,0.98,ok,True,264.20272900001146,True,top_up_by_cash_or_cheque,ok,True,False,balance_not_updated_after_cheque_or_cash_deposit,0.25574373805146916,ok,1,jev,True,False,,Can I add to my account balance with a cheque?
0.00060675,0.00060675,1426.168978999951,0,1437.0273890000535,0.00069666,0.00069666,True,top_up_by_cash_or_cheque,ok,0,1769.713652000064,test-2458,ok,banking,banking77,top_up_by_cash_or_cheque,1410.1460310000693,0.98,"cascade,gemini",True,True,top_up_by_cash_or_cheque,0.98,ok,False,335.74046400003135,True,top_up_by_cash_or_cheque,ok,True,True,top_up_by_cash_or_cheque,0.4365071927746905,ok,0.99,gemini,True,False,,What locations can I top up with cash?
0.000627,0.000627,1456.0490959999152,0,1467.6144759999588,6.7494e-05,6.7494e-05,True,top_up_by_cash_or_cheque,ok,0,437.752015999984,test-2464,ok,banking,banking77,top_up_by_cash_or_cheque,,,"cascade,gemini",True,True,top_up_by_cash_or_cheque,1,ok,True,429.4089170000516,True,top_up_by_cash_or_cheque,ok,True,True,top_up_by_cash_or_cheque,0.6886397829091874,ok,1,jev,True,False,,Will you accept a cheque to top up my account?
0.000627,0.000627,1427.4285399999935,0,1439.1659579998814,0.0006944939999999999,0.0006944939999999999,False,supported_cards_and_currencies,ok,0,1949.353008999955,test-2466,ok,banking,banking77,top_up_by_cash_or_cheque,1578.2324570000637,0.8,"gemini,cascade",False,False,supported_cards_and_currencies,0.8,ok,False,346.2654629999306,False,topping_up_by_card,ok,False,False,supported_cards_and_currencies,0.1854339124321959,ok,0.42,gemini,False,True,,What methods can I use to top up my account?
0.00206925,0.00206925,3414.118261000025,0,3425.836569999985,0.000696618,0.000696618,False,topping_up_by_card,ok,0,1878.4350029999914,test-2477,ok,banking,banking77,top_up_by_cash_or_cheque,1515.109392000013,0.85,"cascade,gemini",True,False,topping_up_by_card,0.95,ok,False,342.7424830000091,False,topping_up_by_card,ok,False,False,topping_up_by_card,0.238345575914917,ok,0.67,gemini,False,True,,How can I top-up my card?
0.00060375,0.00060375,1540.2661489999155,0,1551.285547999898,0.000693492,0.000693492,True,top_up_by_cash_or_cheque,ok,0,1712.9839040000224,test-2479,ok,banking,banking77,top_up_by_cash_or_cheque,1356.2448419999564,0.96,"gemini,cascade",True,True,top_up_by_cash_or_cheque,0.95,ok,False,331.5890440000221,True,top_up_by_cash_or_cheque,ok,True,False,supported_cards_and_currencies,0.3880136149536424,ok,0.86,gemini,True,False,,Do you accept checks?
0.00062925,0.00062925,1589.9183959999355,0,1600.276463999995,0.00069666,0.00069666,True,order_physical_card,ok,0,1916.0222289999947,test-2485,ok,banking,banking77,order_physical_card,1622.5239919999149,0.95,"gemini,cascade",True,True,order_physical_card,0.95,ok,False,271.46466900000814,True,order_physical_card,ok,True,True,order_physical_card,0.47395138021854655,ok,0.96,gemini,True,False,,"Please, how do I order a card?"
0.00062925,0.00062925,1363.103533000045,0,1375.1952920000185,0.00069666,0.00069666,False,country_support,ok,0,1830.2870669999975,test-2491,ok,banking,banking77,order_physical_card,1515.5128830000176,0.95,"gemini,cascade",False,False,country_support,0.93,ok,False,288.86650800000643,False,country_support,ok,False,True,order_physical_card,0.09557777314925839,ok,0.5,gemini,True,False,,Do you ship cards to where I live?
0.00062475,0.00062475,2045.7627809999976,0,2057.440040000016,0.0006958680000000001,0.0006958680000000001,True,order_physical_card,ok,0,5172.4628259999445,test-2492,ok,banking,banking77,order_physical_card,4851.833479999914,0.85,"cascade,gemini",False,True,order_physical_card,0.8,ok,False,299.919845999917,False,get_physical_card,ok,True,True,order_physical_card,0.36434330024499484,ok,0.53,gemini,False,True,,"For physical cards, do you charge?"
0.00060675,0.00060675,1430.0093989999732,0,1440.2834180000937,0.0006741599999999999,0.0006741599999999999,True,order_physical_card,ok,0,2181.1076590000885,test-2498,ok,banking,banking77,order_physical_card,1822.187617000076,0.85,"cascade,gemini",False,True,order_physical_card,0.55,ok,False,333.9111540000886,False,get_physical_card,ok,True,True,order_physical_card,0.5977300479772252,ok,0.63,gemini,False,True,,What is the charge for a physical card?
0.00062475,0.00062475,1533.9068479999987,0,1547.7190980000014,0.000692118,0.000692118,True,order_physical_card,ok,0,4171.0915239999995,test-2503,ok,banking,banking77,order_physical_card,3745.4077270000016,0.8,"gemini,cascade",False,True,order_physical_card,0.8,ok,False,402.19313899999906,False,get_physical_card,ok,True,False,getting_virtual_card,0.6523999196715353,ok,0.82,gemini,False,True,,can I have a non virtual card?
0.00063,0.00063,1181.8102570000337,0,1191.9143559999065,0.000697452,0.000697452,True,fiat_currency_support,ok,0,1776.9469810000155,test-251,ok,banking,banking77,fiat_currency_support,1451.9982969999546,0.95,"gemini,cascade",True,True,fiat_currency_support,0.95,ok,False,302.5642260001041,True,fiat_currency_support,ok,True,True,fiat_currency_support,0.7528694828596189,ok,0.85,gemini,True,False,,Is it permissible to hold money in multiple currencies?
0.000627,0.000627,1432.0494790000375,0,1446.7263680000324,0.000690534,0.000690534,False,card_delivery_estimate,ok,0,1950.4519969997928,test-2515,ok,banking,banking77,order_physical_card,1620.608583000023,0.8,"gemini,cascade",False,False,card_delivery_estimate,0.55,ok,False,306.87238700012676,False,card_arrival,ok,False,True,order_physical_card,0.14117396444054706,ok,0.6,gemini,False,True,,Where can cards be delivered?
0.0043035,0.0043035,4801.723024999956,0,4811.686774999835,0.000692118,0.000692118,False,get_physical_card,ok,0,1918.535160999978,test-2518,ok,banking,banking77,order_physical_card,1566.7546880000737,0.9,"cascade,gemini",False,True,order_physical_card,0.55,ok,False,331.12397399987094,False,get_physical_card,ok,True,True,order_physical_card,0.5985011899860042,ok,0.93,gemini,False,True,,How do I get an actual card?
0.00060825,0.00060825,1833.8362500001676,0,1846.51393799996,0.000698244,0.000698244,False,disposable_card_limits,ok,0,2062.0241900000256,test-2531,ok,banking,banking77,virtual_card_not_working,1769.930423000129,0.85,"cascade,gemini",False,False,disposable_card_limits,0.85,ok,False,269.3292790001724,False,disposable_card_limits,ok,False,False,getting_virtual_card,0.1994359311570683,ok,0.68,gemini,False,True,,Can I make multiple online transactions with my virtual card?
0.00063225,0.00063225,1486.7084349999204,0,1500.9963930000085,0.000699786,0.000699786,True,virtual_card_not_working,ok,0,2501.948495000135,test-2534,ok,banking,banking77,virtual_card_not_working,2083.996168000158,0.95,"gemini,cascade",False,True,virtual_card_not_working,0.94,ok,False,392.59915899997577,True,virtual_card_not_working,ok,True,False,getting_virtual_card,0.2663661100830965,ok,0.75,gemini,True,False,,Why can't I use my virtual card for subscription services?
0.000603,0.000603,1633.8031920001376,0,1643.9384910000954,6.741e-05,6.741e-05,True,virtual_card_not_working,ok,0,369.9773109999951,test-2536,ok,banking,banking77,virtual_card_not_working,,,"cascade,gemini",True,True,virtual_card_not_working,1,ok,True,359.317732000025,True,virtual_card_not_working,ok,False,False,getting_virtual_card,0.20762126832002192,ok,1,jev,True,False,,I cannot make transactions with my virtual card.
0.000633,0.000633,1646.5412520000245,0,1656.6159610000323,0.00067812,0.00067812,True,virtual_card_not_working,ok,0,1885.1488629999803,test-2545,ok,banking,banking77,virtual_card_not_working,1540.6409799999674,0.95,"cascade,gemini",True,True,virtual_card_not_working,0.98,ok,False,320.6232949999976,False,card_not_working,ok,False,False,disposable_card_limits,0.059364507493163875,ok,0.6,gemini,True,False,,My disposable card seems not to be working am I doing something wrong?
0.00063,0.00063,1422.9560780000174,0,1434.8859380000504,0.00069741,0.00069741,True,virtual_card_not_working,ok,0,2489.6830949999858,test-2552,ok,banking,banking77,virtual_card_not_working,2182.4780790000223,0.98,"gemini,cascade",True,True,virtual_card_not_working,0.98,ok,False,280.13695800001733,True,virtual_card_not_working,ok,False,False,get_disposable_virtual_card,0.2284661454778034,ok,0.91,gemini,True,False,,Payments from my disposable virtual card don't work
0.00063225,0.00063225,1460.9603360000765,0,1474.5061040000292,0.000699828,0.000699828,True,virtual_card_not_working,ok,0,1632.402791999979,test-2553,ok,banking,banking77,virtual_card_not_working,1327.6752759999363,0.95,"gemini,cascade",True,True,virtual_card_not_working,0.95,ok,False,281.030507999938,True,virtual_card_not_working,ok,False,True,virtual_card_not_working,0.16790401055572818,ok,0.53,gemini,True,False,,"My disposable virtual card was rejected by the merchant, please help?"
0.0006315,0.0006315,1636.4539520000108,0,1647.4112519999035,6.7494e-05,6.7494e-05,True,virtual_card_not_working,ok,0,296.72902700002305,test-2555,ok,banking,banking77,virtual_card_not_working,,,"gemini,cascade",True,True,virtual_card_not_working,0.98,ok,True,288.6037769999821,True,virtual_card_not_working,ok,False,True,virtual_card_not_working,0.2173609292073501,ok,1,jev,True,False,,Tell me why my virtual disposable card won't work.
0.0006315,0.0006315,1432.1295270000119,0,1442.5560269999842,0.000699036,0.000699036,False,card_payment_wrong_exchange_rate,ok,0,1679.441198000015,test-2569,ok,banking,banking77,wrong_exchange_rate_for_cash_withdrawal,1378.457161999977,0.95,"gemini,cascade",True,False,card_payment_wrong_exchange_rate,0.95,ok,False,280.0355189999973,False,card_payment_wrong_exchange_rate,ok,True,True,wrong_exchange_rate_for_cash_withdrawal,0.4244182921431156,ok,0.96,gemini,True,False,,A wrong exchange rate was applied to a transaction made abroad.
0.00062775,0.00062775,1854.971273999894,0,1866.7397640000563,0.000699036,0.000699036,True,wrong_exchange_rate_for_cash_withdrawal,ok,0,1732.8723450000398,test-2573,ok,banking,banking77,wrong_exchange_rate_for_cash_withdrawal,1389.0565220001154,0.98,"cascade,gemini",True,True,wrong_exchange_rate_for_cash_withdrawal,1,ok,False,325.80898400000297,True,wrong_exchange_rate_for_cash_withdrawal,ok,True,True,wrong_exchange_rate_for_cash_withdrawal,0.5253159770546257,ok,0.94,gemini,True,False,,Why was the exchange rate different when I withdrew my cash?
0.000633,0.000633,1492.1429030001163,0,1502.6074129999615,0.00070062,0.00070062,True,wrong_exchange_rate_for_cash_withdrawal,ok,0,1687.6878090000246,test-2578,ok,banking,banking77,wrong_exchange_rate_for_cash_withdrawal,1357.603113999823,0.98,"cascade,gemini",True,True,wrong_exchange_rate_for_cash_withdrawal,0.98,ok,False,310.86382600013167,True,wrong_exchange_rate_for_cash_withdrawal,ok,True,True,wrong_exchange_rate_for_cash_withdrawal,0.5035437642512095,ok,0.95,gemini,True,False,,"In receiving cash, the wrong exchange rate was used for my transaction."
0.00062625,0.00062625,1656.470530999999,0,1666.1625900000217,0.000670992,0.000670992,True,fiat_currency_support,ok,0,1700.221446999989,test-258,ok,banking,banking77,fiat_currency_support,1349.5490340000251,0.95,"cascade,gemini",True,True,fiat_currency_support,0.95,ok,False,330.3929750000243,True,fiat_currency_support,ok,False,True,fiat_currency_support,0.15117409624338565,ok,0.88,gemini,True,False,,Will you handle EUR?
0.0006255,0.0006255,1506.597061999957,0,1516.436601000023,6.741e-05,6.741e-05,True,wrong_exchange_rate_for_cash_withdrawal,ok,0,312.60248599993065,test-2586,ok,banking,banking77,wrong_exchange_rate_for_cash_withdrawal,,,"cascade,gemini",True,True,wrong_exchange_rate_for_cash_withdrawal,1,ok,True,301.5365560000064,True,wrong_exchange_rate_for_cash_withdrawal,ok,True,True,wrong_exchange_rate_for_cash_withdrawal,0.5365341850475246,ok,1,jev,True,False,,My cash withdrawal charged me the wrong exchange rate
0.000633,0.000633,1798.684798000002,0,1813.4965779999984,0.00067812,0.00067812,True,wrong_exchange_rate_for_cash_withdrawal,ok,0,2109.098438000001,test-2592,ok,banking,banking77,wrong_exchange_rate_for_cash_withdrawal,1674.8168710000027,0.98,"gemini,cascade",True,True,wrong_exchange_rate_for_cash_withdrawal,0.98,ok,False,407.3519589999996,True,wrong_exchange_rate_for_cash_withdrawal,ok,False,True,wrong_exchange_rate_for_cash_withdrawal,0.22633672935353955,ok,0.99,gemini,True,False,,The see the rate applied to my transaction was wrong at the atm.
0.00063525,0.00063525,1628.985983000137,0,1643.2015129998326,0.000702996,0.000702996,True,wrong_exchange_rate_for_cash_withdrawal,ok,0,2016.315273999935,test-2596,ok,banking,banking77,wrong_exchange_rate_for_cash_withdrawal,1662.6872610000428,0.98,"cascade,gemini",True,True,wrong_exchange_rate_for_cash_withdrawal,0.98,ok,False,325.3062950000167,True,wrong_exchange_rate_for_cash_withdrawal,ok,True,False,exchange_rate,0.32276058017616305,ok,0.93,gemini,True,False,,how do you determine your exchange rates because one of yours was off when i got cash
0.0006135,0.0006135,1706.2016679998487,0,1718.495668000076,0.000703746,0.000703746,True,card_arrival,ok,0,1998.1758270000573,test-26,ok,banking,banking77,card_arrival,1545.1111410001758,0.95,"cascade,gemini",True,True,card_arrival,0.95,ok,False,431.1506670000963,True,card_arrival,ok,False,True,card_arrival,0.08443817834096598,ok,0.98,gemini,True,False,,I think something went wrong with my card delivery as I haven't received it yet.
0.00062775,0.00062775,1651.6879709999776,0,1663.8897199999774,0.0006950760000000001,0.0006950760000000001,True,get_disposable_virtual_card,ok,0,1698.2956359999953,test-2606,ok,banking,banking77,get_disposable_virtual_card,1346.1973149999976,0.98,"cascade,gemini",True,True,get_disposable_virtual_card,0.98,ok,False,332.9469040000113,True,get_disposable_virtual_card,ok,True,False,getting_virtual_card,0.8376081911127445,ok,0.87,gemini,True,False,,I would like a temporary virtual card
0.000624,0.000624,4318.66296300001,0,4328.371812000027,0.000691326,0.000691326,True,get_disposable_virtual_card,ok,0,5446.557563999988,test-2613,ok,banking,banking77,get_disposable_virtual_card,5111.731720000011,0.8,"gemini,cascade",False,True,get_disposable_virtual_card,0.8,ok,False,314.0601059999899,True,get_disposable_virtual_card,ok,True,True,get_disposable_virtual_card,0.6987442223107938,ok,0.51,gemini,False,True,,how secure is a disposable virtual card
0.00060075,0.00060075,1501.8461110000499,0,1512.6263800000306,0.000694284,0.000694284,True,get_disposable_virtual_card,ok,0,1510.1903639999218,test-2616,ok,banking,banking77,get_disposable_virtual_card,1093.9475839999504,0.85,"gemini,cascade",False,True,get_disposable_virtual_card,0.8,ok,False,395.94516000011936,True,get_disposable_virtual_card,ok,True,False,disposable_card_limits,0.3808976617568313,ok,0.76,gemini,False,True,,Can you explain disposable cards?
0.0006285,0.0006285,1492.521815000102,0,1502.0392040000297,0.001284618,0.001284618,True,get_disposable_virtual_card,ok,0,2628.0010469998233,test-2624,ok,banking,banking77,get_disposable_virtual_card,2282.0130129999015,0.95,"cascade,gemini",False,True,get_disposable_virtual_card,0.85,ok,False,314.43749599996954,True,get_disposable_virtual_card,ok,True,True,get_disposable_virtual_card,0.5796305989465085,ok,0.78,gemini,True,False,,What does a disposable virtual card do?
0.0006285,0.0006285,2213.664608000079,0,2224.6599469999783,6.7578e-05,6.7578e-05,True,get_disposable_virtual_card,ok,0,345.33353199996054,test-2629,ok,banking,banking77,get_disposable_virtual_card,,,"cascade,gemini",True,True,get_disposable_virtual_card,1,ok,True,336.03375299996696,True,get_disposable_virtual_card,ok,True,True,get_disposable_virtual_card,0.6854931200011205,ok,1,jev,True,False,,"I need a disposable virtual card, how do I get one?"
0.00062625,0.00062625,1810.2571089999983,0,1819.73951699998,6.7452e-05,6.7452e-05,False,disposable_card_limits,ok,0,278.0811780000222,test-2637,ok,banking,banking77,get_disposable_virtual_card,,,"gemini,cascade",True,False,disposable_card_limits,1,ok,True,270.75892900000326,False,disposable_card_limits,ok,True,False,disposable_card_limits,0.788485483587702,ok,1,jev,True,False,,how many transactions can i make with a disposable card
0.0006285,0.0006285,1501.5946519999998,0,1516.2057309999363,0.000696036,0.000696036,False,pending_top_up,ok,0,2321.121577999904,test-2650,ok,banking,banking77,top_up_failed,1967.6380659999559,0.7,"gemini,cascade",False,False,pending_top_up,0.8,ok,False,331.5900450000772,False,verify_top_up,ok,False,True,top_up_failed,0.2315270968915488,ok,0.95,gemini,False,True,,How can I check to see if my top-up worked?
0.00062925,0.00062925,1896.9943109999876,0,1908.7416209999938,6.741e-05,6.741e-05,True,top_up_failed,ok,0,270.1395579999953,test-2654,ok,banking,banking77,top_up_failed,,,"cascade,gemini",True,True,top_up_failed,0.98,ok,True,261.11710999999195,True,top_up_failed,ok,True,True,top_up_failed,0.2699148169752748,ok,1,jev,True,False,,Why caused my top up to not work?
0.00062775,0.00062775,1602.6709650000557,0,1616.2620040000184,0.0006950340000000001,0.0006950340000000001,True,top_up_failed,ok,0,2606.778743999894,test-2660,ok,banking,banking77,top_up_failed,2260.9461209999863,0.98,"gemini,cascade",True,True,top_up_failed,0.98,ok,False,324.0314340000041,True,top_up_failed,ok,True,True,top_up_failed,0.6012236219181304,ok,0.99,gemini,True,False,,The app denied my top-up
0.00063075,0.00063075,1674.1148010001052,0,1683.2711400000844,0.0006944939999999999,0.0006944939999999999,True,top_up_failed,ok,0,2184.7681790001225,test-2667,ok,banking,banking77,top_up_failed,1787.8674510000274,1,"gemini,cascade",True,True,top_up_failed,0.98,ok,False,379.05933999991976,True,top_up_failed,ok,True,True,top_up_failed,0.34171496922694344,ok,0.99,gemini,True,False,,I tried to top up. Why was it denied?
0.000639,0.000639,1757.3178629998583,0,1768.9524030000903,0.000706914,0.000706914,True,top_up_failed,ok,0,2327.668369999854,test-2668,ok,banking,banking77,top_up_failed,1917.7452110000886,0.98,"gemini,cascade",True,True,top_up_failed,0.98,ok,False,389.43186999997124,True,top_up_failed,ok,False,True,top_up_failed,0.2115796179906029,ok,0.85,gemini,True,False,,What's the deal? My card was just denied for top up. Why is it not going through?
0.00063075,0.00063075,1537.9779310000595,0,1548.196980000008,6.7662e-05,6.7662e-05,True,top_up_failed,ok,0,392.9889189999085,test-2677,ok,banking,banking77,top_up_failed,,,"cascade,gemini",True,True,top_up_failed,1,ok,True,382.7797000000719,True,top_up_failed,ok,False,True,top_up_failed,0.2370900531290182,ok,1,jev,True,False,,I'm pretty sure my top up failed. How do I fix this?
0.00063225,0.00063225,1613.0885340000095,0,1624.9906330000085,0.001284828,0.001284828,False,transfer_timing,ok,0,3299.5906220000033,test-2685,ok,banking,banking77,balance_not_updated_after_bank_transfer,2926.368061999994,0.95,"gemini,cascade",True,False,transfer_timing,0.95,ok,False,350.304953999992,False,transfer_timing,ok,False,True,balance_not_updated_after_bank_transfer,0.22939027155212793,ok,0.84,gemini,True,False,,How long does it take for an international transfer into my account?
0.0014595,0.0014595,2673.4646030000877,0,2688.3181120001245,0.000702162,0.000702162,False,transfer_not_received_by_recipient,ok,0,1793.087581000058,test-2694,ok,banking,banking77,balance_not_updated_after_bank_transfer,1463.385895999847,0.55,"gemini,cascade",False,False,pending_transfer,0.85,ok,False,307.56616499996744,False,pending_transfer,ok,False,False,transfer_not_received_by_recipient,0.10299487084259219,ok,0.71,gemini,False,True,,I made an out of country transfer and it hasn't went through yet.
0.0006255,0.0006255,1635.8790110000118,0,1649.588619999995,0.000696618,0.000696618,True,balance_not_updated_after_bank_transfer,ok,0,2189.187138999987,test-2698,ok,banking,banking77,balance_not_updated_after_bank_transfer,1871.7252340000123,0.85,"cascade,gemini",False,True,balance_not_updated_after_bank_transfer,0.8,ok,False,296.3178970000008,False,pending_transfer,ok,True,True,balance_not_updated_after_bank_transfer,0.3556850376991675,ok,0.41,gemini,False,True,,I can't see my latest bank transfer
0.000633,0.000633,1773.8579130000435,0,1784.6470719999634,0.00070062,0.00070062,True,balance_not_updated_after_bank_transfer,ok,0,2267.1098440000787,test-2700,ok,banking,banking77,balance_not_updated_after_bank_transfer,1942.8026000000536,0.93,"cascade,gemini",True,True,balance_not_updated_after_bank_transfer,0.95,ok,False,304.34525700006634,True,balance_not_updated_after_bank_transfer,ok,False,True,balance_not_updated_after_bank_transfer,0.21226721055968745,ok,0.64,gemini,False,True,,I made a transfer and it doesnt' show up in my account.
0.00289425,0.00289425,8166.771815,0,8180.372635,0.000674118,0.000674118,False,transfer_into_account,ok,0,2454.445219000001,test-2703,ok,banking,banking77,balance_not_updated_after_bank_transfer,1469.3436460000012,0.55,"cascade,gemini",False,False,receiving_money,0.82,ok,False,959.4445239999986,False,transfer_not_received_by_recipient,ok,False,False,failed_transfer,0.20182370031851055,ok,0.3,gemini,False,True,,Why don't I have my transfer?
0.000606,0.000606,1448.5397670000093,0,1464.9901150000514,0.000692118,0.000692118,False,transfer_into_account,ok,0,1800.6227479999652,test-2713,ok,banking,banking77,balance_not_updated_after_bank_transfer,1475.8777230000123,0.8,"cascade,gemini",False,False,transfer_into_account,0.85,ok,False,297.41294700000435,False,pending_transfer,ok,False,True,balance_not_updated_after_bank_transfer,0.21312905684384123,ok,0.31,gemini,False,True,,Where is my transfer from [country]?
0.00063225,0.00063225,2003.6680250000209,0,2017.292964000022,0.000699828,0.000699828,True,balance_not_updated_after_bank_transfer,ok,0,1877.3960760000627,test-2719,ok,banking,banking77,balance_not_updated_after_bank_transfer,1494.660334999906,0.94,"gemini,cascade",False,True,balance_not_updated_after_bank_transfer,0.94,ok,False,359.20309199998155,True,balance_not_updated_after_bank_transfer,ok,True,True,balance_not_updated_after_bank_transfer,0.4792327624252272,ok,0.95,gemini,False,True,,When will I see my new balance after making my bank transfer?
0.00061125,0.00061125,1817.8097389999311,0,1830.6721679999027,0.000678912,0.000678912,True,cash_withdrawal_not_recognised,ok,0,1971.004326999886,test-2720,ok,banking,banking77,cash_withdrawal_not_recognised,1618.899083999917,0.85,"cascade,gemini",False,True,cash_withdrawal_not_recognised,0.55,ok,False,331.79308400000446,True,cash_withdrawal_not_recognised,ok,False,False,compromised_card,0.14948077800388623,ok,0.81,gemini,False,True,,Think someone has took money out with my card. What shall I do?
0.0006285,0.0006285,2022.060300000012,0,2034.0004299999564,0.0006958680000000001,0.0006958680000000001,True,fiat_currency_support,ok,0,1883.1852310000104,test-273,ok,banking,banking77,fiat_currency_support,1540.042287999997,0.95,"gemini,cascade",True,True,fiat_currency_support,0.95,ok,False,323.9042850000551,True,fiat_currency_support,ok,True,True,fiat_currency_support,0.8720915558368553,ok,0.92,gemini,True,False,,Can I hold money in multiple currencies?
0.0006345,0.0006345,1686.303928999987,0,1696.2713979999971,6.7662e-05,6.7662e-05,True,cash_withdrawal_not_recognised,ok,0,316.6718949999922,test-2732,ok,banking,banking77,cash_withdrawal_not_recognised,,,"cascade,gemini",True,True,cash_withdrawal_not_recognised,0.98,ok,True,306.1025660000014,True,cash_withdrawal_not_recognised,ok,True,True,cash_withdrawal_not_recognised,0.5364628180126861,ok,1,jev,True,False,,I checked the app and saw an extra cash withdrawal that I didn't authorize
0.0006105,0.0006105,1500.537261999969,0,1511.2227009999915,6.762e-05,6.762e-05,True,cash_withdrawal_not_recognised,ok,0,323.87893399997847,test-2736,ok,banking,banking77,cash_withdrawal_not_recognised,,,"gemini,cascade",True,True,cash_withdrawal_not_recognised,0.98,ok,True,310.7630360000185,True,cash_withdrawal_not_recognised,ok,True,True,cash_withdrawal_not_recognised,0.6156399558821666,ok,1,jev,True,False,,I am seeing in the App a some cash withdrawal that its not mine
0.00062775,0.00062775,1759.4919330000412,0,1771.7173119999934,0.000672576,0.000672576,True,fiat_currency_support,ok,0,7316.93446099991,test-274,ok,banking,banking77,fiat_currency_support,6995.798035999993,0.95,"gemini,cascade",True,True,fiat_currency_support,0.95,ok,False,296.3830069999676,True,fiat_currency_support,ok,True,True,fiat_currency_support,0.839664992142352,ok,0.87,gemini,True,False,,How man currencies can I hold?
0.0015405,0.0015405,2515.6822160000447,0,2527.602995000081,0.00184062,0.00184062,True,cash_withdrawal_not_recognised,ok,0,3717.062292000046,test-2741,ok,banking,banking77,cash_withdrawal_not_recognised,3337.9171910001896,0.85,"cascade,gemini",False,True,cash_withdrawal_not_recognised,0.88,ok,False,355.25359199987724,False,wrong_amount_of_cash_received,ok,True,True,cash_withdrawal_not_recognised,0.6479213933001108,ok,0.4,gemini,False,True,,Some cash is showing up in my app that I did not get.
0.00063675,0.00063675,1704.2921780000906,0,1715.5973960000556,0.0007007879999999999,0.0007007879999999999,False,lost_or_stolen_card,ok,0,1985.6507359999232,test-2748,ok,banking,banking77,cash_withdrawal_not_recognised,1563.2797689998988,0.8,"cascade,gemini",False,False,lost_or_stolen_card,0.85,ok,False,400.0475889998488,False,lost_or_stolen_card,ok,False,True,cash_withdrawal_not_recognised,0.1189401025388805,ok,0.81,gemini,False,True,,"Can anyone help me, I lost my wallet and they've started withdrawing from my account."
0.00064725,0.00064725,1713.4606449999847,0,1724.9566950000008,0.000693126,0.000693126,False,compromised_card,ok,0,2553.274991000013,test-2756,ok,banking,banking77,cash_withdrawal_not_recognised,2217.691146999947,0.95,"cascade,gemini",True,False,compromised_card,0.95,ok,False,314.8243660000153,False,compromised_card,ok,False,True,cash_withdrawal_not_recognised,0.139178869516651,ok,0.78,gemini,True,False,,There is a problem with my card. Somebody has removed money from my account in a town I haven't been to. Can you please freeze my account immediately?
0.0006315,0.0006315,1768.02944199997,0,1783.440581999952,0.000699036,0.000699036,True,exchange_charge,ok,0,1665.4959410000592,test-2766,ok,banking,banking77,exchange_charge,1312.1123389999848,0.98,"gemini,cascade",True,True,exchange_charge,0.98,ok,False,324.5458140000701,True,exchange_charge,ok,True,True,exchange_charge,0.417407522556086,ok,0.98,gemini,True,False,,How much more do I have to pay to exchange currencies?
0.00060225,0.00060225,1699.330737999997,0,1716.7159660000034,6.7368e-05,6.7368e-05,True,exchange_charge,ok,0,301.1732670000056,test-2782,ok,banking,banking77,exchange_charge,,,"cascade,gemini",True,True,exchange_charge,1,ok,True,287.9136670000007,True,exchange_charge,ok,True,True,exchange_charge,0.5058855195336401,ok,1,jev,True,False,,Would I be charged for exchanging currencies?
0.000627,0.000627,1336.355625999975,0,1347.2590940000955,6.7284e-05,6.7284e-05,True,exchange_charge,ok,0,309.94637500005774,test-2783,ok,banking,banking77,exchange_charge,,,"gemini,cascade",True,True,exchange_charge,0.98,ok,True,301.0008670000825,True,exchange_charge,ok,True,True,exchange_charge,0.6197351948490548,ok,1,jev,True,False,,What is the exchange fee?
0.00063,0.00063,1695.861273999999,0,1708.5701530000006,0.000697452,0.000697452,True,exchange_charge,ok,0,1911.2322090000016,test-2788,ok,banking,banking77,exchange_charge,1603.688903000002,0.95,"gemini,cascade",True,True,exchange_charge,0.98,ok,False,281.8106979999975,True,exchange_charge,ok,True,True,exchange_charge,0.6077109988974244,ok,0.98,gemini,True,False,,How much will I pay to exchange foreign currency?
0.00062925,0.00062925,1477.930983999977,0,1489.5733029999537,6.741e-05,6.741e-05,True,exchange_charge,ok,0,291.46252800000366,test-2794,ok,banking,banking77,exchange_charge,,,"cascade,gemini",True,True,exchange_charge,0.98,ok,True,278.1491479999386,True,exchange_charge,ok,True,True,exchange_charge,0.4932777451871518,ok,1,jev,True,False,,What is the cost for an exchange fee?
0.00062775,0.00062775,1465.686676000012,0,1476.7537139999913,6.7326e-05,6.7326e-05,True,exchange_charge,ok,0,367.8469610000029,test-2797,ok,banking,banking77,exchange_charge,,,"cascade,gemini",True,True,exchange_charge,0.98,ok,True,357.1188319999492,True,exchange_charge,ok,False,True,exchange_charge,0.11406862792756324,ok,1,jev,True,False,,Does it cost anything for exchanges?
0.00060675,0.00060675,1421.282680000062,0,1437.056418000022,0.00069666,0.00069666,True,top_up_by_card_charge,ok,0,1840.3702059999341,test-2805,ok,banking,banking77,top_up_by_card_charge,1494.0936339999316,0.98,"gemini,cascade",True,True,top_up_by_card_charge,0.98,ok,False,321.1508250000188,True,top_up_by_card_charge,ok,True,True,top_up_by_card_charge,0.7590114628183129,ok,0.86,gemini,True,False,,Are there charges for topping up US cards?
0.000972,0.000972,1421.2724480000325,0,1433.7510580000235,0.0006944939999999999,0.0006944939999999999,True,top_up_by_card_charge,ok,0,1868.7542520000134,test-2811,ok,banking,banking77,top_up_by_card_charge,1518.9966489999788,1,"gemini,cascade",True,True,top_up_by_card_charge,1,ok,False,326.1628239999991,True,top_up_by_card_charge,ok,True,True,top_up_by_card_charge,0.3517895438326275,ok,0.96,gemini,True,False,,How much does it cost to top up by card?
0.0006345,0.0006345,1465.2390749999322,0,1478.4554339998867,0.000675954,0.000675954,True,top_up_by_card_charge,ok,0,2111.1646859999746,test-2817,ok,banking,banking77,top_up_by_card_charge,1745.2650639999192,1,"gemini,cascade",True,True,top_up_by_card_charge,0.98,ok,False,344.36893299990334,True,top_up_by_card_charge,ok,True,True,top_up_by_card_charge,0.5406175445590232,ok,0.99,gemini,True,False,,"If I use a European bank card for top up, Do I get charged?"
0.000633,0.000633,1406.1875410000794,0,1417.5815299998503,0.00067812,0.00067812,True,top_up_by_card_charge,ok,0,2081.9111170000397,test-2818,ok,banking,banking77,top_up_by_card_charge,1730.4144940001424,0.98,"gemini,cascade",True,True,top_up_by_card_charge,0.98,ok,False,329.218084000051,True,top_up_by_card_charge,ok,True,True,top_up_by_card_charge,0.6484239588694705,ok,0.98,gemini,True,False,,Will there be any extra fees for European bank card for top up?
0.00062925,0.00062925,1813.3259700000053,0,1824.299279000028,0.0006741599999999999,0.0006741599999999999,True,top_up_by_card_charge,ok,0,2292.257041999954,test-2825,ok,banking,banking77,top_up_by_card_charge,1976.7881260000868,0.95,"cascade,gemini",True,True,top_up_by_card_charge,0.98,ok,False,291.5445769999642,True,top_up_by_card_charge,ok,False,True,top_up_by_card_charge,0.1329369168076481,ok,0.81,gemini,True,False,,Does topping up my card have a fee?
0.00062475,0.00062475,2124.1838140000036,0,2134.7814139999973,0.000692118,0.000692118,True,top_up_by_card_charge,ok,0,1762.0780930000037,test-2831,ok,banking,banking77,top_up_by_card_charge,1426.4373099999939,0.8,"gemini,cascade",False,True,top_up_by_card_charge,0.8,ok,False,299.22191599999496,True,top_up_by_card_charge,ok,True,True,top_up_by_card_charge,0.5667910496618237,ok,0.73,gemini,False,True,,Are there any fees for top ups?
0.00062775,0.00062775,1459.0091160000302,0,1469.2897149999626,6.7536e-05,6.7536e-05,True,activate_my_card,ok,0,351.9618430000264,test-2842,ok,banking,banking77,activate_my_card,,,"gemini,cascade",True,True,activate_my_card,1,ok,True,339.57952399994247,True,activate_my_card,ok,True,True,activate_my_card,0.9539726826618478,ok,1,jev,True,False,,What do I need to do to activate my new card?
0.000627,0.000627,1522.3220799999544,0,1532.9331000000238,0.000698244,0.000698244,True,activate_my_card,ok,0,1867.8917839999776,test-2847,ok,banking,banking77,activate_my_card,1550.1094790000352,0.99,"gemini,cascade",True,True,activate_my_card,1,ok,False,292.66171700000996,True,activate_my_card,ok,True,False,card_arrival,0.28794043213558523,ok,0.99,gemini,True,False,,"I received my new card, how is it activated?"
0.0006,0.0006,1674.7496470000006,0,1684.9072369999994,6.7242e-05,6.7242e-05,True,activate_my_card,ok,0,401.51486900000236,test-2856,ok,banking,banking77,activate_my_card,,,"gemini,cascade",True,True,activate_my_card,1,ok,True,391.74969899999996,True,activate_my_card,ok,True,True,activate_my_card,0.8853929319334446,ok,1,jev,True,False,,how to activate card?
0.00060975,0.00060975,1535.7562300001737,0,1548.166969000129,6.7788e-05,6.7788e-05,True,activate_my_card,ok,0,312.9590259999968,test-2859,ok,banking,banking77,activate_my_card,,,"cascade,gemini",True,True,activate_my_card,1,ok,True,300.45742699992843,True,activate_my_card,ok,True,True,activate_my_card,0.7113761464542686,ok,1,jev,True,False,,"I just got my card and want to use it, how do I activate my card?"
0.00062775,0.00062775,1763.2270819999976,0,1775.043210999982,6.7326e-05,6.7326e-05,True,activate_my_card,ok,0,313.28763500001514,test-2865,ok,banking,banking77,activate_my_card,,,"gemini,cascade",True,True,activate_my_card,0.96,ok,True,302.7307649999857,True,activate_my_card,ok,False,True,activate_my_card,0.1654728255039613,ok,1,jev,True,False,,When will my card be activated?
0.00062775,0.00062775,2159.8533110000135,0,2172.5124690000084,6.7536e-05,6.7536e-05,True,activate_my_card,ok,0,293.29602700000396,test-2878,ok,banking,banking77,activate_my_card,,,"gemini,cascade",True,True,activate_my_card,1,ok,True,279.1502979999932,True,activate_my_card,ok,True,True,activate_my_card,0.8035081671571153,ok,1,jev,True,False,,I got my new card. How do I activate it?
0.001191,0.001191,2473.130666999845,0,2485.380606000079,0.001397328,0.001397328,True,card_delivery_estimate,ok,0,2927.9294029998127,test-288,ok,banking,banking77,card_delivery_estimate,2548.234451999888,0.98,"cascade,gemini",True,True,card_delivery_estimate,0.95,ok,False,358.6522419999819,True,card_delivery_estimate,ok,True,True,card_delivery_estimate,0.8771879141423347,ok,0.97,gemini,True,False,,When can I expect my card to be delivered to the US?
0.0006315,0.0006315,1505.921251999971,0,1515.5048410000163,0.000699036,0.000699036,True,cash_withdrawal_charge,ok,0,1835.690716000041,test-2888,ok,banking,banking77,cash_withdrawal_charge,1505.9769119999837,0.98,"gemini,cascade",True,True,cash_withdrawal_charge,0.98,ok,False,307.1276669999934,True,cash_withdrawal_charge,ok,False,False,extra_charge_on_statement,0.2252254993098817,ok,0.99,gemini,True,False,,Why is there an extra charge for money that was withdrawn?
0.00067275,0.00067275,1631.655642000027,0,1641.724111000076,7.0014e-05,7.0014e-05,True,cash_withdrawal_charge,ok,0,404.06664799991995,test-2893,ok,banking,banking77,cash_withdrawal_charge,,,"cascade,gemini",True,True,cash_withdrawal_charge,1,ok,True,395.36416799994186,True,cash_withdrawal_charge,ok,False,True,cash_withdrawal_charge,0.13768533895075435,ok,1,jev,True,False,,"Hi, I am calling about a recent transaction that has happened on my account.  I recently went to the ATM, and tried to make a withdrawal on my account.  I just happened to check my transaction slip and noticed a fee for my withdrawal.  How can I resolve this, I didn't know fees were charged for this type of action."
0.00063,0.00063,1757.972613999853,0,1768.1798219999764,6.7452e-05,6.7452e-05,True,cash_withdrawal_charge,ok,0,387.82872999995016,test-2902,ok,banking,banking77,cash_withdrawal_charge,,,"gemini,cascade",True,True,cash_withdrawal_charge,0.98,ok,True,375.8918010001071,True,cash_withdrawal_charge,ok,True,True,cash_withdrawal_charge,0.2613344088857474,ok,1,jev,True,False,,An ATM fee was attached to my recent withdrawal.
0.00063525,0.00063525,1669.915960000013,0,1689.66309799999,0.000702996,0.000702996,True,cash_withdrawal_charge,ok,0,2999.0381550000166,test-2908,ok,banking,banking77,cash_withdrawal_charge,2653.175802999991,0.95,"cascade,gemini",True,True,cash_withdrawal_charge,0.95,ok,False,327.08181399997557,True,cash_withdrawal_charge,ok,False,False,top_up_limits,0.07244168376066455,ok,0.99,gemini,True,False,,Is there a limit on how much I can withdraw from my account without being charged?
0.000636,0.000636,1701.7023579999804,0,1710.3465970000252,6.7998e-05,6.7998e-05,True,cash_withdrawal_charge,ok,0,341.64451300003566,test-2909,ok,banking,banking77,cash_withdrawal_charge,,,"cascade,gemini",True,True,cash_withdrawal_charge,1,ok,True,330.348745000083,True,cash_withdrawal_charge,ok,True,True,cash_withdrawal_charge,0.5120932546342402,ok,1,jev,True,False,,"I thought cash withdrawals were free? Why have I been charged a fee? Also, how much is this fee?"
0.00060375,0.00060375,1619.8212830000557,0,1628.2984130000696,6.7452e-05,6.7452e-05,True,cash_withdrawal_charge,ok,0,328.7063039999921,test-2913,ok,banking,banking77,cash_withdrawal_charge,,,"gemini,cascade",True,True,cash_withdrawal_charge,1,ok,True,320.1568850001786,True,cash_withdrawal_charge,ok,True,True,cash_withdrawal_charge,0.5840842059548618,ok,1,jev,True,False,,Why did you charge me for a cash withdrawal?
0.00062475,0.00062475,6584.79933300009,0,6599.298352999962,6.7368e-05,6.7368e-05,True,cash_withdrawal_charge,ok,0,297.06226699997205,test-2914,ok,banking,banking77,cash_withdrawal_charge,,,"cascade,gemini",True,True,cash_withdrawal_charge,1,ok,True,285.92070800007787,True,cash_withdrawal_charge,ok,True,True,cash_withdrawal_charge,0.4333936901004319,ok,1,jev,True,False,,I took cash and got charged a fee
0.00062775,0.00062775,1901.6301100000273,0,1910.5705789999338,0.000699036,0.000699036,False,order_physical_card,ok,0,2287.9937099999515,test-2921,ok,banking,banking77,card_about_to_expire,1939.9759279999416,0.88,"gemini,cascade",False,False,order_physical_card,0.8,ok,False,326.7610240000067,False,card_arrival,ok,False,True,card_about_to_expire,0.22181427455113895,ok,0.34,gemini,False,True,,Will you be able to send the new card to China?
0.00063,0.00063,1709.9521569999633,0,1720.2002759999596,6.7452e-05,6.7452e-05,True,card_about_to_expire,ok,0,372.09313200006727,test-2922,ok,banking,banking77,card_about_to_expire,,,"gemini,cascade",True,True,card_about_to_expire,0.98,ok,True,361.5988419998903,True,card_about_to_expire,ok,True,True,card_about_to_expire,0.47182761886513463,ok,1,jev,True,False,,When my card expires what happens to my account?
0.00062925,0.00062925,1464.0115140000125,0,1475.741733999981,6.762e-05,6.762e-05,True,card_about_to_expire,ok,0,312.5005059999821,test-2926,ok,banking,banking77,card_about_to_expire,,,"cascade,gemini",True,True,card_about_to_expire,1,ok,True,301.5407169999962,True,card_about_to_expire,ok,True,True,card_about_to_expire,0.6685856267389856,ok,1,jev,True,False,,My card is about to expire. What do I need to do?
0.00063375,0.00063375,2329.184850000078,0,2338.44986900012,0.000701412,0.000701412,True,card_about_to_expire,ok,0,2779.422314000083,test-2936,ok,banking,banking77,card_about_to_expire,2419.4359030001797,0.98,"gemini,cascade",True,True,card_about_to_expire,0.98,ok,False,341.67473399988376,True,card_about_to_expire,ok,True,True,card_about_to_expire,0.6777344935639222,ok,0.96,gemini,True,False,,"It appears my card expires next month, can I order a new one?"
0.00062925,0.00062925,1554.1171180000529,0,1569.3209379999898,6.762e-05,6.762e-05,True,card_about_to_expire,ok,0,378.81426000001375,test-2944,ok,banking,banking77,card_about_to_expire,,,"gemini,cascade",True,True,card_about_to_expire,1,ok,True,366.86094200005755,True,card_about_to_expire,ok,True,True,card_about_to_expire,0.8256451362534404,ok,1,jev,True,False,,"Since my card is about to expire, I need a new one."
0.0006465,0.0006465,1504.5636229999945,0,1516.1802829999942,0.000714876,0.000714876,True,card_about_to_expire,ok,0,2350.4666159999906,test-2946,ok,banking,banking77,card_about_to_expire,2000.3796230000444,0.95,"gemini,cascade",True,True,card_about_to_expire,0.95,ok,False,328.66590399999404,True,card_about_to_expire,ok,True,True,card_about_to_expire,0.525144686620108,ok,0.83,gemini,True,False,,"I need to order a  new card, mine is about to expire and I need to know how much it will cost and how long until I receive it."
0.00062925,0.00062925,1676.9704190000193,0,1688.1445679999888,0.000696618,0.000696618,True,card_delivery_estimate,ok,0,1834.320046000008,test-295,ok,banking,banking77,card_delivery_estimate,1474.9243739999947,0.88,"gemini,cascade",False,True,card_delivery_estimate,0.85,ok,False,339.057513000007,False,card_arrival,ok,False,True,card_delivery_estimate,0.2207574228721716,ok,0.53,gemini,False,True,,May I choose when it's delivered?
0.00063825,0.00063825,1538.5625799999107,0,1549.9429679999594,0.000706164,0.000706164,True,card_about_to_expire,ok,0,2072.790508999955,test-2955,ok,banking,banking77,card_about_to_expire,1697.9872669999022,0.94,"cascade,gemini",False,True,card_about_to_expire,0.94,ok,False,353.6775320000015,True,card_about_to_expire,ok,False,True,card_about_to_expire,0.09523582601723414,ok,0.43,gemini,False,True,,What would the price be for an expired card replacement and how long will it take me to get it?
0.00063,0.00063,1471.3524249999318,0,1482.899894000031,0.000697452,0.000697452,True,apple_pay_or_google_pay,ok,0,2277.4221720000496,test-2967,ok,banking,banking77,apple_pay_or_google_pay,1832.556075999979,0.95,"cascade,gemini",True,True,apple_pay_or_google_pay,0.98,ok,False,420.4606180000119,True,apple_pay_or_google_pay,ok,True,True,apple_pay_or_google_pay,0.852993660485905,ok,0.93,gemini,True,False,,Is it possible to top up with Apple Pay?
0.00062775,0.00062775,2441.041861000005,0,2452.2799299999897,0.0006950760000000001,0.0006950760000000001,True,card_delivery_estimate,ok,0,2433.721351,test-297,ok,banking,banking77,card_delivery_estimate,2063.885399999999,0.98,"gemini,cascade",True,True,card_delivery_estimate,0.98,ok,False,346.22851299999456,True,card_delivery_estimate,ok,False,True,card_delivery_estimate,0.2320199271103566,ok,0.91,gemini,True,False,,When should I expect my card?
0.00062775,0.00062775,3692.681412999984,0,3705.6866830000654,0.000672576,0.000672576,True,apple_pay_or_google_pay,ok,0,2416.152178999968,test-2977,ok,banking,banking77,apple_pay_or_google_pay,1989.2614039999899,0.95,"cascade,gemini",True,True,apple_pay_or_google_pay,0.95,ok,False,405.71352800005116,True,apple_pay_or_google_pay,ok,True,True,apple_pay_or_google_pay,0.936514664000819,ok,0.95,gemini,True,False,,can i top up with apple pay
0.0006345,0.0006345,1475.9645330000203,0,1488.370593000087,0.000698454,0.000698454,False,top_up_failed,ok,0,2386.295625000028,test-2987,ok,banking,banking77,apple_pay_or_google_pay,2036.238231999916,0.8,"gemini,cascade",False,False,top_up_failed,0.55,ok,False,322.539935000008,False,top_up_failed,ok,True,True,apple_pay_or_google_pay,0.8632033759450669,ok,0.59,gemini,False,True,,"I got my American Express in Apple Pay, why is top up not working?"
0.00063225,0.00063225,1936.4919509999454,0,1948.4872590000741,0.000699828,0.000699828,True,apple_pay_or_google_pay,ok,0,1921.248610000126,test-2992,ok,banking,banking77,apple_pay_or_google_pay,1561.3738780000713,0.94,"cascade,gemini",True,True,apple_pay_or_google_pay,0.95,ok,False,338.3412740000058,True,apple_pay_or_google_pay,ok,True,True,apple_pay_or_google_pay,0.5568075481658309,ok,0.51,gemini,False,True,,How can I top-ff my account using my Apple Watch?
0.00060675,0.00060675,1819.983788000187,0,1832.6660470000934,0.0006741599999999999,0.0006741599999999999,True,apple_pay_or_google_pay,ok,0,1681.873510000063,test-2996,ok,banking,banking77,apple_pay_or_google_pay,1359.2923149999697,0.95,"gemini,cascade",True,True,apple_pay_or_google_pay,0.95,ok,False,298.2836070000194,True,apple_pay_or_google_pay,ok,True,True,apple_pay_or_google_pay,0.9020156902841968,ok,0.76,gemini,True,False,,How do I top up with Apple Pay?
0.00060975,0.00060975,2728.7231910000555,0,2741.858799000038,0.000677328,0.000677328,True,apple_pay_or_google_pay,ok,0,1794.5745399999432,test-2998,ok,banking,banking77,apple_pay_or_google_pay,1452.7866680000443,0.85,"gemini,cascade",False,True,apple_pay_or_google_pay,0.85,ok,False,318.4176050000824,True,apple_pay_or_google_pay,ok,True,True,apple_pay_or_google_pay,0.5581103435772637,ok,0.68,gemini,False,True,,How do I use the top up app with my apple watch?
0.00062925,0.00062925,3868.8152099999133,0,3881.66538999998,0.00069666,0.00069666,True,verify_my_identity,ok,0,1897.7473529998679,test-3000,ok,banking,banking77,verify_my_identity,1537.0237810001709,0.98,"gemini,cascade",True,True,verify_my_identity,0.98,ok,False,334.68901500012726,True,verify_my_identity,ok,False,False,why_verify_identity,0.16251709010579188,ok,0.98,gemini,True,False,,What can I use to verify my identify?
0.00089175,0.00089175,1712.315987000009,0,1722.686776000075,0.00069666,0.00069666,True,verify_my_identity,ok,0,2583.4607579999138,test-3001,ok,banking,banking77,verify_my_identity,2259.3709439998493,0.95,"cascade,gemini",True,True,verify_my_identity,0.95,ok,False,304.7359670000151,True,verify_my_identity,ok,True,True,verify_my_identity,0.46610286251442967,ok,0.87,gemini,True,False,,What do you need to verify my identity?
0.00063,0.00063,2038.043931000051,0,2050.7646500000264,0.000697452,0.000697452,True,verify_my_identity,ok,0,2034.8988919999683,test-3009,ok,banking,banking77,verify_my_identity,1690.1692080000648,0.98,"cascade,gemini",True,True,verify_my_identity,0.98,ok,False,320.88722500007134,True,verify_my_identity,ok,True,True,verify_my_identity,0.47760725502793433,ok,0.91,gemini,True,False,,Are there any documents needed for the identity check?
0.0006315,0.0006315,1596.1396350000286,0,1607.6469940000097,0.0006765359999999999,0.0006765359999999999,True,verify_my_identity,ok,0,2078.5377480000025,test-3016,ok,banking,banking77,verify_my_identity,1734.1429639999988,0.95,"cascade,gemini",True,True,verify_my_identity,0.95,ok,False,323.20551500003785,True,verify_my_identity,ok,True,True,verify_my_identity,0.6698246616460253,ok,0.95,gemini,True,False,,What kind of documents do I need for the identity check?
0.00063075,0.00063075,1763.2616630000994,0,1772.3510620000307,0.000698244,0.000698244,True,verify_my_identity,ok,0,1956.8853779998608,test-3028,ok,banking,banking77,verify_my_identity,1613.0905740000308,0.98,"cascade,gemini",True,True,verify_my_identity,0.98,ok,False,323.38997499994,True,verify_my_identity,ok,True,True,verify_my_identity,0.4061252038590632,ok,0.93,gemini,True,False,,which kind of documentation do I need for identity check?
0.00062925,0.00062925,2039.104059999925,0,2051.847708999994,0.00069666,0.00069666,True,card_delivery_estimate,ok,0,1888.5637219999917,test-303,ok,banking,banking77,card_delivery_estimate,1580.287657000008,0.95,"cascade,gemini",True,True,card_delivery_estimate,0.95,ok,False,283.25743799994234,True,card_delivery_estimate,ok,False,True,card_delivery_estimate,0.1530404917065696,ok,0.95,gemini,True,False,,Whats the delivery time to the United States?
0.00063,0.00063,1890.5315429999027,0,1902.3929210000206,0.000697452,0.000697452,True,verify_my_identity,ok,0,2904.2302449999843,test-3035,ok,banking,banking77,verify_my_identity,2565.208280999912,0.95,"cascade,gemini",True,True,verify_my_identity,0.95,ok,False,319.2773649999872,True,verify_my_identity,ok,False,False,unable_to_verify_identity,0.058639849538082545,ok,0.85,gemini,True,False,,Is there any way to verify who I am?
0.0006315,0.0006315,1719.6693059999961,0,1732.9850659999065,6.7536e-05,6.7536e-05,True,country_support,ok,0,327.9127640000079,test-3042,ok,banking,banking77,country_support,,,"gemini,cascade",True,True,country_support,0.98,ok,True,316.1741949999705,True,country_support,ok,False,True,country_support,0.10947455410091583,ok,1,jev,True,False,,Can I use your app if I am from the EU?
0.00063,0.00063,1748.9662229998503,0,1759.6012230000924,0.000697452,0.000697452,True,country_support,ok,0,3003.3801359999925,test-3049,ok,banking,banking77,country_support,2603.2403869999107,0.93,"gemini,cascade",True,True,country_support,0.95,ok,False,377.9317999999039,False,order_physical_card,ok,True,True,country_support,0.6702805332413133,ok,0.34,gemini,False,True,,Can I get one of your cards in the EU
0.0006345,0.0006345,1466.5595449999673,0,1479.8074049999705,0.000702162,0.000702162,True,country_support,ok,0,1646.2485820000293,test-3050,ok,banking,banking77,country_support,1271.8050309999962,0.95,"gemini,cascade",False,True,country_support,0.93,ok,False,349.72007300000405,True,country_support,ok,True,True,country_support,0.4904417484700702,ok,0.78,gemini,True,False,,Can I get a card despite the fact I'm not in the UK?
0.00063,0.00063,1925.124010000145,0,1935.9605289997999,6.7452e-05,6.7452e-05,True,country_support,ok,0,330.8930949999485,test-3051,ok,banking,banking77,country_support,,,"gemini,cascade",True,True,country_support,0.98,ok,True,321.9204449998215,True,country_support,ok,False,False,order_physical_card,0.09707091933211004,ok,1,jev,True,False,,Where do I need to live to get support?
0.0014865,0.0014865,2563.7568119999487,0,2575.265729999868,0.000691326,0.000691326,True,country_support,ok,0,1883.5414440000895,test-3058,ok,banking,banking77,country_support,1546.2364300000481,0.5,"gemini,cascade",False,True,country_support,0.82,ok,False,313.7229150000494,False,atm_support,ok,False,False,atm_support,0.09158496164197463,ok,0.77,gemini,False,True,,Where can I find your locations?
0.0006345,0.0006345,1617.3146410000045,0,1629.3310010000132,0.000702204,0.000702204,True,country_support,ok,0,1749.8660909999162,test-3061,ok,banking,banking77,country_support,1404.6276589999907,0.88,"gemini,cascade",False,True,country_support,0.88,ok,False,322.13964299997315,True,country_support,ok,False,True,country_support,0.059976432684196626,ok,0.81,gemini,False,True,,"I would like to receive and use the card in Europe, is that possible?"
0.00062925,0.00062925,1465.0665250000002,0,1480.598774,0.00069666,0.00069666,False,card_acceptance,ok,0,2236.0516050000006,test-3067,ok,banking,banking77,country_support,1854.151664000001,0.95,"cascade,gemini",True,False,card_acceptance,0.95,ok,False,357.0058229999995,True,country_support,ok,True,True,country_support,0.4078284185122385,ok,0.99,gemini,True,False,,What countries will my card be supported in?
0.00063075,0.00063075,1588.34531600005,0,1597.853206000058,0.002048244,0.002048244,True,card_delivery_estimate,ok,0,3879.065748000052,test-310,ok,banking,banking77,card_delivery_estimate,3554.94784300006,0.85,"gemini,cascade",False,True,card_delivery_estimate,0.85,ok,False,303.09683599998243,False,card_arrival,ok,True,True,card_delivery_estimate,0.36789048385276785,ok,0.71,gemini,False,True,,I need my card to come as soon as possible.
0.00062925,0.00062925,1374.0500219999813,0,1386.5861720000394,0.00069666,0.00069666,True,card_delivery_estimate,ok,0,2430.7416499999817,test-313,ok,banking,banking77,card_delivery_estimate,2037.8662100000074,0.85,"gemini,cascade",False,True,card_delivery_estimate,0.76,ok,False,366.8349710000912,False,card_arrival,ok,False,True,card_delivery_estimate,0.24687368363600393,ok,0.61,gemini,False,True,,I need my card as soon as possible.
0.0006345,0.0006345,3199.761288999929,0,3213.680677999975,6.7872e-05,6.7872e-05,True,automatic_top_up,ok,0,308.0613659999799,test-329,ok,banking,banking77,automatic_top_up,,,"gemini,cascade",True,True,automatic_top_up,1,ok,True,295.0865980000235,True,automatic_top_up,ok,False,True,automatic_top_up,0.24370617506387052,ok,1,jev,True,False,,"I'm going to be away for awhile, can I have it add money automatically in certain intervals?"
0.000609,0.000609,1432.5279289999744,0,1446.816998000024,0.001268994,0.001268994,True,card_arrival,ok,0,2477.519405000028,test-33,ok,banking,banking77,card_arrival,2089.3395350000355,0.95,"gemini,cascade",True,True,card_arrival,0.95,ok,False,363.26432200009003,True,card_arrival,ok,True,True,card_arrival,0.2527495723981117,ok,0.84,gemini,True,False,,I'm still waiting on my card to be delivered.
0.00062775,0.00062775,2206.6814770000055,0,2215.592066000012,6.7494e-05,6.7494e-05,True,automatic_top_up,ok,0,302.7683459999971,test-330,ok,banking,banking77,automatic_top_up,,,"cascade,gemini",True,True,automatic_top_up,1,ok,True,293.29942700001993,True,automatic_top_up,ok,True,True,automatic_top_up,0.7673541935532207,ok,1,jev,True,False,,"Where can I find the ""auto-top"" feature?"
0.0006255,0.0006255,1607.7178459998686,0,1618.9818659999873,6.7368e-05,6.7368e-05,True,automatic_top_up,ok,0,322.06964399991557,test-332,ok,banking,banking77,automatic_top_up,,,"cascade,gemini",True,True,automatic_top_up,1,ok,True,310.9150260000024,True,automatic_top_up,ok,True,True,automatic_top_up,0.916177482087543,ok,1,jev,True,False,,Is there an auto top-up option?
0.0042765,0.0042765,6086.042377999984,0,6099.508977999911,0.004013784,0.004013784,False,lost_or_stolen_card,ok,0,6401.1508929999545,test-333,ok,banking,banking77,automatic_top_up,6071.624018999981,0.82,"cascade,gemini",False,False,lost_or_stolen_card,0.82,ok,False,305.08858700003475,False,lost_or_stolen_card,ok,False,True,automatic_top_up,0.0860855723961114,ok,0.25,gemini,False,True,,where is theft-top option?
0.00064125,0.00064125,1230.7499329999555,0,1240.0077419999288,6.8166e-05,6.8166e-05,True,automatic_top_up,ok,0,346.32456300000194,test-349,ok,banking,banking77,automatic_top_up,,,"cascade,gemini",True,True,automatic_top_up,1,ok,True,335.0627139999997,True,automatic_top_up,ok,False,True,automatic_top_up,0.24034361684906547,ok,1,jev,True,False,,I've tried looking for the auto-top up option on your website and I can't seem to find it. Can you help me?
0.00064125,0.00064125,1821.5806270000758,0,1831.8199470000109,0.000709248,0.000709248,True,card_arrival,ok,0,1430.5314469999867,test-35,ok,banking,banking77,card_arrival,1102.0480029999744,0.98,"cascade,gemini",True,True,card_arrival,0.95,ok,False,306.06128600006923,True,card_arrival,ok,False,True,card_arrival,0.1897473411811587,ok,0.96,gemini,True,False,,I ordered a card and I still haven't received it. It's been two weeks. What can I do?
0.00060225,0.00060225,1801.9653790000011,0,1813.4074769999715,6.7368e-05,6.7368e-05,True,automatic_top_up,ok,0,293.2413280000328,test-350,ok,banking,banking77,automatic_top_up,,,"cascade,gemini",True,True,automatic_top_up,1,ok,True,280.88745799998287,True,automatic_top_up,ok,True,True,automatic_top_up,0.46474359859432557,ok,1,jev,True,False,,how do I top up my money automatically
0.0006315,0.0006315,2948.1469499999657,0,2963.27813900006,6.7536e-05,6.7536e-05,True,card_not_working,ok,0,370.796501000179,test-362,ok,banking,banking77,card_not_working,,,"cascade,gemini",True,True,card_not_working,0.95,ok,True,359.8321720000822,True,card_not_working,ok,False,True,card_not_working,0.06429776953520304,ok,1,jev,True,False,,My card appears to be broken how can I fix it?
0.00063525,0.00063525,1468.8628640000243,0,1478.4945640000515,6.7704e-05,6.7704e-05,False,declined_card_payment,ok,0,285.74818800005596,test-377,ok,banking,banking77,card_not_working,,,"gemini,cascade",True,False,declined_card_payment,0.98,ok,True,276.28492899995763,False,declined_card_payment,ok,False,False,declined_card_payment,0.12712518665587166,ok,1,jev,True,False,,My card was declined today when eating and I need to know what's wrong.
0.0006255,0.0006255,1454.4982770000352,0,1465.0443559999694,0.0016527,0.0016527,True,card_not_working,ok,0,2791.552498999983,test-382,ok,banking,banking77,card_not_working,2444.1233069999726,0.9,"cascade,gemini",False,True,card_not_working,0.85,ok,False,326.84372500004247,True,card_not_working,ok,False,True,card_not_working,0.16000753894219252,ok,0.92,gemini,False,True,,I broke my card
0.00063075,0.00063075,1515.2761319999117,0,1526.9053309999872,6.7452e-05,6.7452e-05,True,card_not_working,ok,0,427.09511799993925,test-390,ok,banking,banking77,card_not_working,,,"gemini,cascade",True,True,card_not_working,0.95,ok,True,410.84487899998203,True,card_not_working,ok,False,True,card_not_working,0.04738522621700479,ok,1,jev,True,False,,The card I've got seems to be broken.
0.0006045,0.0006045,1828.1258939999989,0,1837.5334230000008,6.7242e-05,6.7242e-05,True,card_not_working,ok,0,332.69492399999945,test-391,ok,banking,banking77,card_not_working,,,"gemini,cascade",True,True,card_not_working,0.95,ok,True,322.23832400000174,True,card_not_working,ok,True,True,card_not_working,0.5079566395281253,ok,1,jev,True,False,,My card isn't working
0.00063375,0.00063375,1593.2241570001934,0,1603.716894999845,0.000701412,0.000701412,True,card_not_working,ok,0,2459.897317999974,test-393,ok,banking,banking77,card_not_working,2108.569606000092,0.95,"gemini,cascade",True,True,card_not_working,0.95,ok,False,322.576774999965,True,card_not_working,ok,False,False,declined_card_payment,0.15428237088635308,ok,0.99,gemini,True,False,,I have tried to use my card several times and it does not work.
0.0006075,0.0006075,1858.1555550000048,0,1871.501952999999,0.000697494,0.000697494,True,exchange_via_app,ok,0,2193.6788970000052,test-409,ok,banking,banking77,exchange_via_app,1762.3835919999983,0.95,"cascade,gemini",True,True,exchange_via_app,0.95,ok,False,399.5769679999794,False,exchange_rate,ok,True,True,exchange_via_app,0.6684188595507624,ok,0.93,gemini,True,False,,How do I interconvert between AUD and GBP?
0.000627,0.000627,1597.0373360000085,0,1608.798654000042,0.0006944939999999999,0.0006944939999999999,False,card_acceptance,ok,0,1836.540605999995,test-416,ok,banking,banking77,exchange_via_app,1499.6633330000332,0.8,"cascade,gemini",False,False,card_acceptance,0.8,ok,False,317.0790149999084,False,country_support,ok,False,False,receiving_money,0.03916893490455956,ok,0.67,gemini,False,True,,How would I use my money in a different country?
0.00062925,0.00062925,1550.9568000000436,0,1560.8953789999941,0.00069666,0.00069666,True,exchange_via_app,ok,0,4606.623198999965,test-420,ok,banking,banking77,exchange_via_app,4253.237697000033,0.92,"cascade,gemini",False,True,exchange_via_app,0.85,ok,False,334.2826440000208,False,exchange_rate,ok,False,False,exchange_charge,0.221921509972805,ok,0.77,gemini,False,True,,What is the best way to exchange currency?
0.0006345,0.0006345,1572.5630769999698,0,1584.1696559998672,0.000698454,0.000698454,True,card_linking,ok,0,1761.3123939998914,test-43,ok,banking,banking77,card_linking,1370.2887840000913,0.8,"gemini,cascade",True,True,card_linking,0.95,ok,False,368.8059910000302,True,card_linking,ok,True,True,card_linking,0.38696565039415265,ok,0.98,gemini,False,True,,"I have received my card, can you help me put it in the app?"
0.00063075,0.00063075,2444.175897999987,0,2457.774697999994,6.7494e-05,6.7494e-05,True,exchange_via_app,ok,0,281.29667899999185,test-432,ok,banking,banking77,exchange_via_app,,,"cascade,gemini",True,True,exchange_via_app,0.98,ok,True,263.99926899999264,True,exchange_via_app,ok,True,True,exchange_via_app,0.5954566699402442,ok,1,jev,True,False,,Can I exchange between GBP and USD on the app?
0.000606,0.000606,2519.552234999952,0,2531.2921440000646,0.0006958680000000001,0.0006958680000000001,True,exchange_via_app,ok,0,1805.2684300000547,test-433,ok,banking,banking77,exchange_via_app,1469.3054860000266,0.95,"gemini,cascade",True,True,exchange_via_app,0.98,ok,False,306.97117600007914,True,exchange_via_app,ok,True,True,exchange_via_app,0.3639689430735273,ok,0.95,gemini,True,False,,Is there currency exchange on this app?
0.000606,0.000606,1418.503329000203,0,1430.2747470000759,0.0006733679999999999,0.0006733679999999999,True,exchange_via_app,ok,0,1856.5029959999956,test-438,ok,banking,banking77,exchange_via_app,1489.852034999989,0.85,"cascade,gemini",False,True,exchange_via_app,0.85,ok,False,343.41860299999826,True,exchange_via_app,ok,True,True,exchange_via_app,0.40821147532860663,ok,0.74,gemini,False,True,,Can I exchange currencies with my account?
0.00065175,0.00065175,1450.5795059999218,0,1464.0699449999956,6.8628e-05,6.8628e-05,True,lost_or_stolen_card,ok,0,337.3802040000446,test-440,ok,banking,banking77,lost_or_stolen_card,,,"cascade,gemini",True,True,lost_or_stolen_card,0.98,ok,True,326.96691399998963,True,lost_or_stolen_card,ok,False,False,topping_up_by_card,0.06457682977891352,ok,1,jev,True,False,,"My entire gym bag, including my wallet, was stolen out of my locker today. Everything in my wallet is gone - how do I block the card to make it can't be used?"
0.00063,0.00063,1427.8037470000563,0,1441.158306999947,6.762e-05,6.762e-05,True,lost_or_stolen_card,ok,0,383.93097999994643,test-441,ok,banking,banking77,lost_or_stolen_card,,,"gemini,cascade",True,True,lost_or_stolen_card,1,ok,True,371.24634199996945,True,lost_or_stolen_card,ok,False,True,lost_or_stolen_card,0.1926949992895177,ok,1,jev,True,False,,I can't find my card and think it may have been stolen.
0.0006105,0.0006105,1800.307558999979,0,1811.2426679999917,0.00070062,0.00070062,True,lost_or_stolen_card,ok,0,2202.190906999982,test-453,ok,banking,banking77,lost_or_stolen_card,1871.9761239999789,0.73,"cascade,gemini",False,True,lost_or_stolen_card,0.85,ok,False,312.05024499999126,False,verify_source_of_funds,ok,False,False,transaction_charged_twice,0.02969301817150798,ok,0.32,gemini,False,True,,Is a copy of the police report necessary for completing the report process?
0.000627,0.000627,1548.3288089999987,0,1559.3703370000003,6.7452e-05,6.7452e-05,True,lost_or_stolen_card,ok,0,312.747755999997,test-457,ok,banking,banking77,lost_or_stolen_card,,,"gemini,cascade",True,True,lost_or_stolen_card,1,ok,True,301.5555769999919,True,lost_or_stolen_card,ok,False,True,lost_or_stolen_card,0.1942203221631138,ok,1,jev,True,False,,Help!  I can't find my card.
0.00108525,0.00108525,1671.582669999916,0,1683.8509880001657,0.0006764939999999999,0.0006764939999999999,True,card_linking,ok,0,2063.0896089999005,test-46,ok,banking,banking77,card_linking,1632.9878119998612,0.95,"cascade,gemini",True,True,card_linking,0.95,ok,False,407.3026779999491,True,card_linking,ok,True,True,card_linking,0.503614694201528,ok,0.97,gemini,True,False,,How do I re-add a card to the app?
0.000624,0.000624,1753.4952020000055,0,1764.677302000011,0.000691326,0.000691326,True,lost_or_stolen_card,ok,0,4205.416931,test-460,ok,banking,banking77,lost_or_stolen_card,3873.909606999994,1,"cascade,gemini",True,True,lost_or_stolen_card,1,ok,False,303.2224470000074,True,lost_or_stolen_card,ok,True,True,lost_or_stolen_card,0.5786561745128056,ok,0.98,gemini,True,False,,I think my card was stolen.
0.0006285,0.0006285,2794.1242689999635,0,2805.3093489999883,0.0006733679999999999,0.0006733679999999999,True,lost_or_stolen_card,ok,0,2540.7915209999774,test-463,ok,banking,banking77,lost_or_stolen_card,2139.6494629999506,0.98,"gemini,cascade",True,True,lost_or_stolen_card,0.98,ok,False,374.33503099996597,True,lost_or_stolen_card,ok,False,True,lost_or_stolen_card,0.18619409122478267,ok,0.97,gemini,True,False,,How can I freeze a stolen card?
0.000627,0.000627,1514.7983519999834,0,1529.173421000014,0.000694284,0.000694284,True,lost_or_stolen_card,ok,0,1791.9473810000054,test-467,ok,banking,banking77,lost_or_stolen_card,1464.924446000019,0.98,"cascade,gemini",True,True,lost_or_stolen_card,0.98,ok,False,304.0330060000124,False,card_swallowed,ok,False,False,declined_card_payment,0.067371159956028,ok,0.75,gemini,True,False,,My card was taken from me
0.00062475,0.00062475,1405.0720600000059,0,1417.1641090000048,6.7368e-05,6.7368e-05,True,age_limit,ok,0,352.15299200001755,test-484,ok,banking,banking77,age_limit,,,"gemini,cascade",True,True,age_limit,1,ok,True,342.3346029999957,True,age_limit,ok,False,True,age_limit,0.21245165102864683,ok,1,jev,True,False,,How old do we have to be?
0.00062325,0.00062325,1515.7862520001363,0,1528.8504699999467,6.7284e-05,6.7284e-05,True,age_limit,ok,0,327.2915250000078,test-486,ok,banking,banking77,age_limit,,,"gemini,cascade",True,True,age_limit,1,ok,True,315.5214150000829,True,age_limit,ok,True,True,age_limit,0.2646151123469363,ok,1,jev,True,False,,Is there an age minimum?
0.00063075,0.00063075,1451.6963470000774,0,1464.624544999795,0.000698244,0.000698244,True,age_limit,ok,0,1874.1413739998825,test-496,ok,banking,banking77,age_limit,1537.7728499998339,0.98,"gemini,cascade",True,True,age_limit,0.98,ok,False,316.20889599993825,True,age_limit,ok,False,True,age_limit,0.24954332411863447,ok,0.98,gemini,True,False,,Can I open a bank account for my newborn baby?
0.00063075,0.00063075,1636.2079420000082,0,1647.3312319999968,6.7704e-05,6.7704e-05,True,age_limit,ok,0,353.1382830000075,test-499,ok,banking,banking77,age_limit,,,"gemini,cascade",True,True,age_limit,1,ok,True,342.8006629999727,True,age_limit,ok,True,True,age_limit,0.3865586292225633,ok,1,jev,True,False,,If my kids wanted to use your service how old would they have to be?
0.00062475,0.00062475,2724.220837000059,0,2736.3402060000226,6.7368e-05,6.7368e-05,True,card_linking,ok,0,308.56957599997986,test-50,ok,banking,banking77,card_linking,,,"gemini,cascade",True,True,card_linking,1,ok,True,297.5333569999784,True,card_linking,ok,True,True,card_linking,0.8005210566093722,ok,1,jev,True,False,,How do I link a new card?
0.000606,0.000606,1493.8694840000098,0,1506.9267339999933,6.7368e-05,6.7368e-05,True,age_limit,ok,0,333.5613139999914,test-504,ok,banking,banking77,age_limit,,,"gemini,cascade",True,True,age_limit,0.98,ok,True,319.51407600000675,True,age_limit,ok,False,True,age_limit,0.10220142948860599,ok,1,jev,True,False,,Can my children have their own account?
0.00062775,0.00062775,1377.945011000149,0,1389.7173810000531,6.7536e-05,6.7536e-05,True,age_limit,ok,0,449.65419499995187,test-517,ok,banking,banking77,age_limit,,,"gemini,cascade",True,True,age_limit,1,ok,True,436.5100660000462,True,age_limit,ok,True,True,age_limit,0.34560254766036597,ok,1,jev,True,False,,How young can someone be in order to open an account?
0.00063,0.00063,1426.707119999919,0,1438.0831389999948,6.7662e-05,6.7662e-05,True,age_limit,ok,0,385.03063900000416,test-519,ok,banking,banking77,age_limit,,,"gemini,cascade",True,True,age_limit,1,ok,True,373.8288710000925,True,age_limit,ok,True,True,age_limit,0.41665063491369597,ok,1,jev,True,False,,How old does one have to be to have an account with the bank?
0.00063525,0.00063525,1410.5066499999957,0,1422.952999000001,6.7956e-05,6.7956e-05,True,pin_blocked,ok,0,457.26424399999087,test-528,ok,banking,banking77,pin_blocked,,,"cascade,gemini",True,True,pin_blocked,1,ok,True,442.44079500000225,True,pin_blocked,ok,True,True,pin_blocked,0.8717528699087672,ok,1,jev,True,False,,"When I put the wrong pin too much, I got blocked, so can you help me unblock my pin"
0.00064425,0.00064425,1693.053628000198,0,1704.3164069999475,6.8544e-05,6.8544e-05,False,card_swallowed,ok,0,417.45690799993463,test-537,ok,banking,banking77,pin_blocked,,,"cascade,gemini",True,False,card_swallowed,1,ok,True,406.81360800005496,False,card_swallowed,ok,False,True,pin_blocked,0.06046305389123608,ok,1,jev,True,False,,"I attempted to use my card while I was intoxicated, and I failed to input my PIN, and the machine kept my card. How soon can I have it back?"
0.0006345,0.0006345,1408.5017699999735,0,1419.9968599999556,0.000679704,0.000679704,True,pin_blocked,ok,0,1934.0099569999147,test-541,ok,banking,banking77,pin_blocked,1634.0291519999737,0.98,"gemini,cascade",True,True,pin_blocked,0.98,ok,False,278.03313799994066,True,pin_blocked,ok,False,True,pin_blocked,0.2062156541753073,ok,0.99,gemini,True,False,,Help! I forgot my PIN and have been locked out of using my card.
0.00060075,0.00060075,1492.1844730000012,0,1502.5889329999918,0.000671784,0.000671784,True,pin_blocked,ok,0,1864.5715349999955,test-543,ok,banking,banking77,pin_blocked,1520.4443919999758,0.42,"cascade,gemini",False,True,pin_blocked,0.4,ok,False,325.0128539999714,True,pin_blocked,ok,False,False,cash_withdrawal_charge,0.05999386874648154,ok,0.45,gemini,False,True,,Why did I get blocked?
0.0006285,0.0006285,1359.2098449999467,0,1370.880502999993,6.7578e-05,6.7578e-05,True,pin_blocked,ok,0,359.83741099992767,test-547,ok,banking,banking77,pin_blocked,,,"gemini,cascade",True,True,pin_blocked,1,ok,True,349.375961999991,True,pin_blocked,ok,False,True,pin_blocked,0.14548697715155087,ok,1,jev,True,False,,"My pins seems to be blocked, can you unblock it please"
0.00063825,0.00063825,1885.3535120000015,0,1896.217681000002,0.000683664,0.000683664,False,activate_my_card,ok,0,2098.4864670000024,test-55,ok,banking,banking77,card_linking,1758.950002000005,0.95,"gemini,cascade",True,False,activate_my_card,0.95,ok,False,320.35490500000014,False,activate_my_card,ok,False,True,card_linking,0.1465079803727598,ok,0.95,gemini,True,False,,"Hello, I found the card I misplaced and I need to reactive it, how do I do that?"
0.00062925,0.00062925,1668.4004160000477,0,1680.2154650000157,6.762e-05,6.762e-05,True,pin_blocked,ok,0,303.52058599999873,test-557,ok,banking,banking77,pin_blocked,,,"gemini,cascade",True,True,pin_blocked,1,ok,True,287.2806279999786,True,pin_blocked,ok,True,True,pin_blocked,0.6319917831116778,ok,1,jev,True,False,,"Since my pin is blocked, would you help me unblock it?"
0.00062475,0.00062475,1805.2655900000245,0,1815.1179999999586,6.7368e-05,6.7368e-05,True,contactless_not_working,ok,0,415.88303799997084,test-561,ok,banking,banking77,contactless_not_working,,,"cascade,gemini",True,True,contactless_not_working,1,ok,True,405.7131980000413,True,contactless_not_working,ok,False,False,card_not_working,0.0947376611847128,ok,1,jev,True,False,,My contanctless has stopped working
0.00064425,0.00064425,2150.3770940001123,0,2167.017112000147,6.8418e-05,6.8418e-05,True,contactless_not_working,ok,0,319.71510600019246,test-563,ok,banking,banking77,contactless_not_working,,,"gemini,cascade",True,True,contactless_not_working,1,ok,True,307.05031600012444,True,contactless_not_working,ok,False,False,card_not_working,0.06852805278639716,ok,1,jev,True,False,,"I don't know what's wrong, my contactless stopped working. Tried it in a few different places today and it didn't work in any of them."
0.000627,0.000627,1501.7798639999237,0,1513.4648219998926,6.7536e-05,6.7536e-05,True,contactless_not_working,ok,0,378.3078909998294,test-567,ok,banking,banking77,contactless_not_working,,,"gemini,cascade",True,True,contactless_not_working,1,ok,True,370.8512309999205,True,contactless_not_working,ok,False,True,contactless_not_working,0.13464466743844566,ok,1,jev,True,False,,Do you know why my contactless won't work?
0.0006255,0.0006255,1483.50776399998,0,1496.2731529999292,6.7494e-05,6.7494e-05,True,contactless_not_working,ok,0,312.30069599999115,test-568,ok,banking,banking77,contactless_not_working,,,"gemini,cascade",True,True,contactless_not_working,1,ok,True,300.20227699994575,True,contactless_not_working,ok,False,True,contactless_not_working,0.14319252233826776,ok,1,jev,True,False,,My contactless payments have not been completed successfully.
0.00060525,0.00060525,2843.9658979999367,0,2856.923488000175,0.000699036,0.000699036,True,card_linking,ok,0,2083.5372179998085,test-57,ok,banking,banking77,card_linking,1733.0221159998327,0.85,"gemini,cascade",False,True,card_linking,0.9,ok,False,328.3920839999337,False,card_arrival,ok,True,True,card_linking,0.34256405875626783,ok,0.52,gemini,False,True,,How do I view the card I received in the app?
0.00083175,0.00083175,1674.021330999909,0,1684.0222000000067,6.8082e-05,6.8082e-05,True,contactless_not_working,ok,0,325.99653400015086,test-570,ok,banking,banking77,contactless_not_working,,,"gemini,cascade",True,True,contactless_not_working,1,ok,True,316.5167449999135,True,contactless_not_working,ok,False,True,contactless_not_working,0.05768977533876002,ok,1,jev,True,False,,For some reason my contactless has stopped working. I don't know what the problem is. What can I do?
0.0006255,0.0006255,1525.1957310000143,0,1537.1844699999783,6.7452e-05,6.7452e-05,True,contactless_not_working,ok,0,323.35554499999853,test-587,ok,banking,banking77,contactless_not_working,,,"cascade,gemini",True,True,contactless_not_working,1,ok,True,313.89736500001163,True,contactless_not_working,ok,False,True,contactless_not_working,0.12125723236678744,ok,1,jev,True,False,,The contactless I have won't work.
0.0006075,0.0006075,1677.3177980000037,0,1690.7742370000342,0.000697536,0.000697536,False,card_acceptance,ok,0,1905.353110999975,test-598,ok,banking,banking77,contactless_not_working,1540.563989999995,0.95,"gemini,cascade",True,False,card_acceptance,0.95,ok,False,340.3134929999942,False,card_acceptance,ok,False,True,contactless_not_working,0.11918014153798422,ok,0.71,gemini,True,False,,How can I find out where my contactless works?
0.000627,0.000627,1469.0611639999988,0,1481.3358239999943,6.7494e-05,6.7494e-05,True,card_linking,ok,0,296.40340700000525,test-60,ok,banking,banking77,card_linking,,,"gemini,cascade",True,True,card_linking,1,ok,True,285.8602180000016,True,card_linking,ok,True,True,card_linking,0.29175389690493125,ok,1,jev,True,False,,How do I link to my credit card with you?
0.000606,0.000606,1828.0403059999808,0,1838.7053150000283,0.000692118,0.000692118,False,transfer_into_account,ok,0,1926.220970000024,test-604,ok,banking,banking77,top_up_by_bank_transfer_charge,1633.3380919999909,0.8,"cascade,gemini",False,False,transfer_into_account,0.85,ok,False,272.2110189999803,False,transfer_into_account,ok,False,True,top_up_by_bank_transfer_charge,0.15936586488248053,ok,0.82,gemini,False,True,,Can I also transfer with SWIFT?
0.00062925,0.00062925,1538.131018999993,0,1549.3568579999846,0.00069666,0.00069666,False,receiving_money,ok,0,1938.2447479999973,test-613,ok,banking,banking77,top_up_by_bank_transfer_charge,1597.6908249999979,0.95,"gemini,cascade",False,False,receiving_money,0.85,ok,False,315.16693499998655,False,receiving_money,ok,False,True,top_up_by_bank_transfer_charge,0.07429479482636601,ok,0.92,gemini,True,False,,Will there be any charges for money received?
0.0006255,0.0006255,1514.6952119998168,0,1529.4619209999219,0.0006928679999999999,0.0006928679999999999,False,top_up_by_card_charge,ok,0,2057.2847100000363,test-618,ok,banking,banking77,top_up_by_bank_transfer_charge,1683.2032290000934,0.8,"cascade,gemini",False,False,top_up_by_card_charge,0.8,ok,False,350.3709820001386,False,top_up_by_card_charge,ok,True,False,top_up_by_card_charge,0.32315180601364407,ok,0.77,gemini,False,True,,What are the fees for top-ups?
0.00063075,0.00063075,2316.7006879999535,0,2330.5320170000196,0.0006757439999999999,0.0006757439999999999,False,transfer_fee_charged,ok,0,1867.1574619999155,test-623,ok,banking,banking77,top_up_by_bank_transfer_charge,1572.1873070000438,0.98,"cascade,gemini",True,False,transfer_fee_charged,0.98,ok,False,271.464568000054,False,transfer_fee_charged,ok,True,True,top_up_by_bank_transfer_charge,0.5930382211098416,ok,0.96,gemini,True,False,,How much is the fee for a SEPA transfer?
0.0006075,0.0006075,1408.5671510000248,0,1417.6866409999784,0.0006936599999999999,0.0006936599999999999,True,top_up_by_bank_transfer_charge,ok,0,2097.359577000141,test-631,ok,banking,banking77,top_up_by_bank_transfer_charge,1505.104813999962,1,"gemini,cascade",True,True,top_up_by_bank_transfer_charge,0.98,ok,False,571.633256000001,True,top_up_by_bank_transfer_charge,ok,True,False,transfer_fee_charged,0.30720827835657494,ok,0.99,gemini,True,False,,Is there a fee for transfer top-up?
0.00060975,0.00060975,2107.1663049999624,0,2120.5053949999856,0.001614828,0.001614828,False,receiving_money,ok,0,3946.992039999983,test-634,ok,banking,banking77,top_up_by_bank_transfer_charge,3528.6330130000133,0.95,"gemini,cascade",False,False,receiving_money,0.85,ok,False,388.6326489999774,False,receiving_money,ok,True,True,top_up_by_bank_transfer_charge,0.5434307973963785,ok,0.47,gemini,True,False,,Will I be charged a fee if I receive a SEPA transfer
0.00060375,0.00060375,1542.937510000018,0,1556.4677280000033,0.000697452,0.000697452,False,receiving_money,ok,0,2650.121093000009,test-637,ok,banking,banking77,top_up_by_bank_transfer_charge,2356.8204669999977,0.85,"cascade,gemini",False,False,receiving_money,0.8,ok,False,270.06628899999487,False,receiving_money,ok,False,True,top_up_by_bank_transfer_charge,0.05532594548007786,ok,0.88,gemini,False,True,,Do I get charged if i am getting money?
0.00065175,0.00065175,1395.2881909999996,0,1403.8242399999872,6.8754e-05,6.8754e-05,True,pending_top_up,ok,0,642.8465999998152,test-655,ok,banking,banking77,pending_top_up,,,"cascade,gemini",True,True,pending_top_up,1,ok,True,631.9596510000993,True,pending_top_up,ok,False,False,pending_card_payment,0.08160424297905773,ok,1,jev,True,False,,"What's going on with the top-up? All it says is pending, pending, pending! I use your service several times a week and have never had a problem before! What's going on here?"
0.00063975,0.00063975,1401.970670999959,0,1412.2890200000256,6.7956e-05,6.7956e-05,True,pending_top_up,ok,0,339.80374399991706,test-659,ok,banking,banking77,pending_top_up,,,"gemini,cascade",True,True,pending_top_up,0.98,ok,True,330.2254839998204,True,pending_top_up,ok,False,True,pending_top_up,0.11578373066491521,ok,1,jev,True,False,,"I topped up by card a while ago and it's still pending, surely it should be done by now?"
0.0006135,0.0006135,1550.081719000009,0,1560.9543670000276,0.001206204,0.001206204,True,pending_top_up,ok,0,2725.896497000009,test-662,ok,banking,banking77,pending_top_up,2296.202099999995,0.93,"cascade,gemini",False,True,pending_top_up,0.85,ok,False,402.4805590000469,False,top_up_failed,ok,False,True,pending_top_up,0.1122968122294967,ok,0.42,gemini,False,True,,So I just put my top-up into the card and it hasn't changed.
0.00064575,0.00064575,6232.040095000062,0,6244.173224000027,0.000718002,0.000718002,False,top_up_failed,ok,0,2176.662740000058,test-666,ok,banking,banking77,pending_top_up,1810.4998679999262,0.93,"cascade,gemini",False,False,top_up_failed,0.8,ok,False,344.4216430000961,False,top_up_failed,ok,False,False,top_up_failed,0.06550510966113934,ok,0.99,gemini,False,True,,"OMG!  I'm trying to load my card and it wont top up!  I desperately need the money either on my card or in my bank, where is it?"
0.000678,0.000678,1913.283552999841,0,1922.9825020001736,7.0014e-05,7.0014e-05,True,pending_top_up,ok,0,373.7179110001307,test-674,ok,banking,banking77,pending_top_up,,,"cascade,gemini",True,True,pending_top_up,0.98,ok,True,364.77836200012825,True,pending_top_up,ok,False,True,pending_top_up,0.1429681598944498,ok,1,jev,True,False,,"Hi. I'm a new customer to your system and I think something isn't working right - or maybe it is. Maybe you can confirm. I tried to top up today (my first time ever) and it's been stuck at ""pending"" for over an hour now. Is it supposed to do this or is there something wrong in the system?"
0.00065475,0.00065475,1668.8041700000176,0,1681.215419999964,6.8712e-05,6.8712e-05,True,pending_top_up,ok,0,309.5122959999717,test-678,ok,banking,banking77,pending_top_up,,,"gemini,cascade",True,True,pending_top_up,0.98,ok,True,297.6117470000172,True,pending_top_up,ok,False,True,pending_top_up,0.12469999646974018,ok,1,jev,True,False,,"The top-up has a definite problem! I regularly use your service and haven't had a problem before, but now the top-up just shows pending. Please tell my why it continues to show pending."
0.00063525,0.00063525,1790.1245399999898,0,1799.8957300000184,0.000680706,0.000680706,True,cancel_transfer,ok,0,1817.5246969999862,test-686,ok,banking,banking77,cancel_transfer,1445.947537,1,"gemini,cascade",True,True,cancel_transfer,1,ok,False,348.55173300000024,True,cancel_transfer,ok,True,True,cancel_transfer,0.7351845236954319,ok,0.98,gemini,True,False,,"I need to cancel my recent transfer immediately, I made a mistake there, please help quickly before it goes through"
0.0006255,0.0006255,1505.1464629999828,0,1517.5438109999523,6.741e-05,6.741e-05,True,cancel_transfer,ok,0,310.5365059999749,test-690,ok,banking,banking77,cancel_transfer,,,"cascade,gemini",True,True,cancel_transfer,1,ok,True,300.85594600008335,True,cancel_transfer,ok,True,True,cancel_transfer,0.648227833400405,ok,1,jev,True,False,,Is there any way to cancel a transfer?
0.00062475,0.00062475,3950.0724100000225,0,3963.2043090000516,6.7326e-05,6.7326e-05,True,cancel_transfer,ok,0,341.3577720000176,test-698,ok,banking,banking77,cancel_transfer,,,"gemini,cascade",True,True,cancel_transfer,1,ok,True,331.89620199997444,True,cancel_transfer,ok,True,True,cancel_transfer,0.8575012652459146,ok,1,jev,True,False,,I'd like to cancel a transfer
0.0006105,0.0006105,1899.8756919999141,0,1912.0202209998388,0.0008133299999999999,0.0008133299999999999,True,cancel_transfer,ok,0,2011.2955839999486,test-701,ok,banking,banking77,cancel_transfer,1625.891353999963,0.95,"cascade,gemini",False,True,cancel_transfer,0.9,ok,False,364.3225420000963,True,cancel_transfer,ok,False,True,cancel_transfer,0.08787683072259923,ok,0.74,gemini,True,False,,I made a mistake when I did a transfer so now what can I do to fix that?
0.0006285,0.0006285,1489.505534000229,0,1499.6743440001737,0.0006733679999999999,0.0006733679999999999,True,cancel_transfer,ok,0,1747.0171139999293,test-702,ok,banking,banking77,cancel_transfer,1379.7586119999178,0.85,"gemini,cascade",False,True,cancel_transfer,0.85,ok,False,346.4173530000262,True,cancel_transfer,ok,True,True,cancel_transfer,0.7390335128322395,ok,0.97,gemini,False,True,,I need to cancel an incorrect transaction.
0.00059925,0.00059925,1543.928218999994,0,1553.3820890000206,0.00068895,0.00068895,True,cancel_transfer,ok,0,2183.5893700000015,test-714,ok,banking,banking77,cancel_transfer,1827.1266279999982,1,"gemini,cascade",True,True,cancel_transfer,1,ok,False,324.0598850000533,True,cancel_transfer,ok,False,True,cancel_transfer,0.2487187957907638,ok,0.99,gemini,True,False,,Cancel my last transfer
0.00084525,0.00084525,1645.0520920000272,0,1659.5018600000185,0.001107786,0.001107786,True,cancel_transfer,ok,0,2053.400340000051,test-719,ok,banking,banking77,cancel_transfer,1712.8707279999508,0.85,"cascade,gemini",False,True,cancel_transfer,0.85,ok,False,314.6301959999837,True,cancel_transfer,ok,True,True,cancel_transfer,0.8753680785031379,ok,0.98,gemini,False,True,,Please help me!  I need to cancel a transaction.
0.00062325,0.00062325,4447.12015400012,0,4456.587743000127,6.7284e-05,6.7284e-05,True,top_up_limits,ok,0,772.1760100000538,test-727,ok,banking,banking77,top_up_limits,,,"gemini,cascade",True,True,top_up_limits,1,ok,True,761.3623999999836,True,top_up_limits,ok,True,True,top_up_limits,0.8049218021567953,ok,1,jev,True,False,,what is the top up limit
0.00060675,0.00060675,4583.490071000007,0,4597.443950000044,6.7578e-05,6.7578e-05,True,top_up_limits,ok,0,335.8922029999667,test-728,ok,banking,banking77,top_up_limits,,,"cascade,gemini",True,True,top_up_limits,1,ok,True,316.10723500000313,True,top_up_limits,ok,True,True,top_up_limits,0.5211252822902497,ok,1,jev,True,False,,I need to find out what is the limit for top-ups.
0.0006285,0.0006285,1880.7577830000082,0,1892.114731999929,6.7536e-05,6.7536e-05,True,top_up_limits,ok,0,283.5452970000915,test-731,ok,banking,banking77,top_up_limits,,,"cascade,gemini",True,True,top_up_limits,1,ok,True,273.9393680000212,True,top_up_limits,ok,True,True,top_up_limits,0.42165092868665616,ok,1,jev,True,False,,How can I tell what the limit is to top-ups?
0.0006315,0.0006315,1504.1940119999927,0,1517.471510999836,6.7746e-05,6.7746e-05,True,top_up_limits,ok,0,354.085522999987,test-733,ok,banking,banking77,top_up_limits,,,"cascade,gemini",True,True,top_up_limits,1,ok,True,344.45128399995156,True,top_up_limits,ok,False,True,top_up_limits,0.09039394960991066,ok,1,jev,True,False,,Is there any limit to the amount I can add to a card at a time?
0.00062475,0.00062475,1204.9819949999219,0,1217.1238740000408,6.7326e-05,6.7326e-05,True,top_up_limits,ok,0,298.58468700002413,test-747,ok,banking,banking77,top_up_limits,,,"gemini,cascade",True,True,top_up_limits,1,ok,True,284.81770799995866,True,top_up_limits,ok,True,True,top_up_limits,0.6740038982932807,ok,1,jev,True,False,,What's the top up limit?
0.0006285,0.0006285,1369.078302000009,0,1380.4373210000049,6.7536e-05,6.7536e-05,True,top_up_limits,ok,0,332.50814399999217,test-752,ok,banking,banking77,top_up_limits,,,"cascade,gemini",True,True,top_up_limits,1,ok,True,322.20857500002603,True,top_up_limits,ok,True,True,top_up_limits,0.6000955596057826,ok,1,jev,True,False,,Is there a limit to how high I can top-up?
0.00063525,0.00063525,1816.4648880000022,0,1831.1250269999873,6.7746e-05,6.7746e-05,True,wrong_amount_of_cash_received,ok,0,355.8414530000009,test-776,ok,banking,banking77,wrong_amount_of_cash_received,,,"gemini,cascade",True,True,wrong_amount_of_cash_received,0.98,ok,True,345.99869300000137,True,wrong_amount_of_cash_received,ok,True,True,wrong_amount_of_cash_received,0.4628468048803789,ok,1,jev,True,False,,Why did I only get $20 when I tried to get $100
0.00063375,0.00063375,1558.4280000000726,0,1568.6300089999568,6.7662e-05,6.7662e-05,True,wrong_amount_of_cash_received,ok,0,327.9696549999062,test-779,ok,banking,banking77,wrong_amount_of_cash_received,,,"cascade,gemini",True,True,wrong_amount_of_cash_received,0.98,ok,True,318.50934499991126,True,wrong_amount_of_cash_received,ok,True,True,wrong_amount_of_cash_received,0.3273389242498478,ok,1,jev,True,False,,I tried to get $100 but I just got $20
0.0006285,0.0006285,1636.2712610000017,0,1646.3057310000004,0.0006958680000000001,0.0006958680000000001,True,card_linking,ok,0,2040.764572,test-78,ok,banking,banking77,card_linking,1715.3153680000105,0.98,"gemini,cascade",True,True,card_linking,0.96,ok,False,306.446226,True,card_linking,ok,True,True,card_linking,0.4050290359113104,ok,0.98,gemini,True,False,,How do I link my replacement card?
0.00063,0.00063,1807.0726499999873,0,1819.2461500000209,6.7662e-05,6.7662e-05,True,wrong_amount_of_cash_received,ok,0,429.4425260000862,test-781,ok,banking,banking77,wrong_amount_of_cash_received,,,"cascade,gemini",True,True,wrong_amount_of_cash_received,1,ok,True,417.48607699992135,True,wrong_amount_of_cash_received,ok,True,True,wrong_amount_of_cash_received,0.9009519922173028,ok,1,jev,True,False,,I asked for $100 cash but only got $20?
0.00063075,0.00063075,4462.815153000061,0,4475.625591999968,6.7452e-05,6.7452e-05,True,wrong_amount_of_cash_received,ok,0,272.7929390000645,test-787,ok,banking,banking77,wrong_amount_of_cash_received,,,"gemini,cascade",True,True,wrong_amount_of_cash_received,0.95,ok,True,261.147668999969,True,wrong_amount_of_cash_received,ok,True,True,wrong_amount_of_cash_received,0.7638382194827169,ok,1,jev,True,False,,I didn't receive the right amount of cash back
0.0006255,0.0006255,1859.2784259999971,0,1870.4186850000042,6.741e-05,6.741e-05,True,wrong_amount_of_cash_received,ok,0,421.9641469999988,test-788,ok,banking,banking77,wrong_amount_of_cash_received,,,"gemini,cascade",True,True,wrong_amount_of_cash_received,1,ok,True,412.1598989999984,True,wrong_amount_of_cash_received,ok,True,True,wrong_amount_of_cash_received,0.8080835846184012,ok,1,jev,True,False,,The ATM gave me less cash than I requested
0.00063075,0.00063075,1438.9547480000183,0,1451.6017579999752,0.000698244,0.000698244,True,wrong_amount_of_cash_received,ok,0,1917.0001400001347,test-796,ok,banking,banking77,wrong_amount_of_cash_received,1541.9864389998838,0.95,"gemini,cascade",True,True,wrong_amount_of_cash_received,0.95,ok,False,356.8963119999971,True,wrong_amount_of_cash_received,ok,True,True,wrong_amount_of_cash_received,0.4341895091359267,ok,0.99,gemini,True,False,,Why did I get less money than I asked for?
0.000624,0.000624,1855.3286450000014,0,1867.522404000163,6.7326e-05,6.7326e-05,True,exchange_rate,ok,0,450.5963749999646,test-81,ok,banking,banking77,exchange_rate,,,"cascade,gemini",True,True,exchange_rate,1,ok,True,442.4959750000853,True,exchange_rate,ok,True,True,exchange_rate,0.5952557665039949,ok,1,jev,True,False,,What exchange rates do you offer?
0.00063375,0.00063375,5440.897716999985,0,5453.444525999948,0.000697662,0.000697662,True,card_payment_fee_charged,ok,0,1906.3931609999854,test-815,ok,banking,banking77,card_payment_fee_charged,1525.4300509998575,0.8,"cascade,gemini",False,True,card_payment_fee_charged,0.65,ok,False,357.65532199991867,True,card_payment_fee_charged,ok,False,True,card_payment_fee_charged,0.1779996107139699,ok,0.55,gemini,False,True,,Why did I have to pay more when I do it with my card?
0.00060675,0.00060675,1480.8155350000598,0,1492.6620839999523,6.741e-05,6.741e-05,True,card_payment_fee_charged,ok,0,428.7436970002018,test-818,ok,banking,banking77,card_payment_fee_charged,,,"cascade,gemini",True,True,card_payment_fee_charged,0.98,ok,True,419.00131700001657,True,card_payment_fee_charged,ok,True,True,card_payment_fee_charged,0.2611838842658602,ok,1,jev,True,False,,What is the fee on my card payment?
0.00064575,0.00064575,1444.9709169999987,0,1458.8495760000078,0.0007140419999999999,0.0007140419999999999,True,card_payment_fee_charged,ok,0,2598.996226999996,test-821,ok,banking,banking77,card_payment_fee_charged,2197.1006979999947,0.85,"cascade,gemini",False,True,card_payment_fee_charged,0.85,ok,False,382.5581300000049,True,card_payment_fee_charged,ok,False,True,card_payment_fee_charged,0.06003664082640673,ok,0.84,gemini,False,True,,"Can I check somewhere if there will be a fee on my payment or not? Seems you are charging in some cases, what's the pattern there?"
0.0027315,0.0027315,5285.439490000019,0,5305.905558999977,0.001981536,0.001981536,True,card_payment_fee_charged,ok,0,3257.2188750000205,test-824,ok,banking,banking77,card_payment_fee_charged,2903.167763000005,0.85,"cascade,gemini",False,True,card_payment_fee_charged,0.8,ok,False,329.7746839999454,False,extra_charge_on_statement,ok,False,True,card_payment_fee_charged,0.07559862075657141,ok,0.68,gemini,False,True,,So what items  actually come  with  extra  fees
0.00060825,0.00060825,1584.3610959999496,0,1598.2391349999234,0.000698244,0.000698244,True,card_payment_fee_charged,ok,0,1744.4392929999158,test-826,ok,banking,banking77,card_payment_fee_charged,1434.0461660000728,0.95,"cascade,gemini",True,True,card_payment_fee_charged,0.95,ok,False,282.4999689999968,True,card_payment_fee_charged,ok,True,True,card_payment_fee_charged,0.32189365369357914,ok,0.98,gemini,True,False,,Is there a fee when you pay with your card?
0.00062925,0.00062925,1419.064541000058,0,1432.0708500000183,6.741e-05,6.741e-05,True,exchange_rate,ok,0,356.49769199988805,test-83,ok,banking,banking77,exchange_rate,,,"cascade,gemini",True,True,exchange_rate,0.98,ok,True,344.1777739999816,True,exchange_rate,ok,True,True,exchange_rate,0.7625805183306653,ok,1,jev,True,False,,Where do you guys acquire your exchange rate?
0.00062475,0.00062475,1600.7726539999712,0,1612.0943429999752,0.0006958680000000001,0.0006958680000000001,True,card_payment_fee_charged,ok,0,3295.2524520000443,test-832,ok,banking,banking77,card_payment_fee_charged,2958.8569669999415,0.95,"gemini,cascade",False,True,card_payment_fee_charged,0.9,ok,False,316.415634999983,True,card_payment_fee_charged,ok,False,True,card_payment_fee_charged,0.16041888769528254,ok,0.95,gemini,True,False,,What fees apply when using a card?
0.0006255,0.0006255,4737.662850999972,0,4749.373141000047,6.741e-05,6.741e-05,True,card_payment_fee_charged,ok,0,285.0862780000316,test-836,ok,banking,banking77,card_payment_fee_charged,,,"cascade,gemini",True,True,card_payment_fee_charged,1,ok,True,274.6610380000202,True,card_payment_fee_charged,ok,False,True,card_payment_fee_charged,0.22717034387168994,ok,1,jev,True,False,,Why do you charge fees on card payments?
0.00062925,0.00062925,2051.1431390000507,0,2060.1687480000546,0.00069666,0.00069666,True,transfer_not_received_by_recipient,ok,0,1909.649790000054,test-850,ok,banking,banking77,transfer_not_received_by_recipient,1610.2552629999118,0.95,"cascade,gemini",True,True,transfer_not_received_by_recipient,0.95,ok,False,279.5757980000926,True,transfer_not_received_by_recipient,ok,True,True,transfer_not_received_by_recipient,0.3608139871359916,ok,0.99,gemini,True,False,,I transferred some money and it didint arrive
0.00063525,0.00063525,2145.67360200001,0,2156.8510319999914,6.7704e-05,6.7704e-05,True,transfer_not_received_by_recipient,ok,0,291.9360980000056,test-853,ok,banking,banking77,transfer_not_received_by_recipient,,,"cascade,gemini",True,True,transfer_not_received_by_recipient,0.98,ok,True,280.2217479999963,True,transfer_not_received_by_recipient,ok,True,True,transfer_not_received_by_recipient,0.3626178416476828,ok,1,jev,True,False,,"I just finished sending money, but it's not logging on the recipient side."
0.00063075,0.00063075,1662.3902290000115,0,1673.558698000037,6.7494e-05,6.7494e-05,True,transfer_not_received_by_recipient,ok,0,303.6341259999899,test-855,ok,banking,banking77,transfer_not_received_by_recipient,,,"gemini,cascade",True,True,transfer_not_received_by_recipient,0.98,ok,True,293.8169169999892,True,transfer_not_received_by_recipient,ok,False,True,transfer_not_received_by_recipient,0.13317086394935998,ok,1,jev,True,False,,The receipient doesn't see my money transfer.
0.2544795,0,538.1383790001273,1,550.3665769998915,0.000725088,0.000725088,True,transfer_not_received_by_recipient,ok,0,2283.9054509999696,test-861,ok,banking,banking77,transfer_not_received_by_recipient,1835.733445999911,0.85,"gemini,cascade",False,False,,,error,False,426.4159969999455,False,pending_transfer,ok,True,True,transfer_not_received_by_recipient,0.31695679013821226,ok,0.72,gemini,False,True,,"The day before yesterday, I performed a transfer which was within this country. It still hasn't gone through. Can you check on that? The account number is definitely correct, as I've checked and double checked."
0.0006345,0.0006345,3460.702000999998,0,3471.500800000038,0.001887204,0.001887204,False,pending_transfer,ok,0,2890.581435,test-867,ok,banking,banking77,transfer_not_received_by_recipient,2575.3241600000183,0.65,"cascade,gemini",False,False,pending_transfer,0.55,ok,False,295.19582699995954,False,transfer_timing,ok,False,False,pending_card_payment,0.08822124500592124,ok,0.54,gemini,False,True,,I made a transaction and it is taking a very long time to go through.
0.00063,0.00063,1445.4871480001602,0,1456.301856999984,0.0006749519999999999,0.0006749519999999999,False,pending_transfer,ok,0,1785.4343319998588,test-878,ok,banking,banking77,transfer_not_received_by_recipient,1501.8350430000573,0.55,"cascade,gemini",False,False,pending_transfer,0.55,ok,False,261.98039000015706,False,pending_transfer,ok,False,True,transfer_not_received_by_recipient,0.14993193499351726,ok,0.69,gemini,False,True,,I am still awaiting the completion of the transaction.
0.00062775,0.00062775,1364.45950300002,0,1376.0346920000156,0.0006765359999999999,0.0006765359999999999,True,transfer_not_received_by_recipient,ok,0,1999.709944000002,test-879,ok,banking,banking77,transfer_not_received_by_recipient,1687.734637000016,0.85,"gemini,cascade",False,True,transfer_not_received_by_recipient,0.8,ok,False,292.8416380000417,True,transfer_not_received_by_recipient,ok,False,True,transfer_not_received_by_recipient,0.22919761106383837,ok,0.42,gemini,False,True,,I transferred some money but the recipient is having trouble withdrawing.
0.00059775,0.00059775,1390.9339120000368,0,1404.0284120000433,0.000699036,0.000699036,True,supported_cards_and_currencies,ok,0,2098.484034999972,test-890,ok,banking,banking77,supported_cards_and_currencies,1749.6830920000793,0.95,"gemini,cascade",True,True,supported_cards_and_currencies,0.95,ok,False,327.21769499999937,False,topping_up_by_card,ok,True,True,supported_cards_and_currencies,0.8211983382134325,ok,0.84,gemini,True,False,,Can I use American Express to add money into my account?
0.00060525,0.00060525,1510.3079319999088,0,1521.4652909999713,0.000691326,0.000691326,False,fiat_currency_support,ok,0,2342.8614689998794,test-901,ok,banking,banking77,supported_cards_and_currencies,1883.6044349998701,0.8,"gemini,cascade",True,False,fiat_currency_support,0.95,ok,False,435.4603059999645,True,supported_cards_and_currencies,ok,False,True,supported_cards_and_currencies,0.10577832632443034,ok,0.55,gemini,False,True,,Which forms of currency are accepted?
0.000627,0.000627,1957.4496679999866,0,1970.1005359999835,0.000694284,0.000694284,True,supported_cards_and_currencies,ok,0,2259.6838950000238,test-902,ok,banking,banking77,supported_cards_and_currencies,1904.6700029999483,0.88,"cascade,gemini",False,True,supported_cards_and_currencies,0.88,ok,False,337.5827140000183,False,card_acceptance,ok,True,True,supported_cards_and_currencies,0.36060368885631394,ok,0.85,gemini,False,True,,Are US credit cards accepted?
0.000633,0.000633,1838.3359270000365,0,1848.549464999931,0.00070062,0.00070062,True,supported_cards_and_currencies,ok,0,1731.0388569999486,test-909,ok,banking,banking77,supported_cards_and_currencies,1378.5806529999245,0.88,"gemini,cascade",False,True,supported_cards_and_currencies,0.88,ok,False,332.0193140001502,True,supported_cards_and_currencies,ok,False,True,supported_cards_and_currencies,0.1263453801425987,ok,0.4,gemini,False,True,,I just have one other card from the US. Is that okay?
0.00063,0.00063,1590.0644949999405,0,1604.008564000018,0.000697452,0.000697452,True,supported_cards_and_currencies,ok,0,2039.8032009999733,test-911,ok,banking,banking77,supported_cards_and_currencies,1710.6886470000027,0.95,"cascade,gemini",True,True,supported_cards_and_currencies,0.95,ok,False,304.4748959999997,True,supported_cards_and_currencies,ok,True,True,supported_cards_and_currencies,0.36814062947675963,ok,0.76,gemini,True,False,,What cards to do you support to top up.
0.00062925,0.00062925,2083.9986380001064,0,2095.375176999951,0.00069666,0.00069666,False,fiat_currency_support,ok,0,2025.9354929998517,test-912,ok,banking,banking77,supported_cards_and_currencies,1595.547246000031,0.95,"gemini,cascade",True,False,fiat_currency_support,0.95,ok,False,409.6119480000343,False,fiat_currency_support,ok,True,True,supported_cards_and_currencies,0.27125757521352306,ok,0.86,gemini,True,False,,Do you accept other currencies besides US Dollars?
0.00062775,0.00062775,1502.1505919999909,0,1513.8247909999918,6.7326e-05,6.7326e-05,True,supported_cards_and_currencies,ok,0,325.816664999933,test-915,ok,banking,banking77,supported_cards_and_currencies,,,"cascade,gemini",True,True,supported_cards_and_currencies,0.98,ok,True,313.53322599991225,True,supported_cards_and_currencies,ok,False,True,supported_cards_and_currencies,0.2475235243551467,ok,1,jev,True,False,,What cards and currencies will suffice?
0.0006345,0.0006345,1708.5802580001764,0,1717.9803870001342,0.000702162,0.000702162,True,getting_virtual_card,ok,0,2282.514372000005,test-924,ok,banking,banking77,getting_virtual_card,1978.28088700003,0.98,"cascade,gemini",True,True,getting_virtual_card,0.98,ok,False,283.37207699986175,True,getting_virtual_card,ok,True,False,order_physical_card,0.2615921690436478,ok,0.99,gemini,True,False,,If I don't want a physical card can i get a virtual version?
0.00062775,0.00062775,1758.3489319999935,0,1776.133080999949,0.000672786,0.000672786,True,getting_virtual_card,ok,0,1504.943843999994,test-933,ok,banking,banking77,getting_virtual_card,1189.5778970000101,1,"gemini,cascade",True,True,getting_virtual_card,1,ok,False,292.5495370000135,True,getting_virtual_card,ok,True,True,getting_virtual_card,0.45524920916311973,ok,0.98,gemini,True,False,,Can you tell me where I can order a virtual card?
0.00063,0.00063,1449.518425999966,0,1460.2856850000098,6.7452e-05,6.7452e-05,True,exchange_rate,ok,0,309.84208599996055,test-94,ok,banking,banking77,exchange_rate,,,"cascade,gemini",True,True,exchange_rate,0.95,ok,True,298.68391700001666,True,exchange_rate,ok,True,True,exchange_rate,0.44559352803256114,ok,1,jev,True,False,,What is the exchange rate like on this app?
0.0006285,0.0006285,1488.80666500004,0,1497.4904549999628,0.000692118,0.000692118,True,getting_virtual_card,ok,0,2009.9975040000863,test-940,ok,banking,banking77,getting_virtual_card,1683.243788999971,1,"gemini,cascade",True,True,getting_virtual_card,0.98,ok,False,307.1237160000019,True,getting_virtual_card,ok,True,True,getting_virtual_card,0.5707768582634998,ok,0.99,gemini,True,False,,Where do I obtain my virtual card?
0.00064125,0.00064125,1581.500515999971,0,1595.099853999971,0.00070929,0.00070929,True,getting_virtual_card,ok,0,2058.1790880000335,test-949,ok,banking,banking77,getting_virtual_card,1691.3301870000432,0.95,"gemini,cascade",False,True,getting_virtual_card,0.93,ok,False,342.64021300000604,True,getting_virtual_card,ok,False,True,getting_virtual_card,0.13597093986179803,ok,0.81,gemini,True,False,,"I thought I was going to get a virtual card but I haven't received it yet, how can we resolve this?"
0.00062775,0.00062775,1623.9560420000926,0,1638.1069819999393,0.0006688260000000001,0.0006688260000000001,True,getting_virtual_card,ok,0,1924.6042420000304,test-951,ok,banking,banking77,getting_virtual_card,1585.6503870000597,1,"cascade,gemini",True,True,getting_virtual_card,0.98,ok,False,314.5403750000987,True,getting_virtual_card,ok,True,True,getting_virtual_card,0.8092520473756138,ok,0.98,gemini,True,False,,Can I order a virtual card?
0.0006285,0.0006285,1448.8110769999912,0,1463.9029459999874,0.0006958680000000001,0.0006958680000000001,True,getting_virtual_card,ok,0,2031.5093580000103,test-955,ok,banking,banking77,getting_virtual_card,1673.3100470000063,0.95,"gemini,cascade",True,True,getting_virtual_card,0.95,ok,False,332.54270400002133,False,card_delivery_estimate,ok,True,True,getting_virtual_card,0.4094545779777839,ok,0.5,gemini,True,False,,When should I receive my virtual card?
0.000609,0.000609,1366.903583999956,0,1379.5994829999981,0.0006765359999999999,0.0006765359999999999,True,card_acceptance,ok,0,1729.9724350000033,test-962,ok,banking,banking77,card_acceptance,1429.4538889999967,0.95,"cascade,gemini",True,True,card_acceptance,0.95,ok,False,277.0646290000295,True,card_acceptance,ok,False,True,card_acceptance,0.06795457543506446,ok,0.74,gemini,True,False,,Can I use my card for payment all over the world?
0.00081975,0.00081975,1569.6294280001894,0,1582.9708279999904,0.0006958680000000001,0.0006958680000000001,True,card_acceptance,ok,0,2432.904942000052,test-967,ok,banking,banking77,card_acceptance,2116.784905999899,0.98,"gemini,cascade",True,True,card_acceptance,0.98,ok,False,287.7220570000354,True,card_acceptance,ok,False,False,card_not_working,0.0623100247200894,ok,0.97,gemini,True,False,,What stores can I sue my card?
0.00063,0.00063,2416.6582019999623,0,2426.5771520000417,0.000671202,0.000671202,True,card_acceptance,ok,0,1894.0444229999557,test-969,ok,banking,banking77,card_acceptance,1504.6088529999834,1,"gemini,cascade",True,True,card_acceptance,0.98,ok,False,367.9279219999444,True,card_acceptance,ok,False,True,card_acceptance,0.09341343860102563,ok,0.99,gemini,True,False,,Is there anywhere my card will not be accepted?
0.0006075,0.0006075,1514.28449,0,1527.2904600000002,6.7452e-05,6.7452e-05,True,exchange_rate,ok,0,275.348727999999,test-97,ok,banking,banking77,exchange_rate,,,"gemini,cascade",True,True,exchange_rate,0.95,ok,True,263.2147299999997,True,exchange_rate,ok,True,True,exchange_rate,0.5305391917869619,ok,1,jev,True,False,,Will I get a curreng foreign exchange rate?
0.00060075,0.00060075,1846.7678360000718,0,1857.9407359999605,0.000694284,0.000694284,True,card_acceptance,ok,0,1995.5650649999734,test-978,ok,banking,banking77,card_acceptance,1591.9577760000248,0.98,"cascade,gemini",True,True,card_acceptance,1,ok,False,382.2365900001023,True,card_acceptance,ok,True,True,card_acceptance,0.2560139238147048,ok,0.99,gemini,True,False,,Which outlets accept my card?
0.000612,0.000612,2367.8076449999935,0,2378.7560439999797,0.000702204,0.000702204,True,card_acceptance,ok,0,1919.2875609999755,test-979,ok,banking,banking77,card_acceptance,1571.5487669999711,0.95,"cascade,gemini",True,True,card_acceptance,0.95,ok,False,328.58613499999046,True,card_acceptance,ok,False,False,card_not_working,0.07950563752270363,ok,0.69,gemini,True,False,,"I am traveling to Germany, Will I be able to use my card there?"
0.0006255,0.0006255,2111.865846999921,0,2122.9910950001795,6.741e-05,6.741e-05,True,exchange_rate,ok,0,283.5526580000296,test-99,ok,banking,banking77,exchange_rate,,,"cascade,gemini",True,True,exchange_rate,1,ok,True,273.9399980001617,True,exchange_rate,ok,True,True,exchange_rate,0.7259074098951973,ok,1,jev,True,False,,Where do you get your exchange rates from?
0.00062925,0.00062925,1592.7333060000092,0,1605.7749549999135,0.0006741599999999999,0.0006741599999999999,True,card_acceptance,ok,0,2343.14214599994,test-991,ok,banking,banking77,card_acceptance,1985.4308350000065,0.95,"gemini,cascade",True,True,card_acceptance,0.95,ok,False,335.6834830000298,True,card_acceptance,ok,False,False,card_not_working,0.06932827249926275,ok,0.88,gemini,True,False,,Can I make online purchases with my card?
